Date,PRIO3,PETR4,CVX,BRENT
2021-09-27,23.072940826416016,8.026126861572266,84.2665023803711,79.52999877929688
2021-09-28,21.894832611083984,7.972894668579102,84.58566284179688,79.08999633789062
2021-09-29,22.813358306884766,8.100057601928711,84.56110382080078,78.63999938964844
2021-09-30,24.979877471923828,8.052741050720215,83.02259063720703,78.5199966430664
2021-10-01,26.3077449798584,8.280452728271484,85.37944793701172,79.27999877929688
2021-10-04,26.01820945739746,8.514081001281738,85.69861602783203,81.26000213623047
2021-10-05,26.15798568725586,8.700392723083496,86.63154602050781,82.55999755859375
2021-10-06,26.207904815673828,8.469722747802734,85.87049865722656,81.08000183105469
2021-10-07,26.657184600830078,8.457893371582031,86.4842529296875,81.94999694824219
2021-10-08,26.97667121887207,8.611673355102539,88.42377471923828,82.38999938964844
2021-10-11,27.745437622070312,8.670818328857422,87.67083740234375,83.6500015258789
2021-10-13,26.906784057617188,8.762495040893555,88.21096801757812,83.18000030517578
2021-10-14,28.1048583984375,8.77728271484375,89.04570770263672,84.0
2021-10-15,27.69551658630371,8.753623008728027,89.70037841796875,84.86000061035156
2021-10-18,27.116445541381836,8.70926570892334,89.65949249267578,84.33000183105469
2021-10-19,26.72707176208496,8.283411979675293,91.41077423095703,85.08000183105469
2021-10-20,26.816926956176758,8.428318977355957,92.6055908203125,85.81999969482422
2021-10-21,26.24784278869629,8.117802619934082,91.44349670410156,84.61000061035156
2021-10-22,26.437536239624023,8.037956237792969,92.31096649169922,85.52999877929688
2021-10-25,27.37602996826172,8.58801555633545,93.17025756835938,85.98999786376953
2021-10-26,27.106462478637695,8.505209922790527,93.37484741210938,86.4000015258789
2021-10-27,25.309349060058594,8.484509468078613,91.71358489990234,84.58000183105469
2021-10-28,23.472299575805664,8.564356803894043,92.57283782958984,84.31999969482422
2021-10-29,23.432363510131836,8.029085159301758,93.6939926147461,84.37999725341797
2021-11-01,23.36247444152832,8.280452728271484,93.72672271728516,84.70999908447266
2021-11-03,23.76183319091797,7.94036340713501,92.48284912109375,81.98999786376953
2021-11-04,23.35249137878418,7.688994407653809,92.89199829101562,80.54000091552734
2021-11-05,27.525789260864258,7.644634246826172,93.8985824584961,82.73999786376953
2021-11-08,27.715484619140625,7.724480628967285,94.234130859375,83.43000030517578
2021-11-09,26.457504272460938,7.878261089324951,94.92971801757812,84.77999877929688
2021-11-10,25.66876983642578,7.816158771514893,93.4157485961914,82.63999938964844
2021-11-11,25.628835678100586,7.822072505950928,93.42394256591797,82.87000274658203
2021-11-12,24.32093620300293,7.9817681312561035,93.48120880126953,82.16999816894531
2021-11-16,23.472299575805664,8.064571380615234,95.97721862792969,82.43000030517578
2021-11-17,23.023019790649414,7.860515594482422,95.54676818847656,80.27999877929688
2021-11-18,22.004657745361328,7.848689079284668,94.74376678466797,81.23999786376953
2021-11-19,21.425586700439453,7.718567848205566,92.64111328125,78.88999938964844
2021-11-22,21.49547576904297,7.795456409454346,94.29676055908203,79.69999694824219
2021-11-23,22.63364601135254,8.221308708190918,96.27523803710938,82.30999755859375
2021-11-24,21.86488151550293,8.389874458312988,97.01200103759766,82.25
2021-11-26,20.117687225341797,8.41944694519043,94.79344177246094,72.72000122070312
2021-11-29,20.806581497192383,8.715178489685059,95.07489776611328,73.44000244140625
2021-11-30,20.257463455200195,8.703350067138672,93.43582916259766,70.56999969482422
2021-12-01,20.277429580688477,8.753623008728027,92.79840087890625,68.87000274658203
2021-12-02,20.926387786865234,9.421529769897461,95.31497192382812,69.66999816894531
2021-12-03,21.175987243652344,9.554415702819824,94.71064758300781,69.87999725341797
2021-12-06,21.575345993041992,9.597604751586914,96.19245910644531,73.08000183105469
2021-12-07,21.894832611083984,9.753743171691895,97.6163101196289,75.44000244140625
2021-12-08,20.936370849609375,9.750420570373535,98.05503845214844,75.81999969482422
2021-12-09,20.706741333007812,9.730490684509277,97.79842376708984,74.41999816894531
2021-12-10,20.666805267333984,9.850085258483887,97.96398162841797,75.1500015258789
2021-12-13,20.357301712036133,9.79028606414795,95.92754364013672,74.38999938964844
2021-12-14,19.66840934753418,9.674012184143066,96.20901489257812,73.69999694824219
2021-12-15,19.868087768554688,9.733811378479004,95.66265869140625,73.87999725341797
2021-12-16,19.987895965576172,9.863373756408691,96.55669403076172,75.0199966430664
2021-12-17,20.267446517944336,9.630824089050293,94.04011535644531,73.5199966430664
2021-12-20,19.079355239868164,9.355088233947754,94.08152770996094,71.5199966430664
2021-12-21,19.598520278930664,9.368376731872559,95.58814239501953,73.9800033569336
2021-12-22,19.838136672973633,9.355088233947754,96.13451385498047,75.29000091552734
2021-12-23,19.66840934753418,9.411563873291016,96.3663101196289,76.8499984741211
2021-12-27,20.626869201660156,9.551095008850098,98.33650207519531,78.5999984741211
2021-12-28,20.017847061157227,9.561060905456543,98.14610290527344,78.94000244140625
2021-12-29,20.017847061157227,9.481329917907715,97.64112091064453,79.2300033569336
2021-12-30,20.63685417175293,9.451428413391113,97.21068572998047,79.31999969482422
2022-01-03,20.257463455200195,9.664045333862305,98.7255859375,78.9800033569336
2022-01-04,20.6867733001709,9.700590133666992,100.52194213867188,80.0
2022-01-05,18.460350036621094,9.325190544128418,101.1759262084961,80.80000305175781
2022-01-06,18.929594039916992,9.318546295166016,102.0368423461914,81.98999786376953
2022-01-07,19.78821563720703,9.361735343933105,103.5020980834961,81.75
2022-01-10,20.107702255249023,9.305256843566895,103.56830596923828,80.87000274658203
2022-01-11,21.166004180908203,9.580991744995117,105.93588256835938,83.72000122070312
2022-01-12,21.325748443603516,9.873340606689453,105.40608215332031,84.66999816894531
2022-01-13,21.984689712524414,10.072665214538574,104.96733093261719,84.47000122070312
2022-01-14,22.863277435302734,10.448065757751465,106.75540924072266,86.05999755859375
2022-01-18,23.881641387939453,10.511185646057129,107.10308837890625,87.51000213623047
2022-01-19,23.951528549194336,10.46135425567627,106.71403503417969,88.44000244140625
2022-01-20,24.16119384765625,10.537764549255371,106.33322143554688,88.37999725341797
2022-01-21,23.56215476989746,10.554374694824219,105.05839538574219,87.88999938964844
2022-01-24,23.132844924926758,10.61417293548584,105.28189849853516,86.2699966430664
2022-01-25,23.841705322265625,10.959672927856445,109.7603759765625,88.19999694824219
2022-01-26,23.55217170715332,11.252017974853516,109.84317016601562,89.95999908447266
2022-01-27,23.771818161010742,11.255341529846191,112.06172180175781,89.33999633789062
2022-01-28,23.80177116394043,10.810176849365234,108.1213150024414,90.02999877929688
2022-01-31,23.881641387939453,10.747056007385254,108.71734619140625,91.20999908447266
2022-02-01,23.70193099975586,10.962993621826172,111.58157348632812,89.16000366210938
2022-02-02,22.993070602416992,10.803533554077148,112.0948486328125,89.47000122070312
2022-02-03,22.703533172607422,10.654038429260254,111.09319305419922,91.11000061035156
2022-02-04,24.3708553314209,10.840076446533203,112.48391723632812,93.2699966430664
2022-02-07,24.131240844726562,10.680615425109863,114.6942138671875,92.69000244140625
2022-02-08,23.831722259521484,10.57430648803711,112.94747924804688,90.77999877929688
2022-02-09,24.460712432861328,10.61417293548584,114.06502532958984,91.55000305175781
2022-02-10,24.710309982299805,10.776955604553223,112.6163558959961,91.41000366210938
2022-02-11,25.75862693786621,11.215476036071777,114.9094009399414,94.44000244140625
2022-02-14,26.457504272460938,10.962993621826172,113.13787078857422,96.4800033569336
2022-02-15,25.708707809448242,10.790244102478027,112.30974578857422,93.27999877929688
2022-02-16,25.19952392578125,10.939739227294922,112.34320831298828,94.80999755859375
2022-02-17,24.850086212158203,10.896551132202148,111.76600646972656,92.97000122070312
2022-02-18,24.340904235839844,10.962993621826172,111.6070785522461,93.54000091552734
2022-02-22,24.500648498535156,11.208830833435059,110.75382232666016,96.83999633789062
2022-02-23,24.850086212158203,11.368294715881348,113.38882446289062,96.83999633789062
2022-02-24,24.82013511657715,11.092557907104492,112.80329895019531,99.08000183105469
2022-02-25,25.778594970703125,11.295207977294922,117.42918395996094,97.93000030517578
2022-03-02,28.1048583984375,11.51778793334961,128.93954467773438,112.93000030517578
2022-03-03,28.41436004638672,11.374938011169434,130.67950439453125,110.45999908447266
2022-03-04,28.1547794342041,11.37161636352539,132.7122039794922,118.11000061035156
2022-03-07,27.50581932067871,10.564339637756348,135.54798889160156,123.20999908447266
2022-03-08,27.89519500732422,10.783600807189941,142.6499481201172,127.9800033569336
2022-03-09,26.098081588745117,10.816822052001953,139.08639526367188,111.13999938964844
2022-03-10,25.778594970703125,11.195545196533203,142.89251708984375,109.33000183105469
2022-03-11,24.870054244995117,10.793567657470703,142.9594268798828,112.66999816894531
2022-03-14,23.522218704223633,10.587594985961914,139.46279907226562,106.9000015258789
2022-03-15,23.671977996826172,10.331792831420898,132.40269470214844,99.91000366210938
2022-03-16,23.122859954833984,10.242093086242676,131.92587280273438,98.0199966430664
2022-03-17,25.009828567504883,9.969679832458496,134.2095489501953,106.63999938964844
2022-03-18,25.868450164794922,10.169008255004883,135.28863525390625,107.93000030517578
2022-03-21,26.128034591674805,10.551050186157227,137.72291564941406,115.62000274658203
2022-03-22,26.51740837097168,10.50454044342041,137.2628173828125,115.4800033569336
2022-03-23,27.296157836914062,10.647392272949219,138.74346923828125,121.5999984741211
2022-03-24,26.068130493164062,10.77031135559082,139.11151123046875,119.02999877929688
2022-03-25,25.18954086303711,10.730445861816406,141.62939453125,120.6500015258789
2022-03-28,24.9898624420166,10.497899055480957,139.15333557128906,112.4800033569336
2022-03-29,25.19952392578125,10.730445861816406,137.45521545410156,110.2300033569336
2022-03-30,25.03978157043457,10.959672927856445,138.42556762695312,113.44999694824219
2022-03-31,23.771818161010742,11.112489700317383,136.20884704589844,107.91000366210938
2022-04-01,24.450727462768555,10.966316223144531,137.37159729003906,104.38999938964844
2022-04-04,24.32093620300293,10.863329887390137,137.49703979492188,107.52999877929688
2022-04-05,24.011432647705078,10.760346412658691,136.6521759033203,106.63999938964844
2022-04-06,23.51223373413086,10.75037956237793,137.86509704589844,101.06999969482422
2022-04-07,23.522218704223633,11.308494567871094,139.78070068359375,100.58000183105469
2022-04-08,23.542186737060547,11.364969253540039,142.1479949951172,102.77999877929688
2022-04-11,23.31255531311035,11.278596878051758,138.49244689941406,98.4800033569336
2022-04-12,23.7119140625,11.24537467956543,141.37843322753906,104.63999938964844
2022-04-13,24.300968170166016,11.484570503234863,143.60357666015625,108.77999877929688
2022-04-14,24.860069274902344,11.364723205566406,143.53662109375,111.69999694824219
2022-04-18,24.800167083740234,11.164831161499023,145.4606170654297,113.16000366210938
2022-04-19,24.620454788208008,11.50283145904541,143.7373809814453,107.25
2022-04-20,25.658788681030273,11.557347297668457,144.32296752929688,106.80000305175781
2022-04-22,24.44074249267578,11.106683731079102,134.6361846923828,106.6500015258789
2022-04-25,24.660390853881836,10.943134307861328,131.74191284179688,102.31999969482422
2022-04-26,25.269412994384766,10.924962043762207,130.9387969970703,104.98999786376953
2022-04-27,25.54896354675293,10.924962043762207,130.69619750976562,105.31999969482422
2022-04-28,26.237857818603516,10.997648239135742,135.33883666992188,107.58999633789062
2022-04-29,26.657184600830078,11.004919052124023,131.055908203125,109.33999633789062
2022-05-02,25.109668731689453,10.895890235900879,133.63235473632812,107.58000183105469
2022-05-03,25.788578033447266,10.994014739990234,135.92437744140625,104.97000122070312
2022-05-04,27.28617286682129,11.655475616455078,140.1906280517578,110.13999938964844
2022-05-05,26.507423400878906,11.633666038513184,139.07803344726562,110.9000015258789
2022-05-06,26.457504272460938,12.015277862548828,142.78378295898438,112.38999938964844
2022-05-09,24.18115997314453,11.688185691833496,133.21409606933594,105.94000244140625
2022-05-10,24.231081008911133,11.789945602416992,134.4939727783203,102.45999908447266
2022-05-11,25.44912338256836,12.200634956359863,136.48484802246094,107.51000213623047
2022-05-12,26.098081588745117,12.295127868652344,137.7814483642578,107.44999694824219
2022-05-13,27.046558380126953,12.455038070678711,140.42481994628906,111.55000305175781
2022-05-16,27.016605377197266,12.57861042022705,144.72445678710938,114.23999786376953
2022-05-17,26.47747230529785,12.415060043334961,145.5777130126953,111.93000030517578
2022-05-18,25.13962173461914,12.21153450012207,141.74029541015625,109.11000061035156
2022-05-19,24.830120086669922,12.418695449829102,140.72824096679688,112.04000091552734
2022-05-20,25.43914031982422,12.658565521240234,141.53790283203125,112.55000305175781
2022-05-23,26.128034591674805,13.156476020812988,144.82708740234375,113.41999816894531
2022-05-24,27.146398544311523,12.79824161529541,145.60302734375,113.55999755859375
2022-05-25,27.425949096679688,12.98049545288086,147.93922424316406,114.02999877929688
2022-05-26,27.935131072998047,13.012896537780762,148.93438720703125,117.4000015258789
2022-05-27,28.6739444732666,12.393235206604004,150.35975646972656,119.43000030517578
2022-05-31,27.945114135742188,12.174529075622559,147.30667114257812,122.83999633789062
2022-06-01,28.1048583984375,12.158330917358398,148.70669555664062,116.29000091552734
2022-06-02,28.653976440429688,12.05302619934082,148.43679809570312,117.61000061035156
2022-06-03,27.765403747558594,12.263631820678711,149.78623962402344,119.72000122070312
2022-06-06,27.016605377197266,12.27173137664795,149.13682556152344,119.51000213623047
2022-06-07,27.266204833984375,12.417535781860352,151.97906494140625,120.56999969482422
2022-06-08,27.75541877746582,12.356786727905273,152.76341247558594,123.58000183105469
2022-06-09,27.176349639892578,12.17857837677002,149.71875,123.06999969482422
2022-06-10,27.056543350219727,12.008476257324219,147.93075561523438,122.01000213623047
2022-06-13,25.988258361816406,11.854574203491211,141.12461853027344,122.2699966430664
2022-06-14,25.5988826751709,11.988227844238281,141.3101348876953,121.16999816894531
2022-06-15,25.219493865966797,11.777620315551758,138.53538513183594,118.51000213623047
2022-06-17,23.003053665161133,11.060757637023926,125.14236450195312,113.12000274658203
2022-06-21,22.69355010986328,10.963557243347168,130.37979125976562,114.6500015258789
2022-06-22,21.235891342163086,10.931156158447266,124.71222686767578,111.73999786376953
2022-06-23,20.43717384338379,10.728652954101562,120.12415313720703,110.05000305175781
2022-06-24,21.49547576904297,10.647650718688965,122.09770202636719,113.12000274658203
2022-06-27,22.63364601135254,11.33211612701416,124.4592056274414,115.08999633789062
2022-06-28,22.6236629486084,11.473865509033203,126.45805358886719,117.9800033569336
2022-06-29,22.4339656829834,11.372615814208984,123.96158599853516,116.26000213623047
2022-06-30,21.954736709594727,11.31186294555664,122.10615539550781,114.80999755859375
2022-07-01,22.064559936523438,11.554869651794434,123.56523132324219,111.62999725341797
2022-07-05,21.136051177978516,11.352364540100098,120.31816864013672,102.7699966430664
2022-07-06,20.85650062561035,11.206561088562012,118.73258209228516,100.69000244140625
2022-07-07,21.185970306396484,11.53461742401123,121.04348754882812,104.6500015258789
2022-07-08,21.72510528564453,11.664220809936523,120.41094970703125,107.0199966430664
2022-07-11,21.884849548339844,11.60752010345459,119.34825134277344,107.0999984741211
2022-07-12,22.204336166381836,11.433365821838379,117.16389465332031,99.48999786376953
2022-07-13,21.555377960205078,11.441466331481934,116.37952423095703,99.56999969482422
2022-07-14,20.726709365844727,11.133661270141602,114.65058898925781,99.0999984741211
2022-07-15,20.666805267333984,11.324013710021973,116.09275817871094,101.16000366210938
2022-07-18,22.054576873779297,11.583218574523926,117.72053527832031,106.2699966430664
2022-07-19,22.32414436340332,11.818124771118164,121.96273803710938,107.3499984741211
2022-07-20,22.22430419921875,11.814074516296387,123.57363891601562,106.91999816894531
2022-07-21,22.803373336791992,11.753323554992676,122.62907409667969,103.86000061035156
2022-07-22,22.63364601135254,11.878875732421875,121.60853576660156,103.19999694824219
2022-07-25,23.572139739990234,12.433735847473145,125.2266845703125,105.1500015258789
2022-07-26,23.70193099975586,12.559288024902344,124.24839782714844,104.4000015258789
2022-07-27,23.65201187133789,12.696990013122559,125.88453674316406,106.62000274658203
2022-07-28,23.75185203552246,13.07769775390625,126.83760070800781,107.13999938964844
2022-07-29,24.18115997314453,13.831011772155762,138.13058471679688,110.01000213623047
2022-08-01,23.3325252532959,13.640655517578125,135.37266540527344,100.02999877929688
2022-08-02,23.35249137878418,13.701411247253418,134.21722412109375,100.54000091552734
2022-08-03,23.721899032592773,13.709506034851074,131.0292510986328,96.77999877929688
2022-08-04,23.31255531311035,13.855313301086426,127.47014617919922,94.12000274658203
2022-08-05,24.031400680541992,14.1226167678833,129.57861328125,94.91999816894531
2022-08-08,24.610471725463867,14.835431098937988,129.38461303710938,96.6500015258789
2022-08-09,25.009828567504883,15.0784330368042,131.07142639160156,96.30999755859375
2022-08-10,24.760229110717773,15.029834747314453,131.4171905517578,97.4000015258789
2022-08-11,25.319334030151367,14.681527137756348,134.6220245361328,99.5999984741211
2022-08-12,25.828516006469727,15.771777153015137,134.8160400390625,98.1500015258789
2022-08-15,25.28938102722168,15.776748657226562,132.25213623046875,95.0999984741211
2022-08-16,24.2810001373291,15.920985221862793,131.91477966308594,92.33999633789062
2022-08-17,24.300968170166016,16.294017791748047,133.00274658203125,93.6500015258789
2022-08-18,24.600486755371094,16.622289657592773,135.3346405029297,96.58999633789062
2022-08-19,23.931560516357422,15.781723976135254,134.20274353027344,96.72000122070312
2022-08-22,23.382444381713867,16.11993980407715,133.53041076660156,96.4800033569336
2022-08-23,25.069734573364258,16.632234573364258,137.8622589111328,100.22000122070312
2022-08-24,25.938337326049805,16.73171043395996,138.88352966308594,101.22000122070312
2022-08-25,26.347681045532227,16.552658081054688,140.10052490234375,99.33999633789062
2022-08-26,26.51740837097168,16.73171043395996,139.07077026367188,100.98999786376953
2022-08-29,27.18633270263672,17.149503707885742,140.1090850830078,105.08999633789062
2022-08-30,26.82691192626953,16.129884719848633,136.69631958007812,99.30999755859375
2022-08-31,27.266204833984375,16.527786254882812,134.51759338378906,96.48999786376953
2022-09-01,27.156383514404297,16.836156845092773,132.37298583984375,92.36000061035156
2022-09-02,27.70549964904785,16.622289657592773,134.3389129638672,93.0199966430664
2022-09-06,28.6739444732666,15.965751647949219,133.71763610839844,92.83000183105469
2022-09-08,27.50581932067871,15.81654167175293,132.721923828125,89.1500015258789
2022-09-09,28.00501823425293,15.811568260192871,136.1431427001953,92.83999633789062
2022-09-12,27.555740356445312,15.657380104064941,138.2963104248047,94.0
2022-09-13,26.986656188964844,15.244558334350586,135.6665496826172,93.16999816894531
2022-09-14,28.36444091796875,15.478326797485352,138.95162963867188,94.0999984741211
2022-09-15,27.655580520629883,15.448479652404785,136.69631958007812,90.83999633789062
2022-09-16,27.975067138671875,15.309219360351562,133.14743041992188,91.3499984741211
2022-09-19,28.034971237182617,15.55293083190918,133.53041076660156,92.0
2022-09-20,28.284570693969727,15.463404655456543,133.0027313232422,90.62000274658203
2022-09-21,28.484249114990234,15.503194808959961,131.92190551757812,89.83000183105469
2022-09-22,29.502613067626953,15.886173248291016,131.81980895996094,90.45999908447266
2022-09-23,28.074907302856445,14.891422271728516,123.20710754394531,86.1500015258789
2022-09-26,28.074907302856445,14.568130493164062,119.96461486816406,84.05999755859375
2022-09-27,27.13641357421875,14.75713062286377,120.01566314697266,86.2699966430664
2022-09-28,27.865243911743164,14.558180809020996,124.06668853759766,89.31999969482422
2022-09-29,27.18633270263672,14.578075408935547,123.20710754394531,88.48999786376953
2022-09-30,27.48585319519043,14.821788787841797,122.27094268798828,87.95999908447266
2022-10-03,28.893592834472656,16.005538940429688,129.1304473876953,88.86000061035156
2022-10-04,30.281362533569336,15.602668762207031,134.15167236328125,91.80000305175781
2022-10-05,31.249807357788086,16.189573287963867,134.91763305664062,93.37000274658203
2022-10-06,31.559310913085938,16.741655349731445,137.37716674804688,94.41999816894531
2022-10-07,31.958667755126953,16.72673797607422,136.1942138671875,97.91999816894531
2022-10-10,31.409549713134766,16.537734985351562,133.7346649169922,96.19000244140625
2022-10-11,31.449485778808594,16.413389205932617,133.76016235351562,94.29000091552734
2022-10-13,31.709070205688477,16.880922317504883,140.66221618652344,94.56999969482422
2022-10-14,31.000207901000977,16.622289657592773,136.287841796875,91.62999725341797
2022-10-17,31.299726486206055,16.607364654541016,137.28353881835938,91.62000274658203
2022-10-18,32.178314208984375,17.015216827392578,138.48355102539062,90.02999877929688
2022-10-19,33.37639236450195,17.617036819458008,142.97715759277344,92.41000366210938
2022-10-20,33.156742095947266,18.139284133911133,143.7941436767578,92.37999725341797
2022-10-21,33.79571533203125,18.761003494262695,147.3940887451172,93.5
2022-10-24,33.43629837036133,17.03510856628418,147.343017578125,93.26000213623047
2022-10-25,33.735816955566406,16.6769962310791,148.87490844726562,93.5199966430664
2022-10-26,33.276554107666016,16.26915168762207,150.71319580078125,95.69000244140625
2022-10-27,33.55610275268555,16.393497467041016,151.4025421142578,96.95999908447266
2022-10-28,33.96544647216797,16.19951820373535,153.1727294921875,95.7699966430664
2022-10-31,35.333248138427734,14.826762199401855,153.95570373535156,94.83000183105469
2022-11-01,37.070457458496094,14.851631164550781,155.07913208007812,94.6500015258789
2022-11-03,36.68108367919922,14.89639663696289,154.15145874023438,94.66999816894531
2022-11-04,37.58962631225586,14.075726509094238,156.1003875732422,98.56999969482422
2022-11-07,36.361595153808594,13.503743171691895,157.96417236328125,97.91999816894531
2022-11-08,37.36997604370117,13.603219985961914,157.73439025878906,95.36000061035156
2022-11-09,37.160316467285156,13.379401206970215,151.4280548095703,92.6500015258789
2022-11-10,36.52134323120117,12.991446495056152,154.29615783691406,93.66999816894531
2022-11-11,37.63954544067383,13.424163818359375,158.6875762939453,95.98999786376953
2022-11-14,38.438262939453125,13.777300834655762,158.76416015625,93.13999938964844
2022-11-16,36.21183776855469,13.503743171691895,157.43653869628906,92.86000061035156
2022-11-17,35.742591857910156,13.508718490600586,157.88246154785156,89.77999877929688
2022-11-18,34.44467544555664,13.279925346374512,156.9390869140625,87.62000274658203
2022-11-21,34.4346923828125,13.319716453552246,155.43820190429688,87.44999694824219
2022-11-22,35.41312026977539,12.414417266845703,159.4262237548828,88.36000061035156
2022-11-23,35.21343994140625,12.472949981689453,158.01116943359375,85.41000366210938
2022-11-25,34.59443664550781,12.696442604064941,157.54798889160156,83.62999725341797
2022-11-28,34.84403610229492,12.962507247924805,152.96824645996094,83.19000244140625
2022-11-29,35.22342300415039,13.505268096923828,155.25811767578125,83.02999877929688
2022-11-30,35.9921875,14.186386108398438,157.21351623535156,85.43000030517578
2022-12-01,36.64114761352539,13.617013931274414,156.51028442382812,86.87999725341797
2022-12-02,36.631160736083984,13.787293434143066,155.25811767578125,85.56999969482422
2022-12-05,35.96223831176758,13.632980346679688,151.42449951171875,82.68000030517578
2022-12-06,34.584449768066406,13.643624305725098,147.52224731445312,79.3499984741211
2022-12-07,32.61760711669922,13.48930835723877,147.95962524414062,77.16999816894531
2022-12-08,33.11680603027344,13.18599796295166,148.83441162109375,76.1500015258789
2022-12-09,33.596038818359375,13.148748397827148,144.08314514160156,76.0999984741211
2022-12-12,34.584449768066406,12.72304916381836,145.58399963378906,77.98999786376953
2022-12-13,34.834049224853516,12.409098625183105,148.82586669921875,80.68000030517578
2022-12-14,36.12198257446289,11.42467212677002,147.79669189453125,82.69999694824219
2022-12-15,35.71263885498047,11.727983474731445,146.69032287597656,81.20999908447266
2022-12-16,35.293312072753906,11.733301162719727,144.70059204101562,79.04000091552734
2022-12-19,35.72262191772461,11.908902168273926,145.6954803466797,79.80000305175781
2022-12-20,35.802494049072266,12.276065826416016,148.0882568359375,79.98999786376953
2022-12-21,35.5728645324707,12.542130470275879,149.82928466796875,82.19999694824219
2022-12-22,35.20345687866211,12.765623092651367,147.58224487304688,80.9800033569336
2022-12-23,35.43309020996094,13.36691665649414,152.14488220214844,83.91999816894531
2022-12-27,35.522945404052734,13.36159896850586,154.05743408203125,84.33000183105469
2022-12-28,37.19026565551758,13.196640014648438,151.78468322753906,83.26000213623047
2022-12-29,37.15032958984375,13.037002563476562,152.9339141845703,82.26000213623047
2023-01-03,34.2449951171875,11.887618064880371,149.22036743164062,82.0999984741211
2023-01-04,34.03533172607422,12.265424728393555,147.6337432861328,77.83999633789062
2023-01-05,34.91392135620117,12.707087516784668,150.29238891601562,78.69000244140625
2023-01-06,35.12358474731445,12.632589340209961,151.42449951171875,78.56999969482422
2023-01-09,35.95225143432617,12.701766014099121,150.2409210205078,79.6500015258789
2023-01-10,36.15193176269531,12.818833351135254,150.97854614257812,80.0999984741211
2023-01-11,38.957427978515625,12.919936180114746,150.25808715820312,82.66999816894531
2023-01-12,39.686256408691406,13.106179237365723,151.87045288085938,84.02999877929688
2023-01-13,38.98737716674805,13.074252128601074,152.2821044921875,85.27999877929688
2023-01-17,38.677879333496094,13.579767227172852,154.79501342773438,85.91999816894531
2023-01-18,38.907508850097656,13.340310096740723,151.99913024902344,84.9800033569336
2023-01-19,40.455020904541016,13.776653289794922,153.51712036132812,86.16000366210938
2023-01-20,41.03409194946289,14.032071113586426,155.14662170410156,87.62999725341797
2023-01-23,41.49335479736328,14.255560874938965,154.94081115722656,88.19000244140625
2023-01-24,40.964202880859375,14.154461860656738,155.0865936279297,86.12999725341797
2023-01-25,41.85277557373047,14.335379600524902,153.58572387695312,86.12000274658203
2023-01-26,42.27210235595703,13.968217849731445,161.0557098388672,87.47000122070312
2023-01-27,41.72298812866211,13.632980346679688,153.90306091308594,86.66000366210938
2023-01-30,41.433448791503906,13.702155113220215,149.40045166015625,84.9000015258789
2023-01-31,42.03248596191406,13.87243366241455,149.24607849121094,84.48999786376953
2023-02-01,41.03409194946289,13.680868148803711,146.96475219726562,82.83999633789062
2023-02-02,39.985774993896484,13.04764461517334,144.94931030273438,82.16999816894531
2023-02-03,40.10558319091797,13.191317558288574,145.32669067382812,79.94000244140625
2023-02-06,41.133934020996094,13.718121528625488,145.48963928222656,80.98999786376953
2023-02-07,41.5632438659668,13.632980346679688,149.30609130859375,83.69000244140625
2023-02-08,42.48176574707031,13.861790657043457,145.79837036132812,85.08999633789062
2023-02-09,41.8927116394043,13.79793643951416,144.46044921875,84.5
2023-02-10,42.68144607543945,14.218315124511719,147.48793029785156,86.38999938964844
2023-02-13,41.97258377075195,14.260884284973145,146.66458129882812,86.61000061035156
2023-02-14,40.79447555541992,14.207672119140625,147.78810119628906,85.58000183105469
2023-02-15,40.834415435791016,14.228958129882812,146.23069763183594,85.37999725341797
2023-02-16,40.185455322265625,14.287490844726562,144.11959838867188,85.13999938964844
2023-02-17,38.14872360229492,14.069320678710938,140.90097045898438,83.0
2023-02-22,37.539703369140625,13.707478523254395,138.7379150390625,80.5999984741211
2023-02-23,37.409915924072266,14.127852439880371,140.1049346923828,82.20999908447266
2023-02-24,37.539703369140625,13.78197193145752,140.520263671875,83.16000366210938
2023-02-27,36.960636138916016,13.91500473022461,140.87498474121094,82.44999694824219
2023-02-28,33.645957946777344,13.430771827697754,139.10130310058594,83.88999938964844
2023-03-01,33.326473236083984,13.462701797485352,140.20875549316406,84.30999755859375
2023-03-02,33.905540466308594,13.111496925354004,140.6500244140625,84.75
2023-03-03,34.65433883666992,13.67555046081543,142.72659301757812,85.83000183105469
2023-03-06,34.574466705322266,13.813899993896484,143.7734832763672,86.18000030517578
2023-03-07,33.536136627197266,13.356277465820312,141.92193603515625,83.29000091552734
2023-03-08,34.41472625732422,13.526554107666016,141.0220947265625,82.66000366210938
2023-03-09,33.37639236450195,13.468021392822266,138.87632751464844,81.58999633789062
2023-03-10,33.156742095947266,13.292421340942383,138.1495819091797,82.77999877929688
2023-03-13,31.719053268432617,12.872044563293457,137.31893920898438,80.7699966430664
2023-03-14,32.158348083496094,12.643230438232422,139.09262084960938,77.44999694824219
2023-03-15,31.100048065185547,12.419739723205566,133.07070922851562,73.69000244140625
2023-03-16,31.649166107177734,12.377171516418457,133.49464416503906,74.69999694824219
2023-03-17,31.3196964263916,12.51020336151123,131.80747985839844,72.97000122070312
2023-03-20,30.940303802490234,12.201569557189941,133.74560546875,73.79000091552734
2023-03-21,31.669132232666016,12.451667785644531,137.8380889892578,75.31999969482422
2023-03-22,31.299726486206055,12.414417266845703,135.03475952148438,76.69000244140625
2023-03-23,29.882003784179688,12.132393836975098,133.69366455078125,75.91000366210938
2023-03-24,30.231443405151367,12.127073287963867,135.026123046875,74.98999786376953
2023-03-27,31.569293975830078,12.334601402282715,136.4018096923828,78.12000274658203
2023-03-28,31.828876495361328,12.552769660949707,137.99378967285156,78.6500015258789
2023-03-29,31.88878059387207,12.717727661132812,139.17916870117188,78.27999877929688
2023-03-30,32.29812240600586,12.754975318908691,140.50296020507812,79.2699966430664
2023-03-31,31.139984130859375,12.478276252746582,141.1691436767578,79.7699966430664
2023-04-03,32.348045349121094,13.031682968139648,147.04400634765625,84.93000030517578
2023-04-04,33.79571533203125,12.914613723754883,146.25665283203125,84.94000244140625
2023-04-05,33.4462776184082,12.957184791564941,146.98345947265625,84.98999786376953
2023-04-06,34.804100036621094,12.770941734313965,145.0540313720703,85.12000274658203
2023-04-10,34.8640022277832,13.04232120513916,145.6077423095703,84.18000030517578
2023-04-11,35.67270278930664,13.654263496398926,146.41241455078125,85.61000061035156
2023-04-12,36.37158203125,13.75536823272705,146.93153381347656,87.33000183105469
2023-04-13,36.45145034790039,13.851150512695312,148.8955841064453,86.08999633789062
2023-04-14,36.62118148803711,13.994821548461914,149.19839477539062,86.30999755859375
2023-04-17,36.0920295715332,14.212995529174805,147.88327026367188,84.76000213623047
2023-04-18,35.24339294433594,14.574837684631348,147.5371551513672,84.7699966430664
2023-04-19,34.2449951171875,14.106569290161133,147.67564392089844,83.12000274658203
2023-04-20,33.94547653198242,14.202349662780762,146.95748901367188,81.0999984741211
2023-04-24,34.97382354736328,14.473735809326172,148.36778259277344,82.7300033569336
2023-04-25,34.59443664550781,14.415202140808105,146.21339416503906,80.7699966430664
2023-04-26,33.4462776184082,14.23427963256836,143.6090850830078,77.69000244140625
2023-04-27,33.586055755615234,13.888399124145508,144.44834899902344,78.37000274658203
2023-04-28,34.69427490234375,14.206186294555664,145.85867309570312,79.54000091552734
2023-05-02,33.46624755859375,13.630744934082031,138.46966552734375,75.31999969482422
2023-05-03,34.04531478881836,13.582795143127441,135.6923370361328,72.33000183105469
2023-05-04,32.64756393432617,13.798582077026367,135.16456604003906,72.5
2023-05-05,34.23501205444336,14.386014938354492,138.6167755126953,75.30000305175781
2023-05-08,34.45465850830078,14.691717147827148,138.0717010498047,77.01000213623047
2023-05-09,34.554500579833984,14.739667892456055,137.6737060546875,77.44000244140625
2023-05-10,34.59443664550781,14.703704833984375,135.9172821044922,76.41000366210938
2023-05-11,34.764163970947266,15.243181228637695,135.16456604003906,74.9800033569336
2023-05-12,34.44467544555664,15.734702110290527,135.51063537597656,74.16999816894531
2023-05-15,34.41472625732422,15.381044387817383,136.01248168945312,75.2300033569336
2023-05-16,34.44467544555664,15.764668464660645,132.81980895996094,74.91000366210938
2023-05-17,36.44146728515625,15.381044387817383,134.72329711914062,76.95999908447266
2023-05-18,36.29170608520508,15.470955848693848,134.55728149414062,75.86000061035156
2023-05-19,36.91071701049805,15.446982383728027,135.62319946289062,75.58000183105469
2023-05-22,36.13196563720703,15.357069969177246,133.18557739257812,75.98999786376953
2023-05-23,36.102012634277344,15.734702110290527,137.03855895996094,76.83999633789062
2023-05-24,35.89235305786133,15.974468231201172,137.40554809570312,78.36000061035156
2023-05-25,35.5728645324707,15.854584693908691,135.03782653808594,76.26000213623047
2023-05-26,35.293312072753906,16.064380645751953,134.61846923828125,76.94999694824219
2023-05-30,34.07527160644531,15.818621635437012,133.77972412109375,73.54000091552734
2023-05-31,34.135169982910156,15.656777381896973,131.595458984375,72.66000366210938
2023-06-01,34.115203857421875,16.160287857055664,132.94097900390625,74.27999877929688
2023-06-02,35.26335906982422,16.292160034179688,136.52308654785156,76.12999725341797
2023-06-05,35.293312072753906,16.465991973876953,135.86781311035156,76.70999908447266
2023-06-06,34.22502899169922,16.81365394592285,136.11245727539062,76.29000091552734
2023-06-07,34.73421096801758,17.30517578125,139.6421661376953,76.94999694824219
2023-06-09,34.424705505371094,18.15035057067871,138.794677734375,74.79000091552734
2023-06-12,33.086856842041016,18.46804428100586,137.4579315185547,71.83999633789062
2023-06-13,34.28493118286133,18.432008743286133,138.4888916015625,74.29000091552734
2023-06-14,35.34323501586914,19.22395896911621,137.24827575683594,73.19999694824219
2023-06-15,35.542911529541016,18.7705020904541,138.28794860839844,75.66999816894531
2023-06-16,36.21183776855469,18.9301700592041,137.3967742919922,76.61000061035156
2023-06-20,36.102012634277344,19.524133682250977,134.2689666748047,75.9000015258789
2023-06-21,38.60798645019531,20.341632843017578,135.3173828125,77.12000274658203
2023-06-22,38.238582611083984,20.08616065979004,133.36032104492188,74.13999938964844
2023-06-23,38.14872360229492,19.262277603149414,132.23329162597656,73.8499984741211
2023-06-26,36.9806022644043,19.69657325744629,134.55728149414062,74.18000030517578
2023-06-27,35.742591857910156,19.543291091918945,134.13790893554688,72.26000213623047
2023-06-28,36.08204650878906,19.728506088256836,135.35232543945312,74.02999877929688
2023-06-29,36.231807708740234,19.817920684814453,136.505615234375,74.33999633789062
2023-06-30,37.020538330078125,18.859914779663086,137.4754180908203,74.9000015258789
2023-07-03,37.35999298095703,19.211185455322266,137.35313415527344,74.6500015258789
2023-07-05,38.558067321777344,19.230348587036133,136.5667724609375,76.6500015258789
2023-07-06,38.08882522583008,18.936555862426758,133.5700225830078,76.5199966430664
2023-07-07,39.286895751953125,18.840755462646484,134.74073791503906,78.47000122070312
2023-07-10,39.426673889160156,18.87268829345703,135.64065551757812,77.69000244140625
2023-07-11,40.634735107421875,18.61722183227539,138.1481475830078,79.4000015258789
2023-07-12,41.483367919921875,18.629995346069336,139.47618103027344,80.11000061035156
2023-07-13,42.82122039794922,18.923782348632812,137.61520385742188,81.36000061035156
2023-07-14,41.45341873168945,18.553354263305664,134.18157958984375,79.87000274658203
2023-07-17,41.922664642333984,18.515033721923828,134.0592803955078,78.5
2023-07-18,43.110755920410156,18.4128475189209,134.3301239013672,79.62999725341797
2023-07-19,44.069217681884766,18.58528709411621,135.1514129638672,79.45999908447266
2023-07-20,44.129119873046875,18.604450225830078,136.64541625976562,79.63999938964844
2023-07-21,45.097564697265625,18.955717086791992,138.6461639404297,81.06999969482422
2023-07-24,46.0959587097168,19.3516902923584,141.38082885742188,82.73999786376953
2023-07-25,44.887901306152344,19.79876136779785,142.02734375,83.63999938964844
2023-07-26,45.51689147949219,19.79876136779785,140.96141052246094,82.91999816894531
2023-07-27,45.01769256591797,18.7705020904541,139.49362182617188,84.23999786376953
2023-07-28,45.087581634521484,19.006811141967773,138.8034210205078,84.98999786376953
2023-07-31,45.54684066772461,19.869014739990234,142.98841857910156,85.55999755859375
2023-08-01,45.72655487060547,19.543291091918945,141.80018615722656,84.91000366210938
2023-08-02,45.17743682861328,19.49859046936035,139.55479431152344,83.19999694824219
2023-08-03,47.084373474121094,19.74766731262207,139.5023651123047,85.13999938964844
2023-08-04,47.493717193603516,19.160091400146484,139.18788146972656,86.23999786376953
2023-08-07,47.733333587646484,19.281436920166016,139.69459533691406,85.33999633789062
2023-08-08,47.78325271606445,19.300600051879883,139.48489379882812,86.16999816894531
2023-08-09,48.0428352355957,19.453876495361328,139.6684112548828,87.55000305175781
2023-08-10,47.30402374267578,19.562450408935547,140.515869140625,86.4000015258789
2023-08-11,48.28245162963867,19.51774787902832,143.41650390625,86.80999755859375
2023-08-14,48.512081146240234,19.568838119506836,143.31166076660156,86.20999908447266
2023-08-15,46.74491882324219,19.709346771240234,139.12669372558594,84.88999938964844
2023-08-16,45.90626525878906,20.14364242553711,138.59373474121094,83.44999694824219
2023-08-17,45.307228088378906,20.07977867126465,140.9136199951172,84.12000274658203
2023-08-18,45.097564697265625,20.13087272644043,141.92803955078125,84.80000305175781
2023-08-21,44.67823791503906,19.990360260009766,141.45172119140625,84.45999908447266
2023-08-22,45.02767562866211,20.29488754272461,140.287353515625,84.02999877929688
2023-08-23,45.77647399902344,21.37560272216797,140.4725799560547,83.20999908447266
2023-08-24,45.986141204833984,21.342451095581055,139.3170623779297,83.36000061035156
2023-08-25,46.315608978271484,21.19658660888672,140.35791015625,84.4800033569336
2023-08-28,46.61512756347656,21.43527603149414,141.3194122314453,84.41999816894531
2023-08-29,45.77647399902344,21.48168182373047,141.09890747070312,85.48999786376953
2023-08-30,45.736541748046875,21.627546310424805,141.2929229736328,85.86000061035156
2023-08-31,46.345558166503906,21.176698684692383,142.10446166992188,86.86000061035156
2023-09-01,46.87471008300781,21.634178161621094,144.92713928222656,88.55000305175781
2023-09-05,47.41384506225586,22.124805450439453,146.83245849609375,90.04000091552734
2023-09-06,46.714969635009766,22.224258422851562,146.98240661621094,90.5999984741211
2023-09-08,47.41384506225586,22.144697189331055,147.49400329589844,90.6500015258789
2023-09-11,47.63349151611328,22.124805450439453,144.45079040527344,90.63999938964844
2023-09-12,48.03285217285156,22.23088836669922,147.14117431640625,92.05999755859375
2023-09-13,48.12270736694336,21.899381637573242,146.60308837890625,91.87999725341797
2023-09-14,49.171024322509766,22.456314086914062,147.51162719726562,93.69999694824219
2023-09-15,49.32078170776367,22.469575881958008,146.86773681640625,93.93000030517578
2023-09-18,48.08277130126953,22.628700256347656,147.5028533935547,94.43000030517578
2023-09-19,48.63188934326172,22.681737899780273,147.48519897460938,94.33999633789062
2023-09-20,48.63188934326172,22.73478126525879,147.03533935546875,93.52999877929688
2023-09-21,46.36552810668945,22.383380889892578,145.712158203125,93.30000305175781
2023-09-22,46.68501281738281,22.562397003173828,146.67367553710938,93.2699966430664
2023-09-25,46.9046630859375,22.70825958251953,148.81716918945312,93.29000091552734
2023-09-26,46.85474395751953,22.184476852416992,148.0144500732422,93.95999908447266
2023-09-27,48.2225456237793,22.88727378845215,150.87240600585938,96.55000305175781
2023-09-28,47.16424560546875,22.840866088867188,150.47547912597656,95.37999725341797
2023-09-29,46.964569091796875,22.966835021972656,148.7377471923828,95.30999755859375
2023-10-02,45.32719802856445,22.62206268310547,146.9029998779297,90.70999908447266
2023-10-03,45.097564697265625,22.522615432739258,147.24700927734375,90.91999816894531
2023-10-04,43.82960510253906,21.627546310424805,143.81568908691406,85.80999755859375
2023-10-05,43.6399040222168,21.70047950744629,144.57427978515625,84.06999969482422
2023-10-06,44.46857452392578,22.21763038635254,143.1011962890625,84.58000183105469
2023-10-09,48.37230682373047,23.1723690032959,147.06178283691406,88.1500015258789
2023-10-10,48.17262649536133,23.344755172729492,146.9029998779297,87.6500015258789
2023-10-11,47.52366638183594,23.285079956054688,142.10446166992188,85.81999969482422
2023-10-13,49.91981887817383,24.054183959960938,144.71543884277344,90.88999938964844
2023-10-16,49.72013854980469,24.31939125061035,145.8974151611328,89.6500015258789
2023-10-17,50.11949920654297,24.97577476501465,147.82920837402344,89.9000015258789
2023-10-18,50.11949920654297,25.539339065551758,149.0023651123047,91.5
2023-10-19,49.949771881103516,25.41999626159668,149.1611785888672,92.37999725341797
2023-10-20,49.62030029296875,25.095117568969727,147.15879821777344,92.16000366210938
2023-10-23,48.761680603027344,23.437580108642578,141.73394775390625,89.83000183105469
2023-10-24,48.771663665771484,23.78897476196289,138.1791534423828,88.06999969482422
2023-10-25,48.28245162963867,23.914947509765625,137.4911346435547,90.12999725341797
2023-10-26,47.92302703857422,23.66963005065918,136.50318908691406,87.93000030517578
2023-10-27,47.693397521972656,23.497243881225586,127.3294677734375,90.4800033569336
2023-10-30,46.2856559753418,23.258563995361328,128.86428833007812,87.44999694824219
2023-10-31,47.62350845336914,23.03314208984375,128.54673767089844,87.41000366210938
2023-11-01,47.992916107177734,23.285079956054688,127.00308990478516,84.62999725341797
2023-11-03,48.12270736694336,23.56355094909668,130.205078125,84.88999938964844
2023-11-06,47.93301010131836,23.543657302856445,129.6669921875,85.18000030517578
2023-11-07,46.74491882324219,23.152481079101562,127.38241577148438,81.61000061035156
2023-11-08,45.407066345214844,22.65522003173828,125.6093978881836,79.54000091552734
2023-11-09,44.65827178955078,23.125959396362305,125.20364379882812,80.01000213623047
2023-11-10,46.39548110961914,23.019880294799805,126.09453582763672,81.43000030517578
2023-11-13,46.22575378417969,23.663000106811523,127.02071380615234,82.5199966430664
2023-11-14,46.914649963378906,23.987878799438477,127.94693756103516,82.47000122070312
2023-11-16,45.25730895996094,23.57018280029297,126.36456298828125,77.41999816894531
2023-11-17,46.40546417236328,24.339275360107422,128.76223754882812,80.61000061035156
2023-11-20,47.45378112792969,24.35917091369629,128.69093322753906,82.31999969482422
2023-11-21,47.90305709838867,24.10721778869629,128.38784790039062,82.44999694824219
2023-11-22,47.16424560546875,24.2252140045166,128.64637756347656,81.95999908447266
2023-11-24,47.13429260253906,24.301000595092773,129.1544189453125,80.58000183105469
2023-11-27,46.14588165283203,24.1632022857666,128.67312622070312,79.9800033569336
2023-11-28,46.016090393066406,24.52837371826172,129.69813537597656,81.68000030517578
2023-11-29,45.83638000488281,24.2734432220459,128.2720184326172,83.0999984741211
2023-11-30,45.856346130371094,24.741960525512695,127.99571990966797,82.83000183105469
2023-12-01,44.49852752685547,24.576602935791016,129.07421875,78.87999725341797
2023-12-04,44.14908981323242,24.052961349487305,129.127685546875,78.02999877929688
2023-12-05,43.090789794921875,23.942724227905273,127.33610534667969,77.19999694824219
2023-12-06,41.3735466003418,23.08147430419922,127.04198455810547,74.30000305175781
2023-12-07,42.35197448730469,23.02635383605957,126.94392395019531,74.05000305175781
2023-12-08,44.47855758666992,23.763586044311523,128.62857055664062,75.83999633789062
2023-12-11,44.60835266113281,23.674015045166016,128.66419982910156,76.02999877929688
2023-12-12,43.72976303100586,23.481094360351562,127.01521301269531,73.23999786376953
2023-12-13,45.22735595703125,23.818702697753906,128.8959503173828,74.26000213623047
2023-12-14,47.279998779296875,24.335451126098633,133.63784790039062,76.61000061035156
2023-12-15,46.25,24.39057159423828,133.120849609375,76.55000305175781
2023-12-18,46.099998474121094,24.6937313079834,133.41500854492188,77.94999694824219
2023-12-19,46.709999084472656,24.976221084594727,135.16204833984375,79.2300033569336
2023-12-20,45.540000915527344,25.0657901763916,133.9230499267578,79.69999694824219
2023-12-21,45.15999984741211,25.072681427001953,134.33309936523438,79.38999938964844
2023-12-22,45.369998931884766,25.313831329345703,134.63612365722656,79.06999969482422
2023-12-26,45.91999816894531,25.720340728759766,135.84837341308594,81.06999969482422
2023-12-27,45.939998626708984,25.741012573242188,135.4027099609375,79.6500015258789
2023-12-28,46.04999923706055,25.65833282470703,133.4952392578125,78.38999938964844
2024-01-02,45.349998474121094,26.030391693115234,133.23675537109375,75.88999938964844
2024-01-03,46.880001068115234,26.843408584594727,135.77703857421875,78.25
2024-01-04,46.41999816894531,26.616039276123047,134.2885284423828,77.58999633789062
2024-01-05,46.08000183105469,26.678050994873047,134.05674743652344,78.76000213623047
2024-01-08,45.75,26.47823715209961,133.2545623779297,76.12000274658203
2024-01-09,46.279998779296875,26.250869750976562,129.8674774169922,77.58999633789062
2024-01-10,44.349998474121094,26.00971794128418,128.79788208007812,76.80000305175781
2024-01-11,45.5,26.230201721191406,129.49313354492188,77.41000366210938
2024-01-12,46.08000183105469,26.299097061157227,131.2668914794922,78.29000091552734
2024-01-16,45.880001068115234,26.250869750976562,128.07591247558594,78.29000091552734
2024-01-17,45.04999923706055,26.099285125732422,127.56784057617188,77.87999725341797
2024-01-18,44.7599983215332,25.995939254760742,126.40914154052734,79.0999984741211
2024-01-19,44.61000061035156,25.85814094543457,126.78346252441406,78.55999755859375
2024-01-22,44.15999984741211,25.975271224975586,127.00631713867188,80.05999755859375
2024-01-23,44.33000183105469,26.299097061157227,126.6497802734375,79.55000305175781
2024-01-24,44.599998474121094,26.099285125732422,129.1722412109375,80.04000091552734
2024-01-25,44.79999923706055,27.063888549804688,132.42562866210938,82.43000030517578
2024-01-26,45.689998626708984,27.53240966796875,132.93370056152344,83.55000305175781
2024-01-29,44.7599983215332,27.952695846557617,132.8802032470703,82.4000015258789
2024-01-30,44.09000015258789,27.78045082092285,133.80718994140625,82.87000274658203
2024-01-31,43.93000030517578,28.08360481262207,131.40951538085938,81.70999908447266
2024-02-01,43.150001525878906,28.641695022583008,131.81951904296875,78.69999694824219
2024-02-02,42.45000076293945,28.26963996887207,135.6968231201172,77.33000183105469
2024-02-05,42.04999923706055,28.393657684326172,135.77703857421875,77.98999786376953
2024-02-06,43.599998474121094,28.655481338500977,135.7948760986328,78.58999633789062
2024-02-07,43.970001220703125,29.075767517089844,135.59878540039062,79.20999908447266
2024-02-08,43.400001525878906,28.84150505065918,137.3190460205078,81.62999725341797
2024-02-09,42.36000061035156,28.455669403076172,134.6272430419922,82.19000244140625
2024-02-14,42.54999923706055,28.24207878112793,134.6004638671875,81.5999984741211
2024-02-15,44.56999969482422,29.14466667175293,139.17787170410156,82.86000061035156
2024-02-16,45.400001525878906,29.413375854492188,139.3310546875,83.47000122070312
2024-02-20,46.119998931884766,29.248016357421875,138.76339721679688,82.33999633789062
2024-02-21,47.0,29.289356231689453,140.06089782714844,83.02999877929688
2024-02-22,46.95000076293945,29.06887435913086,140.05189514160156,83.66999816894531
2024-02-23,45.79999923706055,28.86906623840332,139.35809326171875,81.62000274658203
2024-02-26,45.86000061035156,29.413375854492188,139.16883850097656,82.52999877929688
2024-02-27,45.400001525878906,29.372037887573242,137.10543823242188,83.6500015258789
2024-02-28,44.5,27.856233596801758,137.2676239013672,83.68000030517578
2024-02-29,43.709999084472656,27.65642738342285,136.9702606201172,83.62000274658203
2024-03-01,44.349998474121094,27.683990478515625,137.6911163330078,83.55000305175781
2024-03-04,44.11000061035156,27.615089416503906,134.14996337890625,82.80000305175781
2024-03-05,44.31999969482422,27.53240966796875,134.7897186279297,82.04000091552734
2024-03-06,43.63999938964844,28.13873291015625,133.6543731689453,82.95999908447266
2024-03-07,43.349998474121094,27.828676223754883,134.5914764404297,82.95999908447266
2024-03-08,44.70000076293945,25.28627586364746,135.05101013183594,82.08000183105469
2024-03-11,44.900001525878906,24.562822341918945,136.9612579345703,82.20999908447266
2024-03-12,47.5,25.36895179748535,136.86215209960938,81.91999816894531
2024-03-13,48.91999816894531,25.0657901763916,138.6642608642578,84.02999877929688
2024-03-14,48.599998474121094,24.955554962158203,140.29518127441406,85.41999816894531
2024-03-15,47.79999923706055,25.024452209472656,140.16001892089844,85.33999633789062
2024-03-18,47.7599983215332,25.03822898864746,140.0338897705078,86.88999938964844
2024-03-19,49.209999084472656,24.852201461791992,141.12417602539062,87.37999725341797
2024-03-20,47.45000076293945,25.28627586364746,139.25897216796875,85.94999694824219
2024-03-21,47.099998474121094,24.597274780273438,139.5382843017578,85.77999877929688
2024-03-22,46.689998626708984,24.838420867919922,139.35809326171875,85.43000030517578
2024-03-25,47.66999816894531,25.21736717224121,140.98899841308594,86.75
2024-03-26,47.290000915527344,24.983108520507812,139.9077606201172,86.25
2024-03-27,47.08000183105469,25.182920455932617,140.88087463378906,86.08999633789062
2024-03-28,48.7400016784668,25.741012573242188,142.1333465576172,87.4800033569336
2024-04-01,48.38999938964844,25.940820693969727,143.3407745361328,87.41999816894531
2024-04-02,49.04999923706055,26.609142303466797,143.97154235839844,88.91999816894531
2024-04-03,49.38999938964844,26.47134780883789,144.56622314453125,89.3499984741211
2024-04-04,50.04999923706055,26.168184280395508,144.79147338867188,90.6500015258789
2024-04-05,50.45000076293945,26.250869750976562,145.6114501953125,91.16999816894531
2024-04-08,49.65999984741211,26.616039276123047,145.31410217285156,90.37999725341797
2024-04-09,49.84000015258789,26.684938430786133,145.97186279296875,89.41999816894531
2024-04-10,50.189998626708984,27.277482986450195,146.5755615234375,90.4800033569336
2024-04-11,49.79999923706055,27.07767105102539,145.8727569580078,89.73999786376953
2024-04-12,50.86000061035156,26.829631805419922,143.23263549804688,90.44999694824219
2024-04-15,50.099998474121094,27.08456039428711,141.99818420410156,90.0999984741211
2024-04-16,49.79999923706055,27.208581924438477,140.81777954101562,90.0199966430664
2024-04-17,48.72999954223633,27.408388137817383,140.9259033203125,87.29000091552734
2024-04-18,49.2400016784668,27.456619262695312,141.98016357421875,87.11000061035156
2024-04-19,48.79999923706055,27.92513656616211,144.1697235107422,87.29000091552734
2024-04-22,48.0,28.59347152709961,145.8997802734375,87.0
2024-04-23,49.18000030517578,28.538347244262695,146.73777770996094,88.41999816894531
2024-04-24,48.43000030517578,28.407442092895508,147.3865509033203,88.0199966430664
2024-04-25,49.38999938964844,29.089548110961914,148.92735290527344,89.01000213623047
2024-04-26,49.25,29.500368118286133,149.47698974609375,89.5
2024-04-29,49.560001373291016,29.854520797729492,149.87347412109375,88.4000015258789
2024-04-30,48.0,29.76244354248047,145.31410217285156,87.86000061035156
2024-05-02,47.41999816894531,29.875764846801758,144.82752990722656,83.66999816894531
2024-05-03,46.75,29.4957218170166,144.39500427246094,82.95999908447266
2024-05-06,47.189998626708984,29.69536590576172,146.24220275878906,83.33000183105469
2024-05-07,47.16999816894531,30.057687759399414,146.5755615234375,83.16000366210938
2024-05-08,46.540000915527344,30.51612663269043,146.4584197998047,83.58000183105469
2024-05-09,46.779998779296875,30.81189727783203,149.08053588867188,83.87999725341797
2024-05-10,47.0,30.745349884033203,149.41392517089844,82.79000091552734
2024-05-13,46.400001525878906,30.77492904663086,148.25155639648438,83.36000061035156
2024-05-14,45.90999984741211,30.220359802246094,147.42259216308594,82.37999725341797
2024-05-15,47.0,28.393978118896484,146.91799926757812,82.75
2024-05-16,47.61000061035156,27.56582260131836,146.6176300048828,83.2699966430664
2024-05-17,48.119998931884766,27.129552841186523,148.05569458007812,83.9800033569336
2024-05-20,47.5,27.17392349243164,146.6631317138672,83.70999908447266
2024-05-21,45.849998474121094,27.122163772583008,145.59823608398438,82.87999725341797
2024-05-22,44.209999084472656,27.49187469482422,143.4138946533203,81.9000015258789
2024-05-23,44.470001220703125,27.218290328979492,142.84046936035156,81.36000061035156
2024-05-24,43.45000076293945,27.070402145385742,143.57769775390625,82.12000274658203
2024-05-28,43.15999984741211,27.9503173828125,144.75181579589844,84.22000122070312
2024-05-29,42.43000030517578,27.913345336914062,142.8040771484375,83.5999984741211
2024-05-31,41.61000061035156,28.682350158691406,147.71893310546875,81.62000274658203
2024-06-03,41.16999816894531,28.527074813842773,143.3137664794922,78.36000061035156
2024-06-04,40.88999938964844,28.20911979675293,142.10325622558594,77.5199966430664
2024-06-05,40.13999938964844,28.2460880279541,141.05654907226562,78.41000366210938
2024-06-06,40.16999816894531,28.379186630249023,141.92120361328125,79.87000274658203
2024-06-07,39.91999816894531,27.314411163330078,142.05772399902344,79.62000274658203
2024-06-10,40.79999923706055,27.728487014770508,142.65843200683594,81.62999725341797
2024-06-11,42.54999923706055,27.8468017578125,142.43089294433594,81.91999816894531
2024-06-12,42.689998626708984,27.240869522094727,140.3648223876953,82.5999984741211
2024-06-13,41.86000061035156,26.967092514038086,139.1088104248047,82.75
2024-06-14,42.0099983215332,26.3739070892334,138.8630828857422,82.62000274658203
2024-06-17,41.720001220703125,26.472774505615234,139.4273681640625,84.25
2024-06-18,41.25,27.301713943481445,139.55479431152344,85.33000183105469
2024-06-20,40.95000076293945,27.758007049560547,142.5674285888672,85.70999908447266
2024-06-21,41.33000183105469,27.902498245239258,141.32958984375,85.23999786376953
2024-06-24,42.08000183105469,28.183881759643555,144.99755859375,86.01000213623047
2024-06-25,42.02000045776367,28.16106605529785,144.22390747070312,85.01000213623047
2024-06-26,43.02000045776367,28.206697463989258,141.9394073486328,85.25
2024-06-27,43.18000030517578,28.67820167541504,142.27618408203125,86.38999938964844
2024-06-28,43.7599983215332,28.936771392822266,142.36720275878906,86.41000366210938
2024-07-01,45.099998474121094,29.37786102294922,142.45822143554688,86.5999984741211
2024-07-02,45.7400016784668,29.286592483520508,142.66754150390625,86.23999786376953
2024-07-03,46.09000015258789,28.77706527709961,142.6311492919922,87.33999633789062
2024-07-05,46.54999923706055,28.533710479736328,140.44674682617188,86.54000091552734
2024-07-08,45.349998474121094,29.23335838317871,140.4649658203125,85.75
2024-07-09,45.40999984741211,29.22575569152832,139.23626708984375,84.66000366210938
2024-07-10,45.470001220703125,28.951980590820312,141.193115234375,85.08000183105469
2024-07-11,45.36000061035156,29.14971160888672,141.31138610839844,85.4000015258789
2024-07-12,45.59000015258789,29.012819290161133,141.6117401123047,85.02999877929688
2024-07-15,46.52000045776367,29.278993606567383,143.8416290283203,84.8499984741211
2024-07-16,45.45000076293945,29.20294761657715,143.59591674804688,83.7300033569336
2024-07-17,46.16999816894531,29.355037689208984,146.74505615234375,85.08000183105469
2024-07-18,45.470001220703125,29.30180549621582,147.4185791015625,85.11000061035156
2024-07-19,45.290000915527344,29.42348289489746,144.8519287109375,82.62999725341797
2024-07-22,44.689998626708984,28.837907791137695,142.885986328125,82.4000015258789
2024-07-23,43.79999923706055,28.465261459350586,140.2465057373047,81.01000213623047
2024-07-24,46.0,28.69341278076172,141.13848876953125,81.70999908447266
2024-07-25,45.81999969482422,28.65538215637207,143.38658142089844,82.37000274658203
2024-07-26,47.5,28.624969482421875,143.65960693359375,81.12999725341797
2024-07-29,47.18000030517578,28.046993255615234,142.5310516357422,79.77999877929688
2024-07-30,47.040000915527344,27.87207794189453,145.2342071533203,78.62999725341797
2024-07-31,48.04999923706055,28.450057983398438,146.0533447265625,80.72000122070312
2024-08-01,47.9900016784668,28.01657485961914,138.90858459472656,79.5199966430664
2024-08-02,46.0099983215332,27.17242431640625,135.2042236328125,76.80999755859375
2024-08-05,44.66999816894531,27.149614334106445,131.66371154785156,76.30000305175781
2024-08-06,43.25,27.62111473083496,130.36216735839844,76.4800033569336
2024-08-07,45.06999969482422,27.583097457885742,129.61582946777344,78.33000183105469
2024-08-08,46.36000061035156,28.02417755126953,131.50900268554688,79.16000366210938
2024-08-09,47.83000183105469,27.765609741210938,131.96409606933594,79.66000366210938
2024-08-12,48.599998474121094,28.396820068359375,131.99136352539062,82.30000305175781
2024-08-13,49.130001068115234,28.22191047668457,131.19952392578125,80.69000244140625
2024-08-14,49.599998474121094,28.716224670410156,131.6728057861328,79.76000213623047
2024-08-15,48.91999816894531,29.157318115234375,133.61146545410156,81.04000091552734
2024-08-16,49.20000076293945,29.278993606567383,134.03924560546875,79.68000030517578
2024-08-19,47.88999938964844,29.23335838317871,135.1344451904297,77.66000366210938
2024-08-20,47.83000183105469,29.11928939819336,133.16488647460938,77.19999694824219
2024-08-21,46.849998474121094,28.944379806518555,133.74472045898438,76.05000305175781
2024-08-22,46.86000061035156,29.032909393310547,134.12203979492188,77.22000122070312
2024-08-23,47.04999923706055,28.8530216217041,135.86151123046875,79.0199966430664
2024-08-26,47.25,30.949146270751953,136.67140197753906,81.43000030517578
2024-08-27,47.7400016784668,30.53461456298828,135.244873046875,79.55000305175781
2024-08-28,47.36000061035156,30.972610473632812,134.37057495117188,78.6500015258789
2024-08-29,46.72999954223633,30.761436462402344,135.6774444580078,79.94000244140625
2024-08-30,46.84000015258789,30.792720794677734,136.16522216796875,78.80000305175781
2024-09-03,44.29999923706055,30.135730743408203,133.1372833251953,73.75
2024-09-04,43.720001220703125,30.143545150756836,130.75360107421875,72.69999694824219
2024-09-05,43.52000045776367,29.955833435058594,129.70437622070312,72.69000244140625
2024-09-06,42.459999084472656,29.369226455688477,127.52315521240234,71.05999755859375
2024-09-09,41.959999084472656,29.689905166625977,129.12457275390625,71.83999633789062
2024-09-10,42.20000076293945,29.197166442871094,127.21946716308594,69.19000244140625
2024-09-11,42.529998779296875,29.165874481201172,126.89735412597656,70.61000061035156
2024-09-12,42.279998779296875,28.837377548217773,128.12139892578125,71.97000122070312
2024-09-13,43.310001373291016,28.70442008972168,129.40988159179688,71.61000061035156
2024-09-16,42.7400016784668,29.103303909301758,130.77198791503906,72.75
2024-09-17,43.36000061035156,28.97034454345703,131.98684692382812,73.69999694824219
2024-09-18,43.189998626708984,28.274242401123047,132.4930419921875,73.6500015258789
2024-09-19,44.0099983215332,28.368099212646484,133.4409942626953,74.87999725341797
2024-09-20,44.20000076293945,28.360273361206055,134.07603454589844,74.48999786376953
2024-09-23,44.58000183105469,28.64966583251953,135.78787231445312,73.9000015258789
2024-09-24,46.540000915527344,28.766986846923828,135.70504760742188,75.16999816894531
2024-09-25,44.810001373291016,28.97816276550293,132.50225830078125,73.45999908447266
2024-09-26,42.63999938964844,28.352455139160156,130.6799774169922,71.5999984741211
2024-09-27,43.58000183105469,28.242956161499023,133.9011688232422,71.9800033569336
2024-09-30,43.33000183105469,28.16474151611328,135.5394287109375,71.7699966430664
2024-10-01,44.2599983215332,28.91559600830078,137.77581787109375,73.55999755859375
2024-10-02,44.119998931884766,29.314481735229492,138.92626953125,73.9000015258789
2024-10-03,44.61000061035156,29.674264907836914,139.20237731933594,77.62000274658203
2024-10-04,44.810001373291016,29.596050262451172,138.73300170898438,78.05000305175781
2024-10-07,45.529998779296875,30.01058006286621,139.08273315429688,80.93000030517578
2024-10-08,44.11000061035156,29.40833854675293,136.90150451660156,77.18000030517578
2024-10-09,43.70000076293945,29.111127853393555,137.7298126220703,76.58000183105469
2024-10-10,44.880001068115234,29.44744300842285,138.62254333496094,79.4000015258789
2024-10-11,44.2599983215332,29.423978805541992,139.3588409423828,79.04000091552734
2024-10-14,43.43000030517578,29.494373321533203,139.6901397705078,77.45999908447266
2024-10-15,43.29999923706055,29.25191307067871,135.96275329589844,74.25
2024-10-16,42.77000045776367,29.103303909301758,136.88308715820312,74.22000122070312
2024-10-17,42.70000076293945,28.884305953979492,139.15635681152344,74.44999694824219
2024-10-18,42.18000030517578,28.806093215942383,138.74220275878906,73.05999755859375
2024-10-21,41.91999816894531,28.352455139160156,138.86183166503906,74.29000091552734
2024-10-22,41.61000061035156,28.242956161499023,138.89865112304688,76.04000091552734
2024-10-23,41.20000076293945,27.890995025634766,138.4936981201172,74.95999908447266
2024-10-24,41.959999084472656,28.078706741333008,138.46607971191406,74.37999725341797
2024-10-25,41.650001525878906,28.274242401123047,138.7974395751953,76.05000305175781
2024-10-28,40.95000076293945,28.227310180664062,138.5489044189453,71.41999816894531
2024-10-29,40.5,28.16474151611328,136.6898193359375,71.12000274658203
2024-10-30,41.209999084472656,28.03959846496582,136.25726318359375,72.55000305175781
2024-10-31,40.97999954223633,28.08652687072754,136.9659423828125,73.16000366210938
2024-11-01,39.849998474121094,27.703283309936523,140.8773956298828,73.0999984741211
2024-11-04,40.880001068115234,27.765853881835938,141.70571899414062,75.08000183105469
2024-11-05,40.33000183105469,27.67981719970703,141.19033813476562,75.52999877929688
2024-11-06,40.88999938964844,27.687641143798828,145.15701293945312,74.91999816894531
2024-11-07,39.90999984741211,27.77366828918457,144.28268432617188,75.62999725341797
2024-11-08,38.970001220703125,28.29770278930664,144.42994689941406,73.87000274658203
2024-11-11,39.310001373291016,28.352455139160156,144.0341796875,71.83000183105469
2024-11-12,39.20000076293945,28.884305953979492,142.92056274414062,71.88999938964844
2024-11-13,39.349998474121094,28.84520149230957,146.07736206054688,72.27999877929688
2024-11-14,39.70000076293945,29.150236129760742,148.91201782226562,72.55999755859375
2024-11-18,40.20000076293945,29.87762451171875,149.46412658691406,73.30000305175781
2024-11-19,39.77000045776367,29.564767837524414,148.38565063476562,73.30999755859375
2024-11-21,39.130001068115234,29.650798797607422,150.27301025390625,74.2300033569336
2024-11-22,40.400001525878906,30.83182716369629,150.95172119140625,75.16999816894531
2024-11-25,39.849998474121094,30.644115447998047,149.0922393798828,73.01000213623047
2024-11-26,39.849998474121094,30.605010986328125,151.10975646972656,72.80999755859375
2024-11-27,39.56999969482422,30.495515823364258,150.71923828125,72.83000183105469
2024-11-29,40.13999938964844,30.42511558532715,150.55191040039062,72.94000244140625
2024-12-02,40.0,30.620649337768555,150.81224060058594,71.83000183105469
2024-12-03,40.810001373291016,30.894399642944336,150.54263305664062,73.62000274658203
2024-12-04,39.709999084472656,30.698867797851562,147.19557189941406,72.30999755859375
2024-12-05,40.65999984741211,31.00389862060547,148.13461303710938,72.08999633789062
2024-12-06,39.70000076293945,30.526796340942383,144.33201599121094,71.12000274658203
2024-12-09,39.900001525878906,31.31675148010254,146.04270935058594,72.13999938964844
2024-12-10,40.04999923706055,31.4340763092041,145.96832275390625,72.19000244140625
2024-12-11,41.9900016784668,31.746929168701172,145.23385620117188,73.5199966430664
2024-12-12,41.04999923706055,31.179088592529297,143.83924865722656,73.41000366210938
2024-12-13,41.5,30.98391342163086,143.0582733154297,74.48999786376953
2024-12-16,41.150001525878906,30.853796005249023,138.86517333984375,73.91000366210938
2024-12-17,41.31999969482422,31.146556854248047,137.70301818847656,73.19000244140625
2024-12-18,39.91999816894531,30.341466903686523,133.95616149902344,73.38999938964844
2024-12-19,39.68000030517578,30.2194766998291,131.23204040527344,72.87999725341797
2024-12-20,40.27000045776367,29.967378616333008,132.8125762939453,72.94000244140625
2024-12-23,39.25,29.97551155090332,132.9241485595703,72.62999725341797
2024-12-26,39.900001525878906,30.200847625732422,133.86318969726562,73.26000213623047
2024-12-27,39.90999984741211,30.10797691345215,133.88177490234375,74.16999816894531
2024-12-30,40.150001525878906,30.555458068847656,133.01712036132812,74.38999938964844
2025-01-02,40.77000045776367,31.045154571533203,136.40138244628906,75.93000030517578
2025-01-03,40.619998931884766,30.715877532958984,137.46127319335938,76.51000213623047
2025-01-06,40.97999954223633,30.572349548339844,136.91268920898438,76.30000305175781
2025-01-07,41.630001068115234,31.222455978393555,139.07901000976562,77.05000305175781
2025-01-08,41.400001525878906,30.969173431396484,139.73912048339844,76.16000366210938
2025-01-10,42.630001068115234,31.188690185546875,142.37953186035156,79.76000213623047
2025-01-13,42.529998779296875,31.298452377319336,144.4342803955078,81.01000213623047
2025-01-14,42.20000076293945,31.087371826171875,145.8753662109375,79.91999816894531
2025-01-15,43.0,31.484201431274414,147.2048797607422,82.02999877929688
2025-01-16,41.970001220703125,31.28156280517578,148.18109130859375,81.29000091552734
2025-01-17,42.709999084472656,31.4082088470459,150.1242218017578,80.79000091552734
2025-01-21,42.720001220703125,31.49264144897461,147.12120056152344,79.29000091552734
2025-01-22,42.45000076293945,31.315338134765625,145.41981506347656,79.0
2025-01-23,41.47999954223633,31.09581184387207,145.04788208007812,78.29000091552734
2025-01-24,41.150001525878906,30.935396194458008,144.71319580078125,78.5
2025-01-27,42.099998474121094,31.39132308959961,146.18215942382812,77.08000183105469
2025-01-28,41.380001068115234,31.349109649658203,145.23385620117188,77.48999786376953
2025-01-29,40.41999816894531,31.154916763305664,144.75039672851562,76.58000183105469
2025-01-30,41.459999084472656,31.568622589111328,145.3361053466797,76.87000274658203
2025-01-31,40.9900016784668,31.82192039489746,138.7071075439453,76.76000213623047
2025-02-03,41.22999954223633,31.661500930786133,138.8465576171875,75.95999908447266
2025-02-04,41.22999954223633,31.349109649658203,142.4539337158203,76.19999694824219
2025-02-05,40.34000015258789,31.12114715576172,142.2401123046875,74.61000061035156
2025-02-06,40.56999969482422,31.06204605102539,141.2266845703125,74.29000091552734
2025-02-07,39.619998931884766,30.88473892211914,141.89610290527344,74.66000366210938
2025-02-10,40.0,31.09581184387207,144.82476806640625,75.87000274658203
2025-02-11,40.29999923706055,31.09581184387207,146.37742614746094,77.0
2025-02-12,39.5099983215332,30.63144874572754,144.01588439941406,75.18000030517578
2025-02-13,38.88999938964844,30.66522216796875,144.9270477294922,75.0199966430664
2025-02-14,39.43000030517578,31.610843658447266,146.02688598632812,74.73999786376953
2025-02-18,39.0,32.38760757446289,146.79774475097656,75.83999633789062
2025-02-19,39.0099983215332,32.45514678955078,147.80357360839844,76.04000091552734
2025-02-20,38.529998779296875,32.50580978393555,149.27005004882812,76.4800033569336
2025-02-21,37.70000076293945,32.41293716430664,147.5121612548828,74.43000030517578
2025-02-24,36.72999954223633,32.18497085571289,148.4239959716797,74.77999877929688
2025-02-25,36.65999984741211,32.041439056396484,147.04212951660156,73.0199966430664
2025-02-26,36.16999816894531,32.041439056396484,145.8388671875,72.52999877929688
2025-02-27,38.20000076293945,30.91006851196289,147.27716064453125,74.04000091552734
2025-02-28,38.16999816894531,30.3359375,149.1102294921875,73.18000030517578
2025-03-05,37.369998931884766,29.229896545410156,141.7684783935547,69.30000305175781
2025-03-06,37.47999954223633,28.92594337463379,143.78016662597656,69.45999908447266
2025-03-07,38.31999969482422,29.23834800720215,146.96693420410156,70.36000061035156
2025-03-10,37.529998779296875,29.229896545410156,148.12319946289062,69.27999877929688
2025-03-11,37.15999984741211,28.790857315063477,144.84242248535156,69.55999755859375
2025-03-12,36.880001068115234,28.790857315063477,143.51698303222656,70.94999694824219
2025-03-13,36.5,29.077922821044922,144.40061950683594,69.87999725341797
2025-03-14,39.349998474121094,29.972890853881836,147.6061553955078,70.58000183105469
2025-03-17,39.70000076293945,30.530134201049805,149.20423889160156,71.06999969482422
2025-03-18,39.650001525878906,30.555458068847656,151.16893005371094,70.55999755859375
2025-03-19,39.27000045776367,30.530134201049805,154.21470642089844,70.77999877929688
2025-03-20,39.279998779296875,30.597673416137695,154.89154052734375,72.0
2025-03-21,39.060001373291016,31.070486068725586,154.87274169921875,72.16000366210938
2025-03-24,39.5,31.02827262878418,155.12652587890625,73.0
2025-03-25,39.09000015258789,31.27311897277832,155.99139404296875,73.0199966430664
2025-03-26,40.619998931884766,31.568622589111328,157.89968872070312,73.79000091552734
2025-03-27,40.65999984741211,31.805034637451172,156.65879821777344,74.02999877929688
2025-03-28,40.13999938964844,31.602401733398438,156.13238525390625,73.62999725341797
2025-03-31,39.79999923706055,31.374433517456055,157.2604522705078,74.73999786376953
2025-04-01,40.060001373291016,31.49264144897461,158.40728759765625,74.48999786376953
2025-04-02,39.58000183105469,31.4082088470459,156.48960876464844,74.94999694824219
2025-04-03,36.83000183105469,30.39504623413086,146.76010131835938,70.13999938964844
2025-04-04,33.900001525878906,29.170793533325195,134.68992614746094,65.58000183105469
2025-04-07,34.5099983215332,28.01409912109375,131.74754333496094,64.20999908447266
2025-04-08,33.81999969482422,27.0178165435791,128.72059631347656,62.81999969482422
2025-04-09,35.79999923706055,28.115413665771484,137.27503967285156,65.4800033569336
2025-04-10,32.88999938964844,26.36769676208496,126.88751220703125,63.33000183105469
2025-04-11,34.33000183105469,26.89116859436035,127.49855041503906,64.76000213623047
2025-04-14,33.81999969482422,26.789852142333984,127.2071533203125,64.87999725341797
2025-04-15,33.029998779296875,26.173507690429688,126.47389221191406,64.66999816894531
2025-04-16,33.400001525878906,26.173507690429688,127.2447509765625,65.8499984741211
2025-04-17,34.560001373291016,26.691003799438477,129.604248046875,67.95999908447266
2025-04-22,34.58000183105469,26.75156593322754,129.06845092773438,67.44000244140625
2025-04-23,33.25,26.448747634887695,128.48561096191406,66.12000274658203
2025-04-24,34.5099983215332,26.32762336730957,130.73233032226562,66.55000305175781
2025-04-25,34.880001068115234,26.40549087524414,130.41270446777344,66.87000274658203
2025-04-28,33.810001373291016,26.301666259765625,131.70057678222656,65.86000061035156
2025-04-29,34.65999984741211,26.440099716186523,130.9485321044922,64.25
2025-04-30,33.709999084472656,25.946941375732422,127.90277862548828,63.119998931884766
2025-05-02,36.43000030517578,26.656394958496094,130.19651794433594,61.290000915527344
2025-05-05,35.470001220703125,25.66143035888672,127.37635803222656,60.22999954223633
2025-05-06,36.970001220703125,26.085371017456055,127.4703598022461,62.150001525878906
2025-05-07,35.72999954223633,26.206497192382812,127.64895629882812,61.119998931884766
2025-05-08,36.65999984741211,26.569873809814453,128.82400512695312,62.84000015258789
2025-05-09,36.66999816894531,26.7429141998291,130.18710327148438,63.90999984741211
2025-05-12,38.560001373291016,27.383150100708008,133.12942504882812,64.95999908447266
2025-05-13,39.27000045776367,27.798442840576172,133.81570434570312,66.62999725341797
2025-05-14,39.20000076293945,27.60809898376465,133.1764373779297,66.08999633789062
2025-05-15,39.0,27.5734920501709,133.73106384277344,64.52999877929688
2025-05-16,39.43000030517578,27.703269958496094,133.58067321777344,65.41000366210938
2025-05-19,39.38999938964844,27.668663024902344,131.7728271484375,65.54000091552734
2025-05-20,39.7400016784668,27.78113555908203,130.6119842529297,65.37999725341797
2025-05-21,39.75,27.469669342041016,128.9849395751953,64.91000366210938
2025-05-22,38.97999954223633,27.106290817260742,128.72802734375,64.44000244140625
2025-05-23,38.79999923706055,27.166852951049805,129.91738891601562,64.77999877929688
2025-05-27,39.40999984741211,27.279327392578125,131.1448211669922,64.08999633789062
2025-05-28,39.20000076293945,27.19281005859375,129.422607421875,64.9000015258789
2025-05-29,40.0,27.028423309326172,131.220947265625,64.1500015258789
2025-05-30,38.95000076293945,26.7342586517334,130.06964111328125,63.900001525878906
2025-06-02,39.7400016784668,26.889995574951172,131.15435791015625,64.62999725341797
2025-06-03,40.95000076293945,26.898162841796875,132.78140258789062,65.62999725341797
2025-06-04,40.900001525878906,26.158418655395508,130.70713806152344,64.86000061035156
2025-06-05,41.04999923706055,26.167333602905273,130.25994873046875,65.33999633789062
2025-06-06,42.5099983215332,26.443622589111328,133.409423828125,66.47000122070312
2025-06-09,42.150001525878906,25.99799346923828,133.93270874023438,67.04000091552734
2025-06-10,42.56999969482422,26.782299041748047,136.3970947265625,66.87000274658203
2025-06-11,43.310001373291016,27.673559188842773,137.75772094726562,69.7699966430664
2025-06-12,43.220001220703125,28.297441482543945,137.9385223388672,69.36000061035156
2025-06-13,43.97999954223633,28.992618560791016,138.83291625976562,74.2300033569336
2025-06-16,43.18000030517578,28.70741844177246,138.9470977783203,73.2300033569336
2025-06-17,44.029998779296875,29.358036041259766,141.63034057617188,76.44999694824219
2025-06-18,43.70000076293945,29.331298828125,141.00233459472656,76.69999694824219
2025-06-20,43.560001373291016,29.251087188720703,142.29637145996094,77.01000213623047
2025-06-23,43.25,28.520254135131836,139.7368621826172,71.4800033569336
2025-06-24,41.560001373291016,27.95876121520996,136.58738708496094,67.13999938964844
2025-06-25,41.029998779296875,27.816158294677734,136.28289794921875,67.68000030517578
2025-06-26,41.849998474121094,28.038972854614258,137.43423461914062,67.7300033569336
2025-06-27,41.869998931884766,27.816158294677734,136.8157501220703,67.7699966430664
2025-06-30,42.400001525878906,27.96767234802246,136.244873046875,67.61000061035156
2025-07-01,41.79999923706055,28.065711975097656,138.50941467285156,67.11000061035156
2025-07-02,42.15999984741211,28.564815521240234,140.8025360107422,69.11000061035156
2025-07-03,42.58000183105469,28.66285514831543,141.17359924316406,68.80000305175781
2025-07-07,41.7599983215332,28.57373046875,140.2506561279297,69.58000183105469
2025-07-08,43.08000183105469,28.983707427978516,145.80738830566406,70.1500015258789
2025-07-09,42.56999969482422,28.80545425415039,145.59805297851562,70.19000244140625
2025-07-10,41.79999923706055,28.734159469604492,146.69229125976562,68.63999938964844
2025-07-11,42.720001220703125,29.08174705505371,147.77699279785156,70.36000061035156
2025-07-14,42.900001525878906,28.698505401611328,144.29452514648438,69.20999908447266
2025-07-15,42.119998931884766,28.475692749023438,143.38108825683594,68.70999908447266
2025-07-16,42.38999938964844,28.33308982849121,142.64842224121094,68.5199966430664
2025-07-17,43.29999923706055,28.04788589477539,144.03761291503906,69.5199966430664
2025-07-18,43.290000915527344,27.62008285522461,142.76260375976562,69.27999877929688
2025-07-21,42.7599983215332,27.673559188842773,142.42005920410156,69.20999908447266
2025-07-22,42.58000183105469,27.940937042236328,142.76260375976562,68.58999633789062
2025-07-23,42.470001220703125,28.511341094970703,145.6931915283203,68.51000213623047
2025-07-24,42.29999923706055,28.466777801513672,148.2717742919922,69.18000030517578
2025-07-25,41.900001525878906,28.50242805480957,147.3297882080078,68.44000244140625
2025-07-28,41.47999954223633,28.53807830810547,148.699951171875,70.04000091552734
2025-07-29,41.970001220703125,28.912405014038086,149.41357421875,72.51000213623047
2025-07-30,42.720001220703125,29.206523895263672,146.1118621826172,73.23999786376953
2025-07-31,42.189998626708984,29.09065818786621,144.28500366210938,72.52999877929688
2025-08-01,40.9900016784668,28.70741844177246,144.056640625,69.66999816894531
2025-08-04,40.47999954223633,28.66285514831543,143.714111328125,68.76000213623047
2025-08-05,40.619998931884766,28.79654312133789,145.61708068847656,67.63999938964844
2025-08-06,39.790000915527344,28.83219337463379,145.3697052001953,66.88999938964844
2025-08-07,39.650001525878906,28.992618560791016,145.7312774658203,66.43000030517578
2025-08-08,39.540000915527344,27.210105895996094,147.49154663085938,66.58999633789062
2025-08-11,39.130001068115234,27.379444122314453,146.0072021484375,66.62999725341797
2025-08-12,39.27000045776367,27.450742721557617,146.94920349121094,66.12000274658203
2025-08-13,38.869998931884766,27.24575424194336,148.30982971191406,65.62999725341797
2025-08-14,38.79999923706055,26.898162841796875,147.63427734375,66.83999633789062
2025-08-15,38.810001373291016,26.889249801635742,148.95684814453125,65.8499984741211
2025-08-18,37.59000015258789,27.058591842651367,147.78651428222656,66.5999984741211
2025-08-19,36.849998474121094,26.773386001586914,146.23753356933594,65.79000091552734
2025-08-20,37.29999923706055,26.933813095092773,147.4113006591797,66.83999633789062
2025-08-21,37.5,26.996204376220703,149.65296936035156,67.66999816894531
2025-08-22,38.04999923706055,27.772708892822266,152.18325805664062,67.7300033569336
2025-08-25,38.18000030517578,27.936777114868164,152.20248413085938,68.80000305175781
2025-08-26,37.72999954223633,27.736251831054688,151.3943328857422,67.22000122070312
2025-08-27,38.349998474121094,27.945892333984375,153.2030792236328,68.05000305175781
2025-08-28,38.58000183105469,28.19198989868164,153.28005981445312,68.62000274658203
2025-08-29,37.869998931884766,28.346942901611328,154.51150512695312,68.12000274658203
2025-09-02,37.9900016784668,28.55657958984375,155.69488525390625,69.13999938964844
2025-09-03,37.5099983215332,28.310482025146484,152.06781005859375,67.5999984741211
2025-09-04,37.31999969482422,28.310482025146484,151.71182250976562,66.98999786376953
2025-09-05,36.54999923706055,27.88208770751953,147.83460998535156,65.5
2025-09-08,36.59000015258789,27.991466522216797,148.16172790527344,66.0199966430664
2025-09-09,37.09000015258789,28.210220336914062,148.97950744628906,66.38999938964844
2025-09-10,37.630001068115234,28.72064971923828,151.80804443359375,67.48999786376953
2025-09-11,37.90999984741211,28.611270904541016,152.25062561035156,66.37000274658203
2025-09-12,38.150001525878906,28.419858932495117,151.15382385253906,66.98999786376953
2025-09-15,37.970001220703125,28.665958404541016,151.3462371826172,67.44000244140625
2025-09-16,38.470001220703125,28.73887825012207,153.49168395996094,68.47000122070312
2025-09-17,38.2400016784668,28.91205596923828,154.02085876464844,67.94999694824219
2025-09-18,38.88999938964844,28.629501342773438,152.8182373046875,67.44000244140625
2025-09-19,38.060001373291016,28.310482025146484,150.28794860839844,66.68000030517578
2025-09-22,38.18000030517578,28.593040466308594,150.13400268554688,66.56999969482422
2025-09-23,38.58000183105469,29.076126098632812,151.45205688476562,67.62999725341797
2025-09-24,38.90999984741211,29.73238754272461,153.1453399658203,69.30999755859375
2025-09-25,39.150001525878906,29.495403289794922,154.626953125,69.41999816894531
2025-09-26,39.2400016784668,29.395139694213867,154.08819580078125,70.12999725341797
2025-09-29,38.90999984741211,28.994089126586914,150.18211364746094,67.97000122070312
2025-09-30,38.130001068115234,28.675073623657227,149.40281677246094,67.0199966430664
2025-10-01,38.38999938964844,28.602153778076172,148.71974182128906,65.3499984741211
2025-10-02,38.29999923706055,28.328712463378906,147.5555877685547,64.11000061035156
2025-10-03,38.2400016784668,28.255794525146484,147.72877502441406,64.52999877929688
2025-10-06,37.90999984741211,28.000581741333008,148.18096923828125,65.47000122070312
2025-10-07,37.72999954223633,28.10084342956543,149.0372314453125,65.44999694824219
2025-10-08,37.63999938964844,27.936777114868164,147.91159057617188,66.25
2025-10-09,37.279998779296875,27.53572654724121,145.89120483398438,65.22000122070312
2025-10-10,36.02000045776367,27.289628982543945,143.25506591796875,62.72999954223633
2025-10-13,36.29999923706055,27.553955078125,146.17982482910156,63.31999969482422
2025-10-14,35.31999969482422,27.362545013427734,146.61276245117188,62.38999938964844
2025-10-15,34.599998474121094,27.11644744873047,146.3433837890625,61.90999984741211
2025-10-16,34.20000076293945,26.84300422668457,145.9585418701172,61.060001373291016
2025-10-17,36.119998931884766,27.098217010498047,147.27658081054688,61.290000915527344
2025-10-20,35.40999984741211,27.11644744873047,148.62351989746094,61.0099983215332
2025-10-21,35.150001525878906,26.897693634033203,147.9596710205078,61.31999969482422
2025-10-22,36.209999084472656,27.207595825195312,149.67221069335938,62.59000015258789
2025-10-23,36.86000061035156,27.517498016357422,150.62466430664062,65.98999786376953
2025-10-24,37.04999923706055,27.19847869873047,149.66258239746094,65.94000244140625
2025-10-27,37.0,27.344316482543945,149.39320373535156,65.62000274658203
2025-10-28,36.43000030517578,27.335201263427734,148.28680419921875,64.4000015258789
2025-10-29,36.0,27.362545013427734,149.2200164794922,64.91999816894531
2025-10-30,35.77000045776367,27.24405288696289,147.69993591308594,65.0
2025-10-31,36.029998779296875,27.11644744873047,151.74069213867188,65.06999969482422
2025-11-03,36.439998626708984,27.435466766357422,148.20021057128906,64.88999938964844
2025-11-04,36.75,27.572185516357422,147.57484436035156,64.44000244140625
2025-11-05,37.810001373291016,28.11907196044922,146.8725128173828,63.52000045776367
2025-11-06,38.459999084472656,28.264909744262695,147.1419219970703,63.380001068115234
2025-11-07,38.849998474121094,29.331336975097656,149.14305114746094,63.630001068115234
2025-11-10,39.22999954223633,29.495403289794922,149.74916076660156,64.05999755859375
2025-11-11,40.29999923706055,30.261045455932617,150.3168182373047,65.16000366210938
2025-11-12,40.0099983215332,29.486286163330078,147.5074920654297,62.709999084472656
2025-11-13,39.83000183105469,29.613895416259766,149.68182373046875,63.0099983215332
2025-11-14,39.790000915527344,29.80530548095703,151.6444854736328,64.38999938964844
2025-11-17,39.849998474121094,29.969369888305664,148.95065307617188,64.19999694824219
2025-11-18,40.040000915527344,30.06963539123535,149.44677734375,64.88999938964844
2025-11-19,39.40999984741211,29.914684295654297,147.57894897460938,63.5099983215332
2025-11-21,38.79999923706055,29.686813354492188,145.90565490722656,62.560001373291016
2025-11-24,38.540000915527344,29.659469604492188,145.68191528320312,63.369998931884766
2025-11-25,37.52000045776367,29.4224853515625,144.49505615234375,62.47999954223633
2025-11-26,37.9900016784668,29.376911163330078,145.44842529296875,63.130001068115234
2025-11-28,37.209999084472656,28.975862503051758,147.02442932128906,63.20000076293945
2025-12-01,37.560001373291016,29.030550003051758,148.3961181640625,63.16999816894531
2025-12-02,37.58000183105469,29.231075286865234,146.1683349609375,62.45000076293945
2025-12-03,39.33000183105469,29.449831008911133,147.471923828125,62.66999816894531
2025-12-04,39.59000015258789,29.641239166259766,148.12371826171875,63.2599983215332
2025-12-05,39.2599983215332,28.593040466308594,145.92514038085938,63.75
2025-12-08,39.349998474121094,28.85736846923828,144.670166015625,62.4900016784668
2025-12-09,39.79999923706055,29.03966522216797,144.45616149902344,61.939998626708984
2025-12-10,39.599998474121094,29.112581253051758,147.29681396484375,62.209999084472656
2025-12-11,38.93000030517578,28.629501342773438,146.6255645751953,61.279998779296875
2025-12-12,39.40999984741211,28.79356575012207,145.9154052734375,61.119998931884766
2025-12-15,39.5,28.893831253051758,145.73057556152344,60.560001373291016
2025-12-16,38.54999923706055,28.018810272216797,142.76341247558594,58.91999816894531
2025-12-17,38.56999969482422,28.328712463378906,145.4581756591797,59.68000030517578
2025-12-18,38.54999923706055,28.164648056030273,143.67787170410156,59.81999969482422
2025-12-19,38.209999084472656,28.264909744262695,143.73623657226562,60.470001220703125
2025-12-22,39.40999984741211,28.346942901611328,145.73057556152344,62.06999969482422
2025-12-23,40.41999816894531,28.4993839263916,146.4212646484375,62.380001068115234
2025-12-26,40.599998474121094,28.593412399291992,145.944580078125,60.63999938964844
2025-12-29,41.13999938964844,28.8942928314209,146.8882293701172,61.939998626708984
2025-12-30,41.41999816894531,28.978918075561523,148.17237854003906,61.91999816894531
2026-01-02,41.7599983215332,28.87548828125,151.6648406982422,60.75
2026-01-05,41.150001525878906,28.39595603942871,159.39889526367188,61.7599983215332
2026-01-06,40.81999969482422,27.86940574645996,152.28744506835938,60.70000076293945
2026-01-07,41.06999969482422,28.048057556152344,150.98385620117188,59.959999084472656
2026-01-08,41.83000183105469,28.39595603942871,154.92384338378906,61.9900016784668
2026-01-09,42.68000030517578,28.48998260498047,157.70614624023438,63.34000015258789
2026-01-12,43.2400016784668,28.546396255493164,157.92990112304688,63.869998931884766
2026-01-13,42.79999923706055,29.279800415039062,159.41831970214844,65.47000122070312
2026-01-14,44.06999969482422,30.07902717590332,162.69680786132812,66.5199966430664
2026-01-15,43.779998779296875,29.890975952148438,161.64613342285156,63.7599983215332
2026-01-16,44.16999816894531,30.126039505004883,161.743408203125,64.12999725341797
2026-01-20,45.40999984741211,30.361106872558594,160.8094940185547,64.91999816894531
2026-01-21,46.880001068115234,31.433006286621094,162.20065307617188,65.23999786376953
2026-01-22,46.25,31.574047088623047,162.13253784179688,64.05999755859375
2026-01-23,48.52000045776367,32.94683074951172,162.19090270996094,65.87999725341797
2026-01-26,48.5,33.24771499633789,162.94972229003906,65.58999633789062
2026-01-27,49.0099983215332,33.97172164916992,164.45762634277344,67.56999969482422
2026-01-28,50.5,35.10943603515625,165.31370544433594,68.4000015258789
2026-01-29,51.5099983215332,35.447933197021484,166.53948974609375,70.70999908447266
2026-01-30,50.9900016784668,35.50434494018555,172.0943603515625,70.69000244140625
2026-02-02,50.880001068115234,35.01540756225586,169.30233764648438,66.30000305175781
2026-02-03,51.5,35.33510208129883,173.20338439941406,67.33000183105469
2026-02-04,50.25,35.2786865234375,176.3067169189453,69.45999908447266
2026-02-05,49.150001525878906,34.78974914550781,174.36106872558594,67.55000305175781
2026-02-06,50.630001068115234,34.460655212402344,175.94679260253906,68.05000305175781
2026-02-09,51.04999923706055,35.09062957763672,177.63954162597656,69.04000091552734
2026-02-10,51.470001220703125,35.118839263916016,177.30874633789062,68.80000305175781
2026-02-11,53.599998474121094,35.80522918701172,180.77206420898438,69.4000015258789
2026-02-12,52.22999954223633,34.89317321777344,177.4449462890625,67.5199966430664
2026-02-13,52.560001373291016,34.686317443847656,178.74855041503906,67.75
2026-02-18,53.779998779296875,34.9683952331543,180.6248321533203,70.3499984741211
2026-02-19,54.93000030517578,35.551361083984375,181.51876831054688,71.66000366210938
2026-02-20,55.02000045776367,35.701805114746094,180.6837615966797,71.76000213623047
2026-02-23,53.45000076293945,36.284767150878906,181.64649963378906,71.48999786376953
2026-02-24,54.68000030517578,37.20622634887695,182.0688934326172,70.7699966430664
2026-02-25,53.630001068115234,37.20622634887695,180.96865844726562,70.8499984741211
2026-02-26,52.34000015258789,37.243839263916016,180.90972900390625,70.75
2026-02-27,54.4900016784668,36.980560302734375,183.46383666992188,72.4800033569336
2026-03-02,57.279998779296875,38.67303466796875,186.25372314453125,77.73999786376953
2026-03-03,55.119998931884766,38.503787994384766,185.4383544921875,81.4000015258789
2026-03-04,55.52000045776367,38.080665588378906,182.74671936035156,81.4000015258789
2026-03-05,56.959999084472656,38.259315490722656,186.54840087890625,85.41000366210938
2026-03-06,59.38999938964844,39.64150619506836,186.5877227783203,92.69000244140625
2026-03-09,59.70000076293945,40.58176803588867,186.09652709960938,98.95999908447266
2026-03-10,58.900001525878906,40.365509033203125,183.0021209716797,87.80000305175781
2026-03-11,59.349998474121094,42.123802185058594,188.40505981445312,91.9800033569336
2026-03-12,59.5,42.311851501464844,193.49363708496094,100.45999908447266
2026-03-13,57.79999923706055,42.00156784057617,193.34629821777344,103.13999938964844
2026-03-16,59.79999923706055,43.1204833984375,193.3659210205078,100.20999908447266
2026-03-17,62.689998626708984,43.60941696166992,194.4759979248047,103.41999816894531
2026-03-18,66.02999877929688,44.192378997802734,195.1046905517578,107.37999725341797
2026-03-19,65.81999969482422,43.98551940917969,197.88473510742188,108.6500015258789
2026-03-20,67.88999938964844,42.941829681396484,198.16961669921875,112.19000244140625
2026-03-23,65.95999908447266,43.28032302856445,201.5882110595703,99.94000244140625
2026-03-24,67.62999725341797,44.446250915527344,203.14031982421875,104.48999786376953
2026-03-25,67.27999877929688,44.662513732910156,201.52926635742188,102.22000122070312
2026-03-26,68.76000213623047,45.151451110839844,204.12266540527344,108.01000213623047
2026-03-27,70.81999969482422,46.45841598510742,207.42337036132812,112.56999969482422
2026-03-30,72.0999984741211,46.702884674072266,206.9911346435547,112.77999877929688
2026-03-31,66.20999908447266,45.76262283325195,203.24838256835938,118.3499984741211
2026-04-01,64.12999725341797,44.54027557373047,193.92587280273438,101.16000366210938
2026-04-02,67.7699966430664,45.273685455322266,195.45834350585938,109.02999877929688
2026-04-06,67.30000305175781,46.0164909362793,195.35028076171875,109.7699966430664
2026-04-07,67.81999969482422,45.612178802490234,197.98297119140625,109.2699966430664
2026-04-08,64.0999984741211,43.82567596435547,189.4856414794922,94.75
2026-04-09,65.44999694824219,45.03861999511719,187.00030517578125,95.91999816894531
2026-04-10,67.6500015258789,46.10111618041992,185.2222442626953,95.19999694824219
2026-04-13,66.80000305175781,46.80630874633789,188.39523315429688,99.36000061035156
2026-04-14,65.08000183105469,45.019813537597656,183.71923828125,94.79000091552734
2026-04-15,63.189998626708984,44.08895492553711,181.64649963378906,94.93000030517578
2026-04-16,64.25,45.67799758911133,184.8292999267578,99.38999938964844
2026-04-17,61.65999984741211,43.45897674560547,180.7427215576172,90.37999725341797
2026-04-20,61.630001068115234,44.21118927001953,180.01577758789062,95.4800033569336
2026-04-22,62.70000076293945,44.822357177734375,183.03160095214844,101.91000366210938
2026-04-23,62.720001220703125,45.54999542236328,184.2890167236328,105.06999969482422
2026-04-24,62.630001068115234,44.968345642089844,181.9412078857422,105.33000183105469
2026-04-27,64.3499984741211,45.168582916259766,181.51876831054688,108.2300033569336
2026-04-28,64.4000015258789,45.31161880493164,185.0355987548828,111.26000213623047
2026-04-29,66.37999725341797,46.6846923828125,188.8274688720703,118.02999877929688
2026-04-30,66.41000366210938,46.79912185668945,189.89822387695312,114.01000213623047
2026-05-04,70.16000366210938,47.047035217285156,188.88641357421875,114.44000244140625
2026-05-05,69.5,46.39863586425781,189.24005126953125,109.87000274658203
2026-05-06,66.54000091552734,45.07323455810547,181.89207458496094,101.2699966430664
2026-05-07,64.4000015258789,44.0720329284668,179.27902221679688,100.05999755859375
2026-05-08,63.27000045776367,43.54758834838867,178.41455078125,101.29000091552734
2026-05-11,63.630001068115234,44.27227020263672,181.4794921875,104.20999908447266
2026-05-12,64.62999725341797,43.55712890625,182.66812133789062,107.7699966430664
2026-05-13,65.44999694824219,42.49871063232422,182.71725463867188,105.62999725341797
2026-05-14,67.29000091552734,42.90872573852539,183.345947265625,105.72000122070312
2026-05-15,68.80000305175781,43.35688781738281,187.72723388671875,109.26000213623047
2026-05-18,68.81999969482422,44.28180694580078,192.65863037109375,112.0999984741211
2026-05-19,69.31999969482422,43.94807434082031,195.54345703125,111.27999877929688
2026-05-20,68.62999725341797,42.527313232421875,189.6746826171875,105.0199966430664
2026-05-21,68.0,42.86104965209961,189.35743713378906,102.58000183105469
2026-05-22,68.4000015258789,42.41289520263672,189.7738037109375,103.54000091552734
2026-05-26,64.75,41.42122268676758,183.11195373535156,99.58000183105469
2026-05-27,62.97999954223633,40.83003616333008,180.82192993164062,94.29000091552734
2026-05-28,62.970001220703125,40.53444290161133,181.4464874267578,93.70999908447266
2026-05-29,62.25,40.04814529418945,180.8814239501953,92.05000305175781
2026-06-01,62.81999969482422,40.40094757080078,184.22225952148438,94.9800033569336
2026-06-02,61.97999954223633,40.304935455322266,185.92738342285156,96.0
2026-06-03,62.59000015258789,39.99467468261719,188.06869506835938,97.80999755859375
2026-06-05,61.119998931884766,39.6456298828125,185.689453125,93.08999633789062
2026-06-08,62.540000915527344,39.96559143066406,187.60276794433594,94.25
2026-06-09,61.79999923706055,39.91710662841797,185.1442108154297,91.44999694824219
2026-06-10,62.880001068115234,40.382503509521484,188.1579132080078,93.0999984741211
2026-06-11,62.04999923706055,40.48915481567383,184.2123565673828,90.37999725341797
2026-06-12,61.34000015258789,39.92680740356445,185.60023498535156,87.33000183105469
2026-06-15,57.099998474121094,37.87132263183594,178.8392333984375,83.16999816894531
2026-06-16,56.849998474121094,37.367149353027344,178.55174255371094,78.95999908447266
2026-06-17,56.7400016784668,37.39623260498047,176.04364013671875,79.55000305175781
2026-06-18,56.970001220703125,37.66770935058594,172.1278076171875,79.8499984741211
2026-06-22,56.68000030517578,37.97797393798828,173.54544067382812,77.9000015258789
2026-06-23,56.099998474121094,38.13310623168945,174.4574737548828,77.08000183105469
2026-06-24,54.099998474121094,37.124755859375,169.9666748046875,73.73999786376953
2026-06-25,53.939998626708984,37.27988815307617,170.74984741210938,75.26000213623047
2026-06-26,53.290000915527344,36.901756286621094,169.58004760742188,71.98999786376953
2026-06-29,53.150001525878906,36.97932052612305,167.012451171875,73.1500015258789
2026-06-30,52.150001525878906,36.64966583251953,164.32589721679688,72.91999816894531
2026-07-01,52.400001525878906,36.67875671386719,164.25650024414062,71.56999969482422
2026-07-02,52.56999969482422,36.8047981262207,167.7361297607422,71.80000305175781
2026-07-06,53.56999969482422,36.62057876586914,166.64566040039062,71.98999786376953
2026-07-07,56.22999954223633,37.27018737792969,172.5045166015625,74.16000366210938
2026-07-08,56.41999816894531,38.44336700439453,174.44757080078125,78.0199966430664
2026-07-09,55.61000061035156,38.01675796508789,172.54417419433594,76.30000305175781
2026-07-10,55.45000076293945,38.44336700439453,174.87384033203125,76.01000213623047
2026-07-13,57.20000076293945,39.422630310058594,180.6236572265625,83.30000305175781
2026-07-14,57.56999969482422,39.422630310058594,180.18746948242188,84.7300033569336
2026-07-15,57.5,39.354759216308594,180.02886962890625,84.94999694824219
2026-07-16,56.790000915527344,38.676063537597656,182.26930236816406,84.2300033569336
2026-07-17,57.849998474121094,39.65532684326172,185.75885009765625,88.0999984741211
2026-07-20,57.689998626708984,39.89772033691406,188.06869506835938,89.22000122070312
2026-07-21,58.18000030517578,40.39219665527344,189.41693115234375,91.01000213623047
2026-07-22,59.77000045776367,41.284202575683594,191.31039428710938,94.06999969482422
2026-07-23,60.540000915527344,41.642940521240234,192.73794555664062,100.69000244140625
2026-07-24,58.81999969482422,40.92546081542969,193.104736328125,96.77999877929688
2026-07-27,55.709999084472656,39.76197814941406,188.35618591308594,88.36000061035156
2026-07-28,56.77000045776367,39.95589065551758,185.95712280273438,84.08999633789062
2026-07-29,58.40999984741211,40.72185134887695,190.20008850097656,90.73999786376953
2026-07-30,59.959999084472656,41.53628921508789,190.6461944580078,89.02999877929688
2026-07-31,60.849998474121094,42.098636627197266,195.12709045410156,90.12000274658203
2026-08-03,58.5,41.739898681640625,191.5086669921875,83.7699966430664
2026-08-04,58.45000076293945,41.206634521484375,188.75271606445312,79.36000061035156
2026-08-05,59.20000076293945,40.65398025512695,184.7972412109375,79.44999694824219
2026-08-06,58.61000061035156,40.847896575927734,187.59283447265625,82.48999786376953
2026-08-07,57.45000076293945,39.62623977661133,184.94593811035156,83.55000305175781
2026-08-10,61.2400016784668,40.94485092163086,193.2237091064453,87.72000122070312
2026-08-11,59.25,40.39219665527344,194.9585723876953,88.91000366210938
2026-08-12,59.13999938964844,40.18859100341797,194.8990936279297,88.9800033569336
2026-08-13,59.06999969482422,40.62489700317383,195.98956298828125,87.06999969482422
2026-08-14,58.630001068115234,40.809112548828125,198.26966857910156,88.5199966430664
2026-08-17,61.58000183105469,41.17755126953125,200.94630432128906,90.87000274658203
2026-08-18,61.5,41.303592681884766,203.9600067138672,91.0199966430664
2026-08-19,61.529998779296875,41.798072814941406,205.75999450683594,91.62000274658203
2026-08-20,62.040000915527344,42.971248626708984,205.77000427246094,93.77999877929688
2026-08-21,62.849998474121094,42.95185852050781,205.27000427246094,94.38999938964844
2026-08-24,61.619998931884766,42.11000061035156,203.08999633789062,92.16999816894531
2026-08-25,60.880001068115234,41.349998474121094,199.88999938964844,88.58000183105469
2026-08-26,60.7599983215332,41.45000076293945,200.2100067138672,87.83999633789062
2026-08-27,61.09000015258789,42.70000076293945,199.77000427246094,89.69999694824219
2026-08-28,60.540000915527344,43.54999923706055,201.86000061035156,89.30999755859375
2026-08-31,62.68000030517578,45.02000045776367,206.13999938964844,90.48999786376953
2026-09-01,63.9900016784668,46.869998931884766,211.0500030517578,94.6500015258789
2026-09-02,64.41000366210938,48.20000076293945,211.77999877929688,95.62999725341797
2026-09-03,61.5,47.560001373291016,211.32000732421875,95.5199966430664
2026-09-04,60.189998626708984,47.11000061035156,208.60000610351562,96.27999877929688
2026-09-08,62.0,48.09000015258789,209.8000030517578,97.91999816894531
2026-09-09,62.52000045776367,48.41999816894531,213.80999755859375,101.20999908447266
2026-09-10,64.19000244140625,49.119998931884766,212.75999450683594,107.62999725341797
2026-09-11,64.19000244140625,49.0,214.05999755859375,104.61000061035156
2026-09-14,63.90999984741211,48.91999816894531,212.1699981689453,105.68000030517578
2026-09-15,65.68000030517578,50.43000030517578,217.77000427246094,108.75
2026-09-16,62.58000183105469,48.650001525878906,211.5399932861328,105.83000183105469
2026-09-17,63.290000915527344,48.61000061035156,211.57000732421875,104.81999969482422
2026-09-18,63.2400016784668,48.5,209.50999450683594,103.87000274658203
2026-09-21,61.04999923706055,48.0,203.6699981689453,100.33999633789062
2026-09-22,60.459999084472656,48.349998474121094,202.41000366210938,99.25
2026-09-23,60.86000061035156,49.599998474121094,205.50999450683594,103.08000183105469
2026-09-24,60.709999084472656,49.2599983215332,205.64999389648438,106.5999984741211
2026-09-25,59.349998474121094,48.06999969482422,204.4499969482422,104.31999969482422
