CNPJ_Companhia,Nome_Companhia,Codigo_CVM,Data_Referencia,Categoria,Tipo,Especie,Assunto,Data_Entrega,Tipo_Apresentacao,Protocolo_Entrega,Versao,Link_Download
10.629.105/0001-68,PETRO RIO S.A.,22187,2021-04-20,Assembleia,AGO,Ata,Destinação dos Resultados||Eleição de Membros dos Conselhos de Administração e Fiscal||Remuneração dos Administradores e Conselheiros||Tomada de Contas-Votação do Relatório da Administração e das Demonstrações Financeiras,2021-04-29,RE - Reapresentação Espontânea,022187IPE200420210204431511-38,2,https://www.rad.cvm.gov.br/ENET/frmDownloadDocumento.aspx?Tela=ext&descTipo=IPE&CodigoInstituicao=1&numProtocolo=859919&numSequencia=384656&numVersao=2
10.629.105/0001-68,PETRO RIO S.A.,22187,2021-04-20,Assembleia,AGO,Boletim de voto a distância,,2021-04-06,AP - Apresentação,022187IPE200420210104429211-15,1,https://www.rad.cvm.gov.br/ENET/frmDownloadDocumento.aspx?Tela=ext&descTipo=IPE&CodigoInstituicao=1&numProtocolo=850969&numSequencia=375706&numVersao=1
10.629.105/0001-68,PETRO RIO S.A.,22187,2021-04-20,Assembleia,AGO,Edital de Convocação,Destinação dos Resultados||Remuneração dos Administradores e Conselheiros||Tomada de Contas-Votação do Relatório da Administração e das Demonstrações Financeiras,2021-04-05,AP - Apresentação,022187IPE200420210104429111-29,1,https://www.rad.cvm.gov.br/ENET/frmDownloadDocumento.aspx?Tela=ext&descTipo=IPE&CodigoInstituicao=1&numProtocolo=850504&numSequencia=375241&numVersao=1
10.629.105/0001-68,PETRO RIO S.A.,22187,2021-04-20,Assembleia,AGO,Mapa consolidado de voto a distância,Assembleia Geral Ordinária de 20 de abril de 2021,2021-04-20,RE - Reapresentação Espontânea,022187IPE200420210204430511-23,2,https://www.rad.cvm.gov.br/ENET/frmDownloadDocumento.aspx?Tela=ext&descTipo=IPE&CodigoInstituicao=1&numProtocolo=855324&numSequencia=380061&numVersao=2
10.629.105/0001-68,PETRO RIO S.A.,22187,2021-04-20,Assembleia,AGO,Mapa do Escriturador,Assembleia Geral Ordinária de 20 de abril de 2021,2021-04-19,AP - Apresentação,022187IPE200420210104430511-20,1,https://www.rad.cvm.gov.br/ENET/frmDownloadDocumento.aspx?Tela=ext&descTipo=IPE&CodigoInstituicao=1&numProtocolo=855091&numSequencia=379828&numVersao=1
10.629.105/0001-68,PETRO RIO S.A.,22187,2021-04-20,Assembleia,AGO,Mapa final de votação detalhado,Mapa final de votação detalhado,2021-04-29,AP - Apresentação,022187IPE200420210104431511-44,1,https://www.rad.cvm.gov.br/ENET/frmDownloadDocumento.aspx?Tela=ext&descTipo=IPE&CodigoInstituicao=1&numProtocolo=859705&numSequencia=384442&numVersao=1
10.629.105/0001-68,PETRO RIO S.A.,22187,2021-04-20,Assembleia,AGO,Mapa Final de Votação Sintético,Mapa Final de Votação Sintético - Assembleia Geral Ordinária,2021-04-20,AP - Apresentação,022187IPE200420210104430611-78,1,https://www.rad.cvm.gov.br/ENET/frmDownloadDocumento.aspx?Tela=ext&descTipo=IPE&CodigoInstituicao=1&numProtocolo=855668&numSequencia=380405&numVersao=1
10.629.105/0001-68,PETRO RIO S.A.,22187,2021-04-20,Assembleia,AGO,Proposta da Administração,Destinação dos Resultados||Remuneração dos Administradores e Conselheiros||Tomada de Contas-Votação do Relatório da Administração e das Demonstrações Financeiras,2021-04-05,AP - Apresentação,022187IPE200420210104429111-25,1,https://www.rad.cvm.gov.br/ENET/frmDownloadDocumento.aspx?Tela=ext&descTipo=IPE&CodigoInstituicao=1&numProtocolo=850503&numSequencia=375240&numVersao=1
10.629.105/0001-68,PETRO RIO S.A.,22187,2021-04-20,Assembleia,AGO,Sumário das Decisões,Destinação dos Resultados||Eleição de Membros dos Conselhos de Administração e Fiscal||Remuneração dos Administradores e Conselheiros||Tomada de Contas-Votação do Relatório da Administração e das Demonstrações Financeiras,2021-04-21,AP - Apresentação,022187IPE200420210104430711-44,1,https://www.rad.cvm.gov.br/ENET/frmDownloadDocumento.aspx?Tela=ext&descTipo=IPE&CodigoInstituicao=1&numProtocolo=855875&numSequencia=380612&numVersao=1
10.629.105/0001-68,PETRO RIO S.A.,22187,2021-01-04,Aviso aos Acionistas,Aumento de capital por subscrição privada deliberado em RCA,,,2021-01-05,RE - Reapresentação Espontânea,022187IPE040120210204428712-09,2,https://www.rad.cvm.gov.br/ENET/frmDownloadDocumento.aspx?Tela=ext&descTipo=IPE&CodigoInstituicao=1&numProtocolo=820335&numSequencia=345073&numVersao=2
10.629.105/0001-68,PETRO RIO S.A.,22187,2021-04-15,Aviso aos Acionistas,Data prevista para a assembleia,,Data prevista da assembleia,2021-01-28,RE - Reapresentação Espontânea,022187IPE150420210204422312-42,2,https://www.rad.cvm.gov.br/ENET/frmDownloadDocumento.aspx?Tela=ext&descTipo=IPE&CodigoInstituicao=1&numProtocolo=825536&numSequencia=350274&numVersao=2
10.629.105/0001-68,PETRO RIO S.A.,22187,2021-12-31,Calendário de Eventos Corporativos,,,,2021-04-06,RE - Reapresentação Espontânea,022187IPE311220210304417506-62,3,https://www.rad.cvm.gov.br/ENET/frmDownloadDocumento.aspx?Tela=ext&descTipo=IPE&CodigoInstituicao=1&numProtocolo=850993&numSequencia=375730&numVersao=3
10.629.105/0001-68,PETRO RIO S.A.,22187,2022-12-31,Calendário de Eventos Corporativos,,,,2021-11-24,AP - Apresentação,022187IPE311220220104452404-47,1,https://www.rad.cvm.gov.br/ENET/frmDownloadDocumento.aspx?Tela=ext&descTipo=IPE&CodigoInstituicao=1&numProtocolo=920105&numSequencia=444839&numVersao=1
10.629.105/0001-68,PETRO RIO S.A.,22187,2021-03-02,Comunicado ao Mercado,Apresentações a analistas/agentes do mercado,,Apresentação de Resultados 2020,2021-03-02,AP - Apresentação,022187IPE020320210104425710-97,1,https://www.rad.cvm.gov.br/ENET/frmDownloadDocumento.aspx?Tela=ext&descTipo=IPE&CodigoInstituicao=1&numProtocolo=837807&numSequencia=362545&numVersao=1
10.629.105/0001-68,PETRO RIO S.A.,22187,2021-04-06,Comunicado ao Mercado,Apresentações a analistas/agentes do mercado,,Apresentação Institucional 4T20,2021-04-12,RE - Reapresentação Espontânea,022187IPE060420210204435111-25,2,https://www.rad.cvm.gov.br/ENET/frmDownloadDocumento.aspx?Tela=ext&descTipo=IPE&CodigoInstituicao=1&numProtocolo=852993&numSequencia=377730&numVersao=2
10.629.105/0001-68,PETRO RIO S.A.,22187,2021-03-31,Comunicado ao Mercado,Apresentações a analistas/agentes do mercado,,Apresentação de Resultados 1T21,2021-05-04,AP - Apresentação,022187IPE310320210104432010-72,1,https://www.rad.cvm.gov.br/ENET/frmDownloadDocumento.aspx?Tela=ext&descTipo=IPE&CodigoInstituicao=1&numProtocolo=862442&numSequencia=387179&numVersao=1
10.629.105/0001-68,PETRO RIO S.A.,22187,2021-05-20,Comunicado ao Mercado,Apresentações a analistas/agentes do mercado,,Apresentação Institucional 1T21,2021-05-20,AP - Apresentação,022187IPE200520210104433606-12,1,https://www.rad.cvm.gov.br/ENET/frmDownloadDocumento.aspx?Tela=ext&descTipo=IPE&CodigoInstituicao=1&numProtocolo=869925&numSequencia=394662&numVersao=1
10.629.105/0001-68,PETRO RIO S.A.,22187,2021-05-19,Comunicado ao Mercado,Apresentações a analistas/agentes do mercado,,Apresentação Institucional 1T21 (versão em inglês),2021-05-20,AP - Apresentação,022187IPE190520210104433605-96,1,https://www.rad.cvm.gov.br/ENET/frmDownloadDocumento.aspx?Tela=ext&descTipo=IPE&CodigoInstituicao=1&numProtocolo=869926&numSequencia=394663&numVersao=1
10.629.105/0001-68,PETRO RIO S.A.,22187,2021-06-30,Comunicado ao Mercado,Apresentações a analistas/agentes do mercado,,Apresentação de Resultados 2T21,2021-08-03,AP - Apresentação,022187IPE300620210104441105-96,1,https://www.rad.cvm.gov.br/ENET/frmDownloadDocumento.aspx?Tela=ext&descTipo=IPE&CodigoInstituicao=1&numProtocolo=888689&numSequencia=413425&numVersao=1
10.629.105/0001-68,PETRO RIO S.A.,22187,2021-01-12,Comunicado ao Mercado,Aquisição/Alienação de Participação Acionária (art. 12 da Instr. CVM nº 358),"Declaração de Alienação de Participação Acionária Relevante - Art.12, §4º, da Instrução CVM nº358/02",,2021-01-12,AP - Apresentação,022187IPE120120210104420806-38,1,https://www.rad.cvm.gov.br/ENET/frmDownloadDocumento.aspx?Tela=ext&descTipo=IPE&CodigoInstituicao=1&numProtocolo=822061&numSequencia=346799&numVersao=1
10.629.105/0001-68,PETRO RIO S.A.,22187,2021-12-20,Comunicado ao Mercado,Aquisição/Alienação de Participação Acionária (art. 12 da Instr. CVM nº 358),"Declaração de Alienação de Participação Acionária Relevante - Art.12, §4º, da Instrução CVM nº358/02",,2021-12-20,AP - Apresentação,022187IPE201220210104455010-88,1,https://www.rad.cvm.gov.br/ENET/frmDownloadDocumento.aspx?Tela=ext&descTipo=IPE&CodigoInstituicao=1&numProtocolo=927587&numSequencia=452321&numVersao=1
10.629.105/0001-68,PETRO RIO S.A.,22187,2021-08-31,Comunicado ao Mercado,Aquisição/Alienação de Participação Acionária (art. 12 da Instr. CVM nº 358),Declaração de Aquisição de Participação Acionária Relevante - Art.12 da Instrução CVM nº358/02,,2021-08-31,AP - Apresentação,022187IPE310820210104443906-32,1,https://www.rad.cvm.gov.br/ENET/frmDownloadDocumento.aspx?Tela=ext&descTipo=IPE&CodigoInstituicao=1&numProtocolo=897217&numSequencia=421951&numVersao=1
10.629.105/0001-68,PETRO RIO S.A.,22187,2021-10-18,Comunicado ao Mercado,Aquisição/Alienação de Participação Acionária (art. 12 da Instr. CVM nº 358),Declaração de Aquisição de Participação Acionária Relevante - Art.12 da Instrução CVM nº358/02,,2021-10-18,AP - Apresentação,022187IPE181020210104448705-76,1,https://www.rad.cvm.gov.br/ENET/frmDownloadDocumento.aspx?Tela=ext&descTipo=IPE&CodigoInstituicao=1&numProtocolo=907958&numSequencia=432692&numVersao=1
10.629.105/0001-68,PETRO RIO S.A.,22187,2021-12-02,Comunicado ao Mercado,Aquisição/Alienação de Participação Acionária (art. 12 da Instr. CVM nº 358),Declaração de Aquisição de Participação Acionária Relevante - Art.12 da Instrução CVM nº358/02,,2021-12-02,AP - Apresentação,022187IPE021220210104453211-31,1,https://www.rad.cvm.gov.br/ENET/frmDownloadDocumento.aspx?Tela=ext&descTipo=IPE&CodigoInstituicao=1&numProtocolo=921845&numSequencia=446579&numVersao=1
10.629.105/0001-68,PETRO RIO S.A.,22187,2021-02-18,Comunicado ao Mercado,Esclarecimentos sobre questionamentos da CVM/B3,,Negociações atípicas de valores mobiliários,2021-02-18,AP - Apresentação,022187IPE180220210104424511-21,1,https://www.rad.cvm.gov.br/ENET/frmDownloadDocumento.aspx?Tela=ext&descTipo=IPE&CodigoInstituicao=1&numProtocolo=833109&numSequencia=357847&numVersao=1
10.629.105/0001-68,PETRO RIO S.A.,22187,2021-09-10,Comunicado ao Mercado,Esclarecimentos sobre questionamentos da CVM/B3,,Negociações atípicas de valores mobiliários,2021-09-10,AP - Apresentação,022187IPE100920210104444906-15,1,https://www.rad.cvm.gov.br/ENET/frmDownloadDocumento.aspx?Tela=ext&descTipo=IPE&CodigoInstituicao=1&numProtocolo=899940&numSequencia=424674&numVersao=1
10.629.105/0001-68,PETRO RIO S.A.,22187,2021-09-20,Comunicado ao Mercado,Esclarecimentos sobre questionamentos da CVM/B3,,Negociações atípicas de valores mobiliários,2021-09-20,AP - Apresentação,022187IPE200920210104445911-23,1,https://www.rad.cvm.gov.br/ENET/frmDownloadDocumento.aspx?Tela=ext&descTipo=IPE&CodigoInstituicao=1&numProtocolo=902227&numSequencia=426961&numVersao=1
10.629.105/0001-68,PETRO RIO S.A.,22187,2021-09-30,Comunicado ao Mercado,Esclarecimentos sobre questionamentos da CVM/B3,,Negociações atípicas de valores mobiliários,2021-09-30,AP - Apresentação,022187IPE300920210104446913-97,1,https://www.rad.cvm.gov.br/ENET/frmDownloadDocumento.aspx?Tela=ext&descTipo=IPE&CodigoInstituicao=1&numProtocolo=904545&numSequencia=429279&numVersao=1
10.629.105/0001-68,PETRO RIO S.A.,22187,2021-10-28,Comunicado ao Mercado,Esclarecimentos sobre questionamentos da CVM/B3,,Negociações atípicas de valores mobiliários,2021-10-28,AP - Apresentação,022187IPE281020210104449711-42,1,https://www.rad.cvm.gov.br/ENET/frmDownloadDocumento.aspx?Tela=ext&descTipo=IPE&CodigoInstituicao=1&numProtocolo=910991&numSequencia=435725&numVersao=1
10.629.105/0001-68,PETRO RIO S.A.,22187,2021-01-08,Comunicado ao Mercado,Outros Comunicados Não Considerados Fatos Relevantes,,Dados Operacionais - Dezembro/2020,2021-01-08,AP - Apresentação,022187IPE080120210104420411-87,1,https://www.rad.cvm.gov.br/ENET/frmDownloadDocumento.aspx?Tela=ext&descTipo=IPE&CodigoInstituicao=1&numProtocolo=821585&numSequencia=346323&numVersao=1
10.629.105/0001-68,PETRO RIO S.A.,22187,2021-02-08,Comunicado ao Mercado,Outros Comunicados Não Considerados Fatos Relevantes,,DADOS OPERACIONAIS JANEIRO 2021,2021-02-08,AP - Apresentação,022187IPE080220210104423511-48,1,https://www.rad.cvm.gov.br/ENET/frmDownloadDocumento.aspx?Tela=ext&descTipo=IPE&CodigoInstituicao=1&numProtocolo=828615&numSequencia=353353&numVersao=1
10.629.105/0001-68,PETRO RIO S.A.,22187,2021-02-25,Comunicado ao Mercado,Outros Comunicados Não Considerados Fatos Relevantes,,Término de isenção IRPF,2021-02-25,AP - Apresentação,022187IPE250220210104425212-10,1,https://www.rad.cvm.gov.br/ENET/frmDownloadDocumento.aspx?Tela=ext&descTipo=IPE&CodigoInstituicao=1&numProtocolo=835931&numSequencia=360669&numVersao=1
10.629.105/0001-68,PETRO RIO S.A.,22187,2021-03-05,Comunicado ao Mercado,Outros Comunicados Não Considerados Fatos Relevantes,,DADOS OPERACIONAIS FEVEREIRO 2021,2021-03-05,AP - Apresentação,022187IPE050320210104426011-12,1,https://www.rad.cvm.gov.br/ENET/frmDownloadDocumento.aspx?Tela=ext&descTipo=IPE&CodigoInstituicao=1&numProtocolo=839230&numSequencia=363968&numVersao=1
10.629.105/0001-68,PETRO RIO S.A.,22187,2021-04-07,Comunicado ao Mercado,Outros Comunicados Não Considerados Fatos Relevantes,,Dados Operacionais Março/2021,2021-04-12,RE - Reapresentação Espontânea,022187IPE070420210304429311-23,3,https://www.rad.cvm.gov.br/ENET/frmDownloadDocumento.aspx?Tela=ext&descTipo=IPE&CodigoInstituicao=1&numProtocolo=852992&numSequencia=377729&numVersao=3
10.629.105/0001-68,PETRO RIO S.A.,22187,2021-06-08,Comunicado ao Mercado,Outros Comunicados Não Considerados Fatos Relevantes,,DADOS OPERACIONAIS - MAIO/2021,2021-07-07,RE - Reapresentação Espontânea,022187IPE080620210204441411-30,2,https://www.rad.cvm.gov.br/ENET/frmDownloadDocumento.aspx?Tela=ext&descTipo=IPE&CodigoInstituicao=1&numProtocolo=882049&numSequencia=406786&numVersao=2
10.629.105/0001-68,PETRO RIO S.A.,22187,2021-07-07,Comunicado ao Mercado,Outros Comunicados Não Considerados Fatos Relevantes,,Dados Operacionais Junho 2021,2021-07-07,RE - Reapresentação Espontânea,022187IPE070720210204438410-94,2,https://www.rad.cvm.gov.br/ENET/frmDownloadDocumento.aspx?Tela=ext&descTipo=IPE&CodigoInstituicao=1&numProtocolo=882050&numSequencia=406787&numVersao=2
10.629.105/0001-68,PETRO RIO S.A.,22187,2021-05-07,Comunicado ao Mercado,Outros Comunicados Não Considerados Fatos Relevantes,,Dados operacionais Abril 2021,2021-07-07,RE - Reapresentação Espontânea,022187IPE070520210204438211-31,2,https://www.rad.cvm.gov.br/ENET/frmDownloadDocumento.aspx?Tela=ext&descTipo=IPE&CodigoInstituicao=1&numProtocolo=882055&numSequencia=406792&numVersao=2
10.629.105/0001-68,PETRO RIO S.A.,22187,2021-07-13,Comunicado ao Mercado,Outros Comunicados Não Considerados Fatos Relevantes,,CONTRATAÇÃO DE SONDA PARA PERFURAÇÃO EM FRADE E WAHOO,2021-07-13,RE - Reapresentação Espontânea,022187IPE130720210204439012-49,2,https://www.rad.cvm.gov.br/ENET/frmDownloadDocumento.aspx?Tela=ext&descTipo=IPE&CodigoInstituicao=1&numProtocolo=883629&numSequencia=408366&numVersao=2
10.629.105/0001-68,PETRO RIO S.A.,22187,2021-08-06,Comunicado ao Mercado,Outros Comunicados Não Considerados Fatos Relevantes,,DADOS OPERACIONAIS JULHO/2021,2021-08-06,AP - Apresentação,022187IPE060820210104441412-17,1,https://www.rad.cvm.gov.br/ENET/frmDownloadDocumento.aspx?Tela=ext&descTipo=IPE&CodigoInstituicao=1&numProtocolo=890450&numSequencia=415186&numVersao=1
10.629.105/0001-68,PETRO RIO S.A.,22187,2021-09-09,Comunicado ao Mercado,Outros Comunicados Não Considerados Fatos Relevantes,,Dados Operacionais Agosto 2021,2021-09-09,AP - Apresentação,022187IPE090920210104444811-27,1,https://www.rad.cvm.gov.br/ENET/frmDownloadDocumento.aspx?Tela=ext&descTipo=IPE&CodigoInstituicao=1&numProtocolo=899765&numSequencia=424499&numVersao=1
10.629.105/0001-68,PETRO RIO S.A.,22187,2021-10-05,Comunicado ao Mercado,Outros Comunicados Não Considerados Fatos Relevantes,,,2021-10-05,AP - Apresentação,022187IPE051020210104447411-62,1,https://www.rad.cvm.gov.br/ENET/frmDownloadDocumento.aspx?Tela=ext&descTipo=IPE&CodigoInstituicao=1&numProtocolo=905496&numSequencia=430230&numVersao=1
10.629.105/0001-68,PETRO RIO S.A.,22187,2021-10-07,Comunicado ao Mercado,Outros Comunicados Não Considerados Fatos Relevantes,,,2021-10-07,AP - Apresentação,022187IPE071020210104447605-02,1,https://www.rad.cvm.gov.br/ENET/frmDownloadDocumento.aspx?Tela=ext&descTipo=IPE&CodigoInstituicao=1&numProtocolo=905968&numSequencia=430702&numVersao=1
10.629.105/0001-68,PETRO RIO S.A.,22187,2021-11-09,Comunicado ao Mercado,Outros Comunicados Não Considerados Fatos Relevantes,,Dados Operacionais Outubro/2021,2021-11-09,AP - Apresentação,022187IPE091120210104450911-40,1,https://www.rad.cvm.gov.br/ENET/frmDownloadDocumento.aspx?Tela=ext&descTipo=IPE&CodigoInstituicao=1&numProtocolo=914896&numSequencia=439630&numVersao=1
10.629.105/0001-68,PETRO RIO S.A.,22187,2021-12-06,Comunicado ao Mercado,Outros Comunicados Não Considerados Fatos Relevantes,,Dados Operacionais - Novembro/2021,2021-12-06,AP - Apresentação,022187IPE061220210104453610-90,1,https://www.rad.cvm.gov.br/ENET/frmDownloadDocumento.aspx?Tela=ext&descTipo=IPE&CodigoInstituicao=1&numProtocolo=922723&numSequencia=447457&numVersao=1
10.629.105/0001-68,PETRO RIO S.A.,22187,2019-12-31,Dados Econômico-Financeiros,Demonstrações Financeiras Adicionais,,Relatório Pro Forma,2021-01-18,AP - Apresentação,022187IPE311220190104421412-64,1,https://www.rad.cvm.gov.br/ENET/frmDownloadDocumento.aspx?Tela=ext&descTipo=IPE&CodigoInstituicao=1&numProtocolo=823528&numSequencia=348266&numVersao=1
10.629.105/0001-68,PETRO RIO S.A.,22187,2020-12-31,Dados Econômico-Financeiros,Demonstrações Financeiras Anuais Completas,,,2021-03-01,AP - Apresentação,022187IPE311220200104425614-76,1,https://www.rad.cvm.gov.br/ENET/frmDownloadDocumento.aspx?Tela=ext&descTipo=IPE&CodigoInstituicao=1&numProtocolo=837489&numSequencia=362227&numVersao=1
10.629.105/0001-68,PETRO RIO S.A.,22187,2020-12-31,Dados Econômico-Financeiros,Demonstrações Financeiras em Padrões Internacionais,Outros,Demonstrações Financeiras em BR GAAP (versão em inglês),2021-03-02,AP - Apresentação,022187IPE311220200104425700-41,1,https://www.rad.cvm.gov.br/ENET/frmDownloadDocumento.aspx?Tela=ext&descTipo=IPE&CodigoInstituicao=1&numProtocolo=837491&numSequencia=362229&numVersao=1
10.629.105/0001-68,PETRO RIO S.A.,22187,2021-03-31,Dados Econômico-Financeiros,Demonstrações Financeiras Intermediárias,,Versão em Português,2021-05-03,AP - Apresentação,022187IPE310320210104431911-85,1,https://www.rad.cvm.gov.br/ENET/frmDownloadDocumento.aspx?Tela=ext&descTipo=IPE&CodigoInstituicao=1&numProtocolo=862043&numSequencia=386780&numVersao=1
10.629.105/0001-68,PETRO RIO S.A.,22187,2021-03-31,Dados Econômico-Financeiros,Demonstrações Financeiras Intermediárias,,Versão em Inglês,2021-05-03,AP - Apresentação,022187IPE310320210104431911-89,1,https://www.rad.cvm.gov.br/ENET/frmDownloadDocumento.aspx?Tela=ext&descTipo=IPE&CodigoInstituicao=1&numProtocolo=862044&numSequencia=386781&numVersao=1
10.629.105/0001-68,PETRO RIO S.A.,22187,2021-06-30,Dados Econômico-Financeiros,Demonstrações Financeiras Intermediárias,,Versão em português,2021-08-02,AP - Apresentação,022187IPE300620210104441011-91,1,https://www.rad.cvm.gov.br/ENET/frmDownloadDocumento.aspx?Tela=ext&descTipo=IPE&CodigoInstituicao=1&numProtocolo=888519&numSequencia=413256&numVersao=1
10.629.105/0001-68,PETRO RIO S.A.,22187,2021-06-30,Dados Econômico-Financeiros,Demonstrações Financeiras Intermediárias,,Versão Inglês,2021-08-02,AP - Apresentação,022187IPE300620210104441011-95,1,https://www.rad.cvm.gov.br/ENET/frmDownloadDocumento.aspx?Tela=ext&descTipo=IPE&CodigoInstituicao=1&numProtocolo=888521&numSequencia=413258&numVersao=1
10.629.105/0001-68,PETRO RIO S.A.,22187,2021-09-30,Dados Econômico-Financeiros,Demonstrações Financeiras Intermediárias,,,2021-11-03,AP - Apresentação,022187IPE300920210104450312-83,1,https://www.rad.cvm.gov.br/ENET/frmDownloadDocumento.aspx?Tela=ext&descTipo=IPE&CodigoInstituicao=1&numProtocolo=912619&numSequencia=437353&numVersao=1
10.629.105/0001-68,PETRO RIO S.A.,22187,2021-09-30,Dados Econômico-Financeiros,Demonstrações Financeiras Intermediárias,,,2021-11-03,AP - Apresentação,022187IPE300920210104450313-04,1,https://www.rad.cvm.gov.br/ENET/frmDownloadDocumento.aspx?Tela=ext&descTipo=IPE&CodigoInstituicao=1&numProtocolo=912620&numSequencia=437354&numVersao=1
10.629.105/0001-68,PETRO RIO S.A.,22187,2020-12-31,Dados Econômico-Financeiros,Press-release,,Divulgação de resultados - 2020,2021-03-01,AP - Apresentação,022187IPE311220200104425612-57,1,https://www.rad.cvm.gov.br/ENET/frmDownloadDocumento.aspx?Tela=ext&descTipo=IPE&CodigoInstituicao=1&numProtocolo=837366&numSequencia=362104&numVersao=1
10.629.105/0001-68,PETRO RIO S.A.,22187,2020-12-31,Dados Econômico-Financeiros,Press-release,,Divulgação de resultados 2020 - Versão em inglês,2021-03-01,AP - Apresentação,022187IPE311220200104425612-63,1,https://www.rad.cvm.gov.br/ENET/frmDownloadDocumento.aspx?Tela=ext&descTipo=IPE&CodigoInstituicao=1&numProtocolo=837367&numSequencia=362105&numVersao=1
10.629.105/0001-68,PETRO RIO S.A.,22187,2021-03-31,Dados Econômico-Financeiros,Press-release,,Release de Resultados 1T21,2021-05-03,AP - Apresentação,022187IPE310320210104431911-95,1,https://www.rad.cvm.gov.br/ENET/frmDownloadDocumento.aspx?Tela=ext&descTipo=IPE&CodigoInstituicao=1&numProtocolo=862058&numSequencia=386795&numVersao=1
10.629.105/0001-68,PETRO RIO S.A.,22187,2021-03-31,Dados Econômico-Financeiros,Press-release,,Earnings release 1Q21 - Versão em inglês,2021-05-04,AP - Apresentação,022187IPE310320210104432011-17,1,https://www.rad.cvm.gov.br/ENET/frmDownloadDocumento.aspx?Tela=ext&descTipo=IPE&CodigoInstituicao=1&numProtocolo=862438&numSequencia=387175&numVersao=1
10.629.105/0001-68,PETRO RIO S.A.,22187,2021-06-30,Dados Econômico-Financeiros,Press-release,,DIVULGAÇÃO DE RESULTADOS 2T21,2021-08-03,RE - Reapresentação Espontânea,022187IPE300620210204423511-74,2,https://www.rad.cvm.gov.br/ENET/frmDownloadDocumento.aspx?Tela=ext&descTipo=IPE&CodigoInstituicao=1&numProtocolo=888946&numSequencia=413682&numVersao=2
10.629.105/0001-68,PETRO RIO S.A.,22187,2021-06-30,Dados Econômico-Financeiros,Press-release,,EARNING RELEASE 2Q21,2021-08-03,RE - Reapresentação Espontânea,022187IPE300620210204423511-41,2,https://www.rad.cvm.gov.br/ENET/frmDownloadDocumento.aspx?Tela=ext&descTipo=IPE&CodigoInstituicao=1&numProtocolo=888948&numSequencia=413684&numVersao=2
10.629.105/0001-68,PETRO RIO S.A.,22187,2021-09-30,Dados Econômico-Financeiros,Press-release,,RELEASE DE RESULTADOS 3T21,2021-11-03,AP - Apresentação,022187IPE300920210104450312-35,1,https://www.rad.cvm.gov.br/ENET/frmDownloadDocumento.aspx?Tela=ext&descTipo=IPE&CodigoInstituicao=1&numProtocolo=912617&numSequencia=437351&numVersao=1
10.629.105/0001-68,PETRO RIO S.A.,22187,2021-09-30,Dados Econômico-Financeiros,Press-release,,DIVULGAÇÃO DE RESULTADOS 3T21 (INGLÊS),2021-11-03,AP - Apresentação,022187IPE300920210104450312-35,1,https://www.rad.cvm.gov.br/ENET/frmDownloadDocumento.aspx?Tela=ext&descTipo=IPE&CodigoInstituicao=1&numProtocolo=912618&numSequencia=437352&numVersao=1
10.629.105/0001-68,PETRO RIO S.A.,22187,2020-12-04,Estatuto Social,,,,2021-01-14,AP - Apresentação,022187IPE041220200104421011-80,1,https://www.rad.cvm.gov.br/ENET/frmDownloadDocumento.aspx?Tela=ext&descTipo=IPE&CodigoInstituicao=1&numProtocolo=822821&numSequencia=347559&numVersao=1
10.629.105/0001-68,PETRO RIO S.A.,22187,2021-01-18,Fato Relevante,,,OFERTA PÚBLICA DE AÇÕES COM ESFORÇOS RESTRITOS (FOLLOW-ON),2021-01-19,RE - Reapresentação Espontânea,022187IPE180120210204421412-67,2,https://www.rad.cvm.gov.br/ENET/frmDownloadDocumento.aspx?Tela=ext&descTipo=IPE&CodigoInstituicao=1&numProtocolo=823723&numSequencia=348461&numVersao=2
10.629.105/0001-68,PETRO RIO S.A.,22187,2021-01-21,Fato Relevante,,,CONCLUSÃO DE AQUISIÇÃO DE 30% DO CAMPO DE FRADE,2021-01-21,AP - Apresentação,022187IPE210120210104421712-56,1,https://www.rad.cvm.gov.br/ENET/frmDownloadDocumento.aspx?Tela=ext&descTipo=IPE&CodigoInstituicao=1&numProtocolo=824361&numSequencia=349099&numVersao=1
10.629.105/0001-68,PETRO RIO S.A.,22187,2021-01-28,Fato Relevante,,,OFERTA PÚBLICA DE AÇÕES COM ESFORÇOS RESTRITOS (FOLLOW-ON),2021-01-29,AP - Apresentação,022187IPE280120210104422505-52,1,https://www.rad.cvm.gov.br/ENET/frmDownloadDocumento.aspx?Tela=ext&descTipo=IPE&CodigoInstituicao=1&numProtocolo=825811&numSequencia=350549&numVersao=1
10.629.105/0001-68,PETRO RIO S.A.,22187,2021-02-05,Fato Relevante,,,CONCLUSÃO DA AQUISIÇÃO DE 30% DO CAMPO DE FRADE,2021-02-05,AP - Apresentação,022187IPE050220210104423211-56,1,https://www.rad.cvm.gov.br/ENET/frmDownloadDocumento.aspx?Tela=ext&descTipo=IPE&CodigoInstituicao=1&numProtocolo=828057&numSequencia=352795&numVersao=1
10.629.105/0001-68,PETRO RIO S.A.,22187,2021-03-04,Fato Relevante,,,AQUISIÇÃO DE PARTICIPAÇÃO EM WAHOO,2021-03-04,AP - Apresentação,022187IPE040320210104425911-25,1,https://www.rad.cvm.gov.br/ENET/frmDownloadDocumento.aspx?Tela=ext&descTipo=IPE&CodigoInstituicao=1&numProtocolo=838705&numSequencia=363443&numVersao=1
10.629.105/0001-68,PETRO RIO S.A.,22187,2021-03-25,Fato Relevante,,,ADIAMENTO DA ASSEMBLEIA GERAL ORDINÁRIA,2021-03-25,AP - Apresentação,022187IPE250320210104428011-29,1,https://www.rad.cvm.gov.br/ENET/frmDownloadDocumento.aspx?Tela=ext&descTipo=IPE&CodigoInstituicao=1&numProtocolo=845989&numSequencia=370726&numVersao=1
10.629.105/0001-68,PETRO RIO S.A.,22187,2021-04-05,Fato Relevante,,,NOVA CONVOCAÇÃO DA ASSEMBLEIA GERAL ORDINÁRIA,2021-04-05,AP - Apresentação,022187IPE050420210104429111-31,1,https://www.rad.cvm.gov.br/ENET/frmDownloadDocumento.aspx?Tela=ext&descTipo=IPE&CodigoInstituicao=1&numProtocolo=850505&numSequencia=375242&numVersao=1
10.629.105/0001-68,PETRO RIO S.A.,22187,2021-04-12,Fato Relevante,,,CERTIFICAÇÃO DE RESERVAS E RECURSOS,2021-04-12,AP - Apresentação,022187IPE120420210104429810-63,1,https://www.rad.cvm.gov.br/ENET/frmDownloadDocumento.aspx?Tela=ext&descTipo=IPE&CodigoInstituicao=1&numProtocolo=853176&numSequencia=377913&numVersao=1
10.629.105/0001-68,PETRO RIO S.A.,22187,2021-04-12,Fato Relevante,,,Alteração na Administração da Companhia,2021-04-12,AP - Apresentação,022187IPE120420210104429811-69,1,https://www.rad.cvm.gov.br/ENET/frmDownloadDocumento.aspx?Tela=ext&descTipo=IPE&CodigoInstituicao=1&numProtocolo=853242&numSequencia=377979&numVersao=1
10.629.105/0001-68,PETRO RIO S.A.,22187,2021-04-30,Fato Relevante,,,Desdobramento das ações,2021-05-03,RE - Reapresentação Espontânea,022187IPE300420210204431613-71,2,https://www.rad.cvm.gov.br/ENET/frmDownloadDocumento.aspx?Tela=ext&descTipo=IPE&CodigoInstituicao=1&numProtocolo=861996&numSequencia=386733&numVersao=2
10.629.105/0001-68,PETRO RIO S.A.,22187,2021-05-10,Fato Relevante,,,Resultado de Perfuração em Polvo,2021-05-10,AP - Apresentação,022187IPE100520210104432610-98,1,https://www.rad.cvm.gov.br/ENET/frmDownloadDocumento.aspx?Tela=ext&descTipo=IPE&CodigoInstituicao=1&numProtocolo=865132&numSequencia=389869&numVersao=1
10.629.105/0001-68,PETRO RIO S.A.,22187,2021-05-27,Fato Relevante,,,EMISSÃO DE NOTAS REPRESENTATIVAS DA DÍVIDA,2021-05-27,AP - Apresentação,022187IPE270520210104434306-84,1,https://www.rad.cvm.gov.br/ENET/frmDownloadDocumento.aspx?Tela=ext&descTipo=IPE&CodigoInstituicao=1&numProtocolo=871429&numSequencia=396166&numVersao=1
10.629.105/0001-68,PETRO RIO S.A.,22187,2021-06-02,Fato Relevante,,,EMISSÃO DE NOTAS REPRESENTATIVAS DA DÍVIDA | PRECIFICAÇÃO,2021-06-02,AP - Apresentação,022187IPE020620210104434910-98,1,https://www.rad.cvm.gov.br/ENET/frmDownloadDocumento.aspx?Tela=ext&descTipo=IPE&CodigoInstituicao=1&numProtocolo=873285&numSequencia=398022&numVersao=1
10.629.105/0001-68,PETRO RIO S.A.,22187,2021-06-17,Fato Relevante,,,CONCLUSÃO DE AQUISIÇÃO DE PARTICIPAÇÕES EM WAHOO E ITAIPU,2021-06-17,AP - Apresentação,022187IPE170620210104436410-90,1,https://www.rad.cvm.gov.br/ENET/frmDownloadDocumento.aspx?Tela=ext&descTipo=IPE&CodigoInstituicao=1&numProtocolo=877117&numSequencia=401854&numVersao=1
10.629.105/0001-68,PETRO RIO S.A.,22187,2021-06-24,Fato Relevante,,,APROVAÇÃO DO PLANO DE DESENVOLVIMENTO DO CAMPO DE FRADE,2021-06-24,AP - Apresentação,022187IPE240620210104437111-53,1,https://www.rad.cvm.gov.br/ENET/frmDownloadDocumento.aspx?Tela=ext&descTipo=IPE&CodigoInstituicao=1&numProtocolo=878712&numSequencia=403449&numVersao=1
10.629.105/0001-68,PETRO RIO S.A.,22187,2021-07-08,Fato Relevante,,,CONCLUSÃO DE AQUISIÇÃO DE PARTICIPAÇÃO EM WAHOO,2021-07-08,AP - Apresentação,022187IPE080720210104438511-04,1,https://www.rad.cvm.gov.br/ENET/frmDownloadDocumento.aspx?Tela=ext&descTipo=IPE&CodigoInstituicao=1&numProtocolo=882543&numSequencia=407280&numVersao=1
10.629.105/0001-68,PETRO RIO S.A.,22187,2021-07-14,Fato Relevante,,,CONCLUSÃO DO TIEBACK ENTRE POLVO E TUBARÃO MARTELO,2021-07-14,AP - Apresentação,022187IPE140720210104439111-18,1,https://www.rad.cvm.gov.br/ENET/frmDownloadDocumento.aspx?Tela=ext&descTipo=IPE&CodigoInstituicao=1&numProtocolo=883878&numSequencia=408615&numVersao=1
10.629.105/0001-68,PETRO RIO S.A.,22187,2021-07-29,Fato Relevante,,,REDUÇÃO DE ALÍQUOTA DE ROYALTIES DE TUBARÃO MARTELO,2021-07-29,AP - Apresentação,022187IPE290720210104440611-27,1,https://www.rad.cvm.gov.br/ENET/frmDownloadDocumento.aspx?Tela=ext&descTipo=IPE&CodigoInstituicao=1&numProtocolo=887485&numSequencia=412222&numVersao=1
10.629.105/0001-68,PETRO RIO S.A.,22187,2021-10-26,Fato Relevante,,,INÍCIO DE PRODUÇÃO DO POÇO TBMT-10H,2021-10-26,AP - Apresentação,022187IPE261020210104449511-02,1,https://www.rad.cvm.gov.br/ENET/frmDownloadDocumento.aspx?Tela=ext&descTipo=IPE&CodigoInstituicao=1&numProtocolo=910139&numSequencia=434873&numVersao=1
10.629.105/0001-68,PETRO RIO S.A.,22187,2021-11-05,Fato Relevante,,,Processo de Desinvestimento de Albacora,2021-11-05,AP - Apresentação,022187IPE051120210104450507-51,1,https://www.rad.cvm.gov.br/ENET/frmDownloadDocumento.aspx?Tela=ext&descTipo=IPE&CodigoInstituicao=1&numProtocolo=913616&numSequencia=438350&numVersao=1
10.629.105/0001-68,PETRO RIO S.A.,22187,2021-12-22,Fato Relevante,,,Declaração de Comercialidade de Wahoo,2021-12-22,AP - Apresentação,022187IPE221220210104455205-62,1,https://www.rad.cvm.gov.br/ENET/frmDownloadDocumento.aspx?Tela=ext&descTipo=IPE&CodigoInstituicao=1&numProtocolo=928076&numSequencia=452810&numVersao=1
10.629.105/0001-68,PETRO RIO S.A.,22187,2021-02-26,Política de indicação,,,,2021-03-15,AP - Apresentação,022187IPE260220210104427006-35,1,https://www.rad.cvm.gov.br/ENET/frmDownloadDocumento.aspx?Tela=ext&descTipo=IPE&CodigoInstituicao=1&numProtocolo=842383&numSequencia=367121&numVersao=1
10.629.105/0001-68,PETRO RIO S.A.,22187,2021-02-26,Regimento interno de Comitês,,,Regimento Interno do Comitê de Indicação,2021-03-15,AP - Apresentação,022187IPE260220210104427006-89,1,https://www.rad.cvm.gov.br/ENET/frmDownloadDocumento.aspx?Tela=ext&descTipo=IPE&CodigoInstituicao=1&numProtocolo=842382&numSequencia=367120&numVersao=1
10.629.105/0001-68,PETRO RIO S.A.,22187,2021-02-26,Regimento Interno do Comitê de Auditoria Estatutário,,,,2021-03-15,RE - Reapresentação Espontânea,022187IPE260220210204427006-70,2,https://www.rad.cvm.gov.br/ENET/frmDownloadDocumento.aspx?Tela=ext&descTipo=IPE&CodigoInstituicao=1&numProtocolo=842390&numSequencia=367128&numVersao=2
10.629.105/0001-68,PETRO RIO S.A.,22187,2021-04-30,Regimento interno do Conselho Fiscal,,,,2021-05-19,AP - Apresentação,022187IPE300420210104433511-54,1,https://www.rad.cvm.gov.br/ENET/frmDownloadDocumento.aspx?Tela=ext&descTipo=IPE&CodigoInstituicao=1&numProtocolo=869670&numSequencia=394407&numVersao=1
10.629.105/0001-68,PETRO RIO S.A.,22187,2020-01-04,Reunião da Administração,Conselho de Administração,Ata,Emissão de Valores Mobiliários,2021-01-05,AP - Apresentação,022187IPE040120200104420109-34,1,https://www.rad.cvm.gov.br/ENET/frmDownloadDocumento.aspx?Tela=ext&descTipo=IPE&CodigoInstituicao=1&numProtocolo=820338&numSequencia=345076&numVersao=1
10.629.105/0001-68,PETRO RIO S.A.,22187,2021-01-17,Reunião da Administração,Conselho de Administração,Ata,Emissão de Valores Mobiliários,2021-01-18,AP - Apresentação,022187IPE170120210104421413-16,1,https://www.rad.cvm.gov.br/ENET/frmDownloadDocumento.aspx?Tela=ext&descTipo=IPE&CodigoInstituicao=1&numProtocolo=823526&numSequencia=348264&numVersao=1
10.629.105/0001-68,PETRO RIO S.A.,22187,2021-01-28,Reunião da Administração,Conselho de Administração,Ata,ATA DE REUNIÃO DO CONSELHO DE ADMINISTRAÇÃO REALIZADA EM 28 DE JANEIRO DE 2021,2021-01-29,AP - Apresentação,022187IPE280120210104422505-15,1,https://www.rad.cvm.gov.br/ENET/frmDownloadDocumento.aspx?Tela=ext&descTipo=IPE&CodigoInstituicao=1&numProtocolo=825812&numSequencia=350550&numVersao=1
10.629.105/0001-68,PETRO RIO S.A.,22187,2021-02-26,Reunião da Administração,Conselho de Administração,Ata,Aprovação das Demonstrações Financeiras,2021-03-08,AP - Apresentação,022187IPE260220210104426311-53,1,https://www.rad.cvm.gov.br/ENET/frmDownloadDocumento.aspx?Tela=ext&descTipo=IPE&CodigoInstituicao=1&numProtocolo=839731&numSequencia=364469&numVersao=1
10.629.105/0001-68,PETRO RIO S.A.,22187,2021-04-01,Reunião da Administração,Conselho de Administração,Ata,Designação de nova data para realização da Assembleia Geral Ordinária,2021-04-05,AP - Apresentação,022187IPE010420210104429111-33,1,https://www.rad.cvm.gov.br/ENET/frmDownloadDocumento.aspx?Tela=ext&descTipo=IPE&CodigoInstituicao=1&numProtocolo=850506&numSequencia=375243&numVersao=1
10.629.105/0001-68,PETRO RIO S.A.,22187,2021-04-09,Reunião da Administração,Conselho de Administração,Ata,Eleição de Diretor(es),2021-04-12,AP - Apresentação,022187IPE090420210104429811-82,1,https://www.rad.cvm.gov.br/ENET/frmDownloadDocumento.aspx?Tela=ext&descTipo=IPE&CodigoInstituicao=1&numProtocolo=853248&numSequencia=377985&numVersao=1
10.629.105/0001-68,PETRO RIO S.A.,22187,2021-04-30,Reunião da Administração,Conselho de Administração,Ata,Aprovação ITR e Desdobramento de ações,2021-05-03,RE - Reapresentação Espontânea,022187IPE300420210204431611-31,2,https://www.rad.cvm.gov.br/ENET/frmDownloadDocumento.aspx?Tela=ext&descTipo=IPE&CodigoInstituicao=1&numProtocolo=861998&numSequencia=386735&numVersao=2
10.629.105/0001-68,PETRO RIO S.A.,22187,2021-05-24,Reunião da Administração,Conselho de Administração,Ata,Aprovação de garantias corporativas,2021-06-01,AP - Apresentação,022187IPE240520210104434805-95,1,https://www.rad.cvm.gov.br/ENET/frmDownloadDocumento.aspx?Tela=ext&descTipo=IPE&CodigoInstituicao=1&numProtocolo=872501&numSequencia=397238&numVersao=1
10.629.105/0001-68,PETRO RIO S.A.,22187,2021-05-27,Reunião da Administração,Conselho de Administração,Ata,Autorização da emissão de títulos de dívida,2021-06-01,AP - Apresentação,022187IPE270520210104434806-13,1,https://www.rad.cvm.gov.br/ENET/frmDownloadDocumento.aspx?Tela=ext&descTipo=IPE&CodigoInstituicao=1&numProtocolo=872502&numSequencia=397239&numVersao=1
10.629.105/0001-68,PETRO RIO S.A.,22187,2021-06-02,Reunião da Administração,Conselho de Administração,Ata,Aprovação da precificação das notas representativas da dívida,2021-06-10,AP - Apresentação,022187IPE020620210104435706-18,1,https://www.rad.cvm.gov.br/ENET/frmDownloadDocumento.aspx?Tela=ext&descTipo=IPE&CodigoInstituicao=1&numProtocolo=875253&numSequencia=399990&numVersao=1
10.629.105/0001-68,PETRO RIO S.A.,22187,2021-06-15,Reunião da Administração,Conselho de Administração,Ata,Garantia de abandono e AF ac¸o~es tesouraria,2021-06-17,AP - Apresentação,022187IPE150620210104436411-47,1,https://www.rad.cvm.gov.br/ENET/frmDownloadDocumento.aspx?Tela=ext&descTipo=IPE&CodigoInstituicao=1&numProtocolo=877160&numSequencia=401897&numVersao=1
10.629.105/0001-68,PETRO RIO S.A.,22187,2021-10-29,Reunião da Administração,Conselho de Administração,Ata,Divulgação das demonstrações financeiras da Companhia relativas ao terceiro trimestre de 2021||Eleição dos membros do Comitê de Ética e Compliance||Garantia Corporativa para Contratos de Hedge,2021-11-04,AP - Apresentação,022187IPE291020210104450405-79,1,https://www.rad.cvm.gov.br/ENET/frmDownloadDocumento.aspx?Tela=ext&descTipo=IPE&CodigoInstituicao=1&numProtocolo=912816&numSequencia=437550&numVersao=1
10.629.105/0001-68,PETRO RIO S.A.,22187,2021-12-15,Reunião da Administração,Conselho de Administração,Ata,Aprovação Orçamento 2022,2021-12-20,AP - Apresentação,022187IPE151220210104455011-44,1,https://www.rad.cvm.gov.br/ENET/frmDownloadDocumento.aspx?Tela=ext&descTipo=IPE&CodigoInstituicao=1&numProtocolo=927580&numSequencia=452314&numVersao=1
10.629.105/0001-68,PETRO RIO S.A.,22187,2021-01-17,Reunião da Administração,Conselho Fiscal,Ata,Parecer sobre aumento de capital,2021-01-18,AP - Apresentação,022187IPE170120210104421412-61,1,https://www.rad.cvm.gov.br/ENET/frmDownloadDocumento.aspx?Tela=ext&descTipo=IPE&CodigoInstituicao=1&numProtocolo=823527&numSequencia=348265&numVersao=1
10.629.105/0001-68,PETRO RIO S.A.,22187,2021-02-26,Reunião da Administração,Conselho Fiscal,Ata,Parecer acerca das Demonstrações Financeiras,2021-03-08,AP - Apresentação,022187IPE260220210104426310-98,1,https://www.rad.cvm.gov.br/ENET/frmDownloadDocumento.aspx?Tela=ext&descTipo=IPE&CodigoInstituicao=1&numProtocolo=839732&numSequencia=364470&numVersao=1
10.629.105/0001-68,PETRO RIO S.A.,22187,2021-07-30,Reunião da Administração,Conselho Fiscal,Ata,Parecer acerca das Demonstrações Financeiras,2021-08-04,AP - Apresentação,022187IPE300720210104441206-00,1,https://www.rad.cvm.gov.br/ENET/frmDownloadDocumento.aspx?Tela=ext&descTipo=IPE&CodigoInstituicao=1&numProtocolo=889104&numSequencia=413840&numVersao=1
10.629.105/0001-68,PETRO RIO S.A.,22187,2021-10-29,Reunião da Administração,Conselho Fiscal,Ata,Parecer acerca das Demonstrações Financeiras,2021-11-04,AP - Apresentação,022187IPE291020210104450405-83,1,https://www.rad.cvm.gov.br/ENET/frmDownloadDocumento.aspx?Tela=ext&descTipo=IPE&CodigoInstituicao=1&numProtocolo=912817&numSequencia=437551&numVersao=1
10.629.105/0001-68,PETRO RIO S.A.,22187,2020-12-01,Valores Mobiliários negociados e detidos (art. 11 da Instr. CVM nº 358),Posição Consolidada,,,2021-01-08,AP - Apresentação,022187IPE011220200104420404-85,1,https://www.rad.cvm.gov.br/ENET/frmDownloadDocumento.aspx?Tela=ext&descTipo=IPE&CodigoInstituicao=1&numProtocolo=821576&numSequencia=346314&numVersao=1
10.629.105/0001-68,PETRO RIO S.A.,22187,2021-01-01,Valores Mobiliários negociados e detidos (art. 11 da Instr. CVM nº 358),Posição Consolidada,,,2021-02-04,AP - Apresentação,022187IPE010120210104423104-36,1,https://www.rad.cvm.gov.br/ENET/frmDownloadDocumento.aspx?Tela=ext&descTipo=IPE&CodigoInstituicao=1&numProtocolo=827622&numSequencia=352360&numVersao=1
10.629.105/0001-68,PETRO RIO S.A.,22187,2021-02-01,Valores Mobiliários negociados e detidos (art. 11 da Instr. CVM nº 358),Posição Consolidada,,,2021-03-09,AP - Apresentação,022187IPE010220210104426404-02,1,https://www.rad.cvm.gov.br/ENET/frmDownloadDocumento.aspx?Tela=ext&descTipo=IPE&CodigoInstituicao=1&numProtocolo=840103&numSequencia=364841&numVersao=1
10.629.105/0001-68,PETRO RIO S.A.,22187,2021-03-01,Valores Mobiliários negociados e detidos (art. 11 da Instr. CVM nº 358),Posição Consolidada,,,2021-04-07,AP - Apresentação,022187IPE010320210104429304-16,1,https://www.rad.cvm.gov.br/ENET/frmDownloadDocumento.aspx?Tela=ext&descTipo=IPE&CodigoInstituicao=1&numProtocolo=851446&numSequencia=376183&numVersao=1
10.629.105/0001-68,PETRO RIO S.A.,22187,2021-04-01,Valores Mobiliários negociados e detidos (art. 11 da Instr. CVM nº 358),Posição Consolidada,,,2021-05-06,AP - Apresentação,022187IPE010420210104432206-51,1,https://www.rad.cvm.gov.br/ENET/frmDownloadDocumento.aspx?Tela=ext&descTipo=IPE&CodigoInstituicao=1&numProtocolo=863411&numSequencia=388148&numVersao=1
10.629.105/0001-68,PETRO RIO S.A.,22187,2021-05-01,Valores Mobiliários negociados e detidos (art. 11 da Instr. CVM nº 358),Posição Consolidada,,,2021-06-08,AP - Apresentação,022187IPE010520210104435504-00,1,https://www.rad.cvm.gov.br/ENET/frmDownloadDocumento.aspx?Tela=ext&descTipo=IPE&CodigoInstituicao=1&numProtocolo=874752&numSequencia=399489&numVersao=1
10.629.105/0001-68,PETRO RIO S.A.,22187,2021-06-01,Valores Mobiliários negociados e detidos (art. 11 da Instr. CVM nº 358),Posição Consolidada,,,2021-07-06,AP - Apresentação,022187IPE010620210104438304-26,1,https://www.rad.cvm.gov.br/ENET/frmDownloadDocumento.aspx?Tela=ext&descTipo=IPE&CodigoInstituicao=1&numProtocolo=881552&numSequencia=406289&numVersao=1
10.629.105/0001-68,PETRO RIO S.A.,22187,2021-07-01,Valores Mobiliários negociados e detidos (art. 11 da Instr. CVM nº 358),Posição Consolidada,,,2021-08-09,AP - Apresentação,022187IPE010720210104441703-97,1,https://www.rad.cvm.gov.br/ENET/frmDownloadDocumento.aspx?Tela=ext&descTipo=IPE&CodigoInstituicao=1&numProtocolo=890846&numSequencia=415582&numVersao=1
10.629.105/0001-68,PETRO RIO S.A.,22187,2021-08-01,Valores Mobiliários negociados e detidos (art. 11 da Instr. CVM nº 358),Posição Consolidada,,,2021-09-03,AP - Apresentação,022187IPE010820210104444203-65,1,https://www.rad.cvm.gov.br/ENET/frmDownloadDocumento.aspx?Tela=ext&descTipo=IPE&CodigoInstituicao=1&numProtocolo=898669&numSequencia=423403&numVersao=1
10.629.105/0001-68,PETRO RIO S.A.,22187,2021-09-01,Valores Mobiliários negociados e detidos (art. 11 da Instr. CVM nº 358),Posição Consolidada,,,2021-10-09,AP - Apresentação,022187IPE010920210104447805-51,1,https://www.rad.cvm.gov.br/ENET/frmDownloadDocumento.aspx?Tela=ext&descTipo=IPE&CodigoInstituicao=1&numProtocolo=906948&numSequencia=431682&numVersao=1
10.629.105/0001-68,PETRO RIO S.A.,22187,2021-10-01,Valores Mobiliários negociados e detidos (art. 11 da Instr. CVM nº 358),Posição Consolidada,,,2021-11-08,AP - Apresentação,022187IPE011020210104450804-16,1,https://www.rad.cvm.gov.br/ENET/frmDownloadDocumento.aspx?Tela=ext&descTipo=IPE&CodigoInstituicao=1&numProtocolo=914345&numSequencia=439079&numVersao=1
10.629.105/0001-68,PETRO RIO S.A.,22187,2020-12-01,Valores Mobiliários negociados e detidos (art. 11 da Instr. CVM nº 358),"Posição Individual - Cia, Controladas e Coligadas",,,2021-01-08,AP - Apresentação,022187IPE011220200104420404-84,1,https://www.rad.cvm.gov.br/ENET/frmDownloadDocumento.aspx?Tela=ext&descTipo=IPE&CodigoInstituicao=1&numProtocolo=821577&numSequencia=346315&numVersao=1
10.629.105/0001-68,PETRO RIO S.A.,22187,2021-01-01,Valores Mobiliários negociados e detidos (art. 11 da Instr. CVM nº 358),"Posição Individual - Cia, Controladas e Coligadas",,,2021-02-04,AP - Apresentação,022187IPE010120210104423104-04,1,https://www.rad.cvm.gov.br/ENET/frmDownloadDocumento.aspx?Tela=ext&descTipo=IPE&CodigoInstituicao=1&numProtocolo=827587&numSequencia=352325&numVersao=1
10.629.105/0001-68,PETRO RIO S.A.,22187,2021-02-01,Valores Mobiliários negociados e detidos (art. 11 da Instr. CVM nº 358),"Posição Individual - Cia, Controladas e Coligadas",,,2021-03-09,AP - Apresentação,022187IPE010220210104426403-72,1,https://www.rad.cvm.gov.br/ENET/frmDownloadDocumento.aspx?Tela=ext&descTipo=IPE&CodigoInstituicao=1&numProtocolo=840100&numSequencia=364838&numVersao=1
10.629.105/0001-68,PETRO RIO S.A.,22187,2021-03-01,Valores Mobiliários negociados e detidos (art. 11 da Instr. CVM nº 358),"Posição Individual - Cia, Controladas e Coligadas",,,2021-04-07,AP - Apresentação,022187IPE010320210104429303-71,1,https://www.rad.cvm.gov.br/ENET/frmDownloadDocumento.aspx?Tela=ext&descTipo=IPE&CodigoInstituicao=1&numProtocolo=851444&numSequencia=376181&numVersao=1
10.629.105/0001-68,PETRO RIO S.A.,22187,2021-04-01,Valores Mobiliários negociados e detidos (art. 11 da Instr. CVM nº 358),"Posição Individual - Cia, Controladas e Coligadas",,,2021-05-06,AP - Apresentação,022187IPE010420210104432206-11,1,https://www.rad.cvm.gov.br/ENET/frmDownloadDocumento.aspx?Tela=ext&descTipo=IPE&CodigoInstituicao=1&numProtocolo=863410&numSequencia=388147&numVersao=1
10.629.105/0001-68,PETRO RIO S.A.,22187,2021-05-01,Valores Mobiliários negociados e detidos (art. 11 da Instr. CVM nº 358),"Posição Individual - Cia, Controladas e Coligadas",,,2021-06-08,AP - Apresentação,022187IPE010520210104435504-08,1,https://www.rad.cvm.gov.br/ENET/frmDownloadDocumento.aspx?Tela=ext&descTipo=IPE&CodigoInstituicao=1&numProtocolo=874751&numSequencia=399488&numVersao=1
10.629.105/0001-68,PETRO RIO S.A.,22187,2021-06-01,Valores Mobiliários negociados e detidos (art. 11 da Instr. CVM nº 358),"Posição Individual - Cia, Controladas e Coligadas",,,2021-07-06,AP - Apresentação,022187IPE010620210104438304-06,1,https://www.rad.cvm.gov.br/ENET/frmDownloadDocumento.aspx?Tela=ext&descTipo=IPE&CodigoInstituicao=1&numProtocolo=881551&numSequencia=406288&numVersao=1
10.629.105/0001-68,PETRO RIO S.A.,22187,2021-07-01,Valores Mobiliários negociados e detidos (art. 11 da Instr. CVM nº 358),"Posição Individual - Cia, Controladas e Coligadas",,,2021-08-09,AP - Apresentação,022187IPE010720210104441704-15,1,https://www.rad.cvm.gov.br/ENET/frmDownloadDocumento.aspx?Tela=ext&descTipo=IPE&CodigoInstituicao=1&numProtocolo=890844&numSequencia=415580&numVersao=1
10.629.105/0001-68,PETRO RIO S.A.,22187,2021-08-01,Valores Mobiliários negociados e detidos (art. 11 da Instr. CVM nº 358),"Posição Individual - Cia, Controladas e Coligadas",,,2021-09-03,AP - Apresentação,022187IPE010820210104444203-58,1,https://www.rad.cvm.gov.br/ENET/frmDownloadDocumento.aspx?Tela=ext&descTipo=IPE&CodigoInstituicao=1&numProtocolo=898668&numSequencia=423402&numVersao=1
10.629.105/0001-68,PETRO RIO S.A.,22187,2021-09-01,Valores Mobiliários negociados e detidos (art. 11 da Instr. CVM nº 358),"Posição Individual - Cia, Controladas e Coligadas",,,2021-10-09,AP - Apresentação,022187IPE010920210104447805-33,1,https://www.rad.cvm.gov.br/ENET/frmDownloadDocumento.aspx?Tela=ext&descTipo=IPE&CodigoInstituicao=1&numProtocolo=906947&numSequencia=431681&numVersao=1
10.629.105/0001-68,PETRO RIO S.A.,22187,2021-10-01,Valores Mobiliários negociados e detidos (art. 11 da Instr. CVM nº 358),"Posição Individual - Cia, Controladas e Coligadas",,,2021-11-08,AP - Apresentação,022187IPE011020210104450803-95,1,https://www.rad.cvm.gov.br/ENET/frmDownloadDocumento.aspx?Tela=ext&descTipo=IPE&CodigoInstituicao=1&numProtocolo=914348&numSequencia=439082&numVersao=1
10.629.105/0001-68,PETRO RIO S.A.,22187,2021-11-01,Valores Mobiliários negociados e detidos (art. 11 da Instr. CVM nº 358),"Posição Individual - Cia, Controladas e Coligadas",,,2021-12-10,AP - Apresentação,022187IPE011120210104454001-38,1,https://www.rad.cvm.gov.br/ENET/frmDownloadDocumento.aspx?Tela=ext&descTipo=IPE&CodigoInstituicao=1&numProtocolo=924536&numSequencia=449270&numVersao=1
10.629.105/0001-68,PRIO S.A.,22187,2022-12-09,Assembleia,AGE,Ata,,2022-12-14,AP - Apresentação,022187IPE091220220104490911-05,1,https://www.rad.cvm.gov.br/ENET/frmDownloadDocumento.aspx?Tela=ext&descTipo=IPE&CodigoInstituicao=1&numProtocolo=1041448&numSequencia=566178&numVersao=1
10.629.105/0001-68,PRIO S.A.,22187,2022-04-20,Assembleia,AGE,Boletim de voto a distância,,2022-03-18,AP - Apresentação,022187IPE200420220104463812-30,1,https://www.rad.cvm.gov.br/ENET/frmDownloadDocumento.aspx?Tela=ext&descTipo=IPE&CodigoInstituicao=1&numProtocolo=955948&numSequencia=480682&numVersao=1
10.629.105/0001-68,PRIO S.A.,22187,2022-12-09,Assembleia,AGE,Boletim de voto a distância,,2022-11-09,AP - Apresentação,022187IPE091220220104487410-18,1,https://www.rad.cvm.gov.br/ENET/frmDownloadDocumento.aspx?Tela=ext&descTipo=IPE&CodigoInstituicao=1&numProtocolo=1030314&numSequencia=555045&numVersao=1
10.629.105/0001-68,PRIO S.A.,22187,2022-12-09,Assembleia,AGE,Edital de Convocação,Proposta de Alterações do Estatuto Social da Companhia,2022-11-10,AP - Apresentação,022187IPE091220220104487506-26,1,https://www.rad.cvm.gov.br/ENET/frmDownloadDocumento.aspx?Tela=ext&descTipo=IPE&CodigoInstituicao=1&numProtocolo=1030843&numSequencia=555574&numVersao=1
10.629.105/0001-68,PRIO S.A.,22187,2021-04-20,Assembleia,AGE,Mapa consolidado de voto a distância,AGE - Mapa Sintético de Voto à Distância,2022-04-19,AP - Apresentação,022187IPE200420210104467012-48,1,https://www.rad.cvm.gov.br/ENET/frmDownloadDocumento.aspx?Tela=ext&descTipo=IPE&CodigoInstituicao=1&numProtocolo=968574&numSequencia=493308&numVersao=1
10.629.105/0001-68,PRIO S.A.,22187,2022-12-09,Assembleia,AGE,Mapa consolidado de voto a distância,,2022-12-08,AP - Apresentação,022187IPE091220220104490311-01,1,https://www.rad.cvm.gov.br/ENET/frmDownloadDocumento.aspx?Tela=ext&descTipo=IPE&CodigoInstituicao=1&numProtocolo=1039482&numSequencia=564212&numVersao=1
10.629.105/0001-68,PRIO S.A.,22187,2022-04-20,Assembleia,AGE,Mapa do Escriturador,Mapa do Escriturador - AGE,2022-04-18,AP - Apresentação,022187IPE200420220104466912-22,1,https://www.rad.cvm.gov.br/ENET/frmDownloadDocumento.aspx?Tela=ext&descTipo=IPE&CodigoInstituicao=1&numProtocolo=968138&numSequencia=492872&numVersao=1
10.629.105/0001-68,PRIO S.A.,22187,2022-12-09,Assembleia,AGE,Mapa do Escriturador,Mapa do Escriturador,2022-12-07,AP - Apresentação,022187IPE091220220104490211-72,1,https://www.rad.cvm.gov.br/ENET/frmDownloadDocumento.aspx?Tela=ext&descTipo=IPE&CodigoInstituicao=1&numProtocolo=1039102&numSequencia=563832&numVersao=1
10.629.105/0001-68,PRIO S.A.,22187,2022-12-09,Assembleia,AGE,Mapa final de votação detalhado,Mapa Final Detalhado,2022-12-14,AP - Apresentação,022187IPE091220220104490911-58,1,https://www.rad.cvm.gov.br/ENET/frmDownloadDocumento.aspx?Tela=ext&descTipo=IPE&CodigoInstituicao=1&numProtocolo=1041452&numSequencia=566182&numVersao=1
10.629.105/0001-68,PRIO S.A.,22187,2022-12-09,Assembleia,AGE,Mapa Final de Votação Sintético,-,2022-12-09,AP - Apresentação,022187IPE091220220104490412-30,1,https://www.rad.cvm.gov.br/ENET/frmDownloadDocumento.aspx?Tela=ext&descTipo=IPE&CodigoInstituicao=1&numProtocolo=1040187&numSequencia=564917&numVersao=1
10.629.105/0001-68,PRIO S.A.,22187,2022-12-09,Assembleia,AGE,Proposta da Administração,Proposta de Alterações do Estatuto Social da Companhia,2022-11-09,AP - Apresentação,022187IPE091220220104487411-27,1,https://www.rad.cvm.gov.br/ENET/frmDownloadDocumento.aspx?Tela=ext&descTipo=IPE&CodigoInstituicao=1&numProtocolo=1030416&numSequencia=555147&numVersao=1
10.629.105/0001-68,PRIO S.A.,22187,2022-12-09,Assembleia,AGE,Sumário das Decisões,Reforma Estatutária,2022-12-09,AP - Apresentação,022187IPE091220220104490412-05,1,https://www.rad.cvm.gov.br/ENET/frmDownloadDocumento.aspx?Tela=ext&descTipo=IPE&CodigoInstituicao=1&numProtocolo=1040181&numSequencia=564911&numVersao=1
10.629.105/0001-68,PRIO S.A.,22187,2022-04-20,Assembleia,AGO,Ata,Destinação dos Resultados||Eleição de Membros dos Conselhos de Administração e Fiscal||Remuneração dos Administradores e Conselheiros||Tomada de Contas-Votação do Relatório da Administração e das Demonstrações Financeiras,2022-04-29,AP - Apresentação,022187IPE200420220104468011-40,1,https://www.rad.cvm.gov.br/ENET/frmDownloadDocumento.aspx?Tela=ext&descTipo=IPE&CodigoInstituicao=1&numProtocolo=974075&numSequencia=498809&numVersao=1
10.629.105/0001-68,PRIO S.A.,22187,2022-04-20,Assembleia,AGO,Ata,,2022-05-20,RE - Reapresentação Espontânea,022187IPE200420220204468011-40,2,https://www.rad.cvm.gov.br/ENET/frmDownloadDocumento.aspx?Tela=ext&descTipo=IPE&CodigoInstituicao=1&numProtocolo=983996&numSequencia=508730&numVersao=2
10.629.105/0001-68,PRIO S.A.,22187,2022-04-20,Assembleia,AGO,Boletim de voto a distância,,2022-03-18,AP - Apresentação,022187IPE200420220104463812-50,1,https://www.rad.cvm.gov.br/ENET/frmDownloadDocumento.aspx?Tela=ext&descTipo=IPE&CodigoInstituicao=1&numProtocolo=955949&numSequencia=480683&numVersao=1
10.629.105/0001-68,PRIO S.A.,22187,2022-04-20,Assembleia,AGO,Mapa consolidado de voto a distância,AGO - Mapa Consolidado de Voto à Distância,2022-04-19,AP - Apresentação,022187IPE200420220104467012-99,1,https://www.rad.cvm.gov.br/ENET/frmDownloadDocumento.aspx?Tela=ext&descTipo=IPE&CodigoInstituicao=1&numProtocolo=968571&numSequencia=493305&numVersao=1
10.629.105/0001-68,PRIO S.A.,22187,2022-04-20,Assembleia,AGO,Mapa do Escriturador,Mapa do Escriturador - AGO,2022-04-18,AP - Apresentação,022187IPE200420220104466912-19,1,https://www.rad.cvm.gov.br/ENET/frmDownloadDocumento.aspx?Tela=ext&descTipo=IPE&CodigoInstituicao=1&numProtocolo=968137&numSequencia=492871&numVersao=1
10.629.105/0001-68,PRIO S.A.,22187,2022-04-20,Assembleia,AGO,Mapa final de votação,AGO - Mapa Final Sintético,2022-04-20,AP - Apresentação,022187IPE200420220104467113-46,1,https://www.rad.cvm.gov.br/ENET/frmDownloadDocumento.aspx?Tela=ext&descTipo=IPE&CodigoInstituicao=1&numProtocolo=969060&numSequencia=493794&numVersao=1
10.629.105/0001-68,PRIO S.A.,22187,2022-04-20,Assembleia,AGO,Mapa final de votação detalhado,AGO - Mapa final de votação detalhado,2022-04-29,AP - Apresentação,022187IPE200420220104468012-11,1,https://www.rad.cvm.gov.br/ENET/frmDownloadDocumento.aspx?Tela=ext&descTipo=IPE&CodigoInstituicao=1&numProtocolo=974551&numSequencia=499285&numVersao=1
10.629.105/0001-68,PRIO S.A.,22187,2022-04-20,Assembleia,AGO,Mapa final de votação detalhado,AGO - Mapa final de votação detalhado,2022-05-20,RE - Reapresentação Espontânea,022187IPE200420220204468012-11,2,https://www.rad.cvm.gov.br/ENET/frmDownloadDocumento.aspx?Tela=ext&descTipo=IPE&CodigoInstituicao=1&numProtocolo=983984&numSequencia=508718&numVersao=2
10.629.105/0001-68,PRIO S.A.,22187,2022-04-20,Assembleia,AGO/E,Edital de Convocação,Destinação dos Resultados||Eleição de Membros dos Conselhos de Administração e Fiscal||Remuneração dos Administradores e Conselheiros||Tomada de Contas-Votação do Relatório da Administração e das Demonstrações Financeiras,2022-03-18,AP - Apresentação,022187IPE200420220104463811-21,1,https://www.rad.cvm.gov.br/ENET/frmDownloadDocumento.aspx?Tela=ext&descTipo=IPE&CodigoInstituicao=1&numProtocolo=955865&numSequencia=480599&numVersao=1
10.629.105/0001-68,PRIO S.A.,22187,2022-04-20,Assembleia,AGO/E,Proposta da Administração,Proposta da Administração,2022-03-18,RE - Reapresentação Espontânea,022187IPE200420220204463811-75,2,https://www.rad.cvm.gov.br/ENET/frmDownloadDocumento.aspx?Tela=ext&descTipo=IPE&CodigoInstituicao=1&numProtocolo=955945&numSequencia=480679&numVersao=2
10.629.105/0001-68,PRIO S.A.,22187,2022-04-20,Assembleia,AGO/E,Proposta da Administração,Proposta da Administração,2022-03-29,RE - Reapresentação Espontânea,022187IPE200420220304463811-75,3,https://www.rad.cvm.gov.br/ENET/frmDownloadDocumento.aspx?Tela=ext&descTipo=IPE&CodigoInstituicao=1&numProtocolo=960609&numSequencia=485343&numVersao=3
10.629.105/0001-68,PRIO S.A.,22187,2022-04-20,Assembleia,AGO/E,Sumário das Decisões,AGOE - Sumário das Decisões,2022-04-20,AP - Apresentação,022187IPE200420220104467113-39,1,https://www.rad.cvm.gov.br/ENET/frmDownloadDocumento.aspx?Tela=ext&descTipo=IPE&CodigoInstituicao=1&numProtocolo=969064&numSequencia=493798&numVersao=1
10.629.105/0001-68,PRIO S.A.,22187,2022-01-03,Aviso aos Acionistas,Aumento de capital por subscrição privada deliberado em RCA,,,2022-01-03,AP - Apresentação,022187IPE030120220104456411-65,1,https://www.rad.cvm.gov.br/ENET/frmDownloadDocumento.aspx?Tela=ext&descTipo=IPE&CodigoInstituicao=1&numProtocolo=930273&numSequencia=455007&numVersao=1
10.629.105/0001-68,PRIO S.A.,22187,2022-04-20,Aviso aos Acionistas,Data prevista para a assembleia,,Data prevista para a AGO,2022-01-12,AP - Apresentação,022187IPE200420220104457306-21,1,https://www.rad.cvm.gov.br/ENET/frmDownloadDocumento.aspx?Tela=ext&descTipo=IPE&CodigoInstituicao=1&numProtocolo=932939&numSequencia=457673&numVersao=1
10.629.105/0001-68,PRIO S.A.,22187,2022-12-31,Calendário de Eventos Corporativos,,,,2022-04-05,RE - Reapresentação Espontânea,022187IPE311220220204452404-47,2,https://www.rad.cvm.gov.br/ENET/frmDownloadDocumento.aspx?Tela=ext&descTipo=IPE&CodigoInstituicao=1&numProtocolo=964053&numSequencia=488787&numVersao=2
10.629.105/0001-68,PRIO S.A.,22187,2022-12-31,Calendário de Eventos Corporativos,,,,2022-07-13,RE - Reapresentação Espontânea,022187IPE311220220304452404-47,3,https://www.rad.cvm.gov.br/ENET/frmDownloadDocumento.aspx?Tela=ext&descTipo=IPE&CodigoInstituicao=1&numProtocolo=997869&numSequencia=522603&numVersao=3
10.629.105/0001-68,PRIO S.A.,22187,2023-12-31,Calendário de Eventos Corporativos,,,,2022-12-08,AP - Apresentação,022187IPE311220230104490303-83,1,https://www.rad.cvm.gov.br/ENET/frmDownloadDocumento.aspx?Tela=ext&descTipo=IPE&CodigoInstituicao=1&numProtocolo=1039467&numSequencia=564197&numVersao=1
10.629.105/0001-68,PRIO S.A.,22187,2021-03-15,Comunicado ao Mercado,Apresentações a analistas/agentes do mercado,,Apresentação institucional,2022-03-15,AP - Apresentação,022187IPE150320210104463511-03,1,https://www.rad.cvm.gov.br/ENET/frmDownloadDocumento.aspx?Tela=ext&descTipo=IPE&CodigoInstituicao=1&numProtocolo=954224&numSequencia=478958&numVersao=1
10.629.105/0001-68,PRIO S.A.,22187,2021-03-15,Comunicado ao Mercado,Apresentações a analistas/agentes do mercado,,Apresentação institucional,2022-03-17,RE - Reapresentação Espontânea,022187IPE150320210204463511-03,2,https://www.rad.cvm.gov.br/ENET/frmDownloadDocumento.aspx?Tela=ext&descTipo=IPE&CodigoInstituicao=1&numProtocolo=955168&numSequencia=479902&numVersao=2
10.629.105/0001-68,PRIO S.A.,22187,2022-05-05,Comunicado ao Mercado,Apresentações a analistas/agentes do mercado,,CONFERENCE CALL 1T22,2022-05-05,AP - Apresentação,022187IPE050520220104468606-46,1,https://www.rad.cvm.gov.br/ENET/frmDownloadDocumento.aspx?Tela=ext&descTipo=IPE&CodigoInstituicao=1&numProtocolo=977076&numSequencia=501810&numVersao=1
10.629.105/0001-68,PRIO S.A.,22187,2022-03-31,Comunicado ao Mercado,Apresentações a analistas/agentes do mercado,,Apresentação Institucional,2022-06-02,AP - Apresentação,022187IPE310320220104471410-90,1,https://www.rad.cvm.gov.br/ENET/frmDownloadDocumento.aspx?Tela=ext&descTipo=IPE&CodigoInstituicao=1&numProtocolo=987280&numSequencia=512014&numVersao=1
10.629.105/0001-68,PRIO S.A.,22187,2022-08-04,Comunicado ao Mercado,Apresentações a analistas/agentes do mercado,,Apresentação de Resultados 2T22,2022-08-08,AP - Apresentação,022187IPE040820220104478111-41,1,https://www.rad.cvm.gov.br/ENET/frmDownloadDocumento.aspx?Tela=ext&descTipo=IPE&CodigoInstituicao=1&numProtocolo=1004937&numSequencia=529671&numVersao=1
10.629.105/0001-68,PRIO S.A.,22187,2022-08-15,Comunicado ao Mercado,Apresentações a analistas/agentes do mercado,,,2022-08-15,AP - Apresentação,022187IPE150820220104478811-16,1,https://www.rad.cvm.gov.br/ENET/frmDownloadDocumento.aspx?Tela=ext&descTipo=IPE&CodigoInstituicao=1&numProtocolo=1008103&numSequencia=532837&numVersao=1
10.629.105/0001-68,PRIO S.A.,22187,2022-11-01,Comunicado ao Mercado,Apresentações a analistas/agentes do mercado,,Apresentação de Resultados - 3T22,2022-11-01,AP - Apresentação,022187IPE011120220104486607-58,1,https://www.rad.cvm.gov.br/ENET/frmDownloadDocumento.aspx?Tela=ext&descTipo=IPE&CodigoInstituicao=1&numProtocolo=1026502&numSequencia=551235&numVersao=1
10.629.105/0001-68,PRIO S.A.,22187,2022-03-10,Comunicado ao Mercado,Aquisição/Alienação de Participação Acionária (art. 12 da Instr. CVM nº 358),"Declaração de Alienação de Participação Acionária Relevante - Art.12, §4º, da Instrução CVM nº358/02",,2022-03-10,AP - Apresentação,022187IPE100320220104463013-62,1,https://www.rad.cvm.gov.br/ENET/frmDownloadDocumento.aspx?Tela=ext&descTipo=IPE&CodigoInstituicao=1&numProtocolo=952843&numSequencia=477577&numVersao=1
10.629.105/0001-68,PRIO S.A.,22187,2022-03-25,Comunicado ao Mercado,Aquisição/Alienação de Participação Acionária (art. 12 da Instr. CVM nº 358),"Declaração de Alienação de Participação Acionária Relevante - Art.12, §4º, da Instrução CVM nº358/02",,2022-03-25,AP - Apresentação,022187IPE250320220104464510-99,1,https://www.rad.cvm.gov.br/ENET/frmDownloadDocumento.aspx?Tela=ext&descTipo=IPE&CodigoInstituicao=1&numProtocolo=958614&numSequencia=483348&numVersao=1
10.629.105/0001-68,PRIO S.A.,22187,2022-06-06,Comunicado ao Mercado,Aquisição/Alienação de Participação Acionária (art. 12 da Instr. CVM nº 358),"Declaração de Alienação de Participação Acionária Relevante - Art.12, §4º, da Instrução CVM nº358/02",,2022-06-06,AP - Apresentação,022187IPE060620220104471811-50,1,https://www.rad.cvm.gov.br/ENET/frmDownloadDocumento.aspx?Tela=ext&descTipo=IPE&CodigoInstituicao=1&numProtocolo=988191&numSequencia=512925&numVersao=1
10.629.105/0001-68,PRIO S.A.,22187,2022-09-12,Comunicado ao Mercado,Aquisição/Alienação de Participação Acionária (art. 12 da Instr. CVM nº 358),"Declaração de Alienação de Participação Acionária Relevante - Art.12, §4º, da Instrução CVM nº358/02",,2022-09-12,AP - Apresentação,022187IPE120920220104481611-53,1,https://www.rad.cvm.gov.br/ENET/frmDownloadDocumento.aspx?Tela=ext&descTipo=IPE&CodigoInstituicao=1&numProtocolo=1015060&numSequencia=539794&numVersao=1
10.629.105/0001-68,PRIO S.A.,22187,2022-12-22,Comunicado ao Mercado,Aquisição/Alienação de Participação Acionária (art. 12 da Instr. CVM nº 358),"Declaração de Alienação de Participação Acionária Relevante - Art.12, §4º, da Instrução CVM nº358/02",,2022-12-22,AP - Apresentação,022187IPE221220220104491705-87,1,https://www.rad.cvm.gov.br/ENET/frmDownloadDocumento.aspx?Tela=ext&descTipo=IPE&CodigoInstituicao=1&numProtocolo=1043800&numSequencia=568530&numVersao=1
10.629.105/0001-68,PRIO S.A.,22187,2022-02-11,Comunicado ao Mercado,Aquisição/Alienação de Participação Acionária (art. 12 da Instr. CVM nº 358),Declaração de Aquisição de Participação Acionária Relevante - Art.12 da Instrução CVM nº358/02,,2022-02-11,AP - Apresentação,022187IPE110220220104460311-46,1,https://www.rad.cvm.gov.br/ENET/frmDownloadDocumento.aspx?Tela=ext&descTipo=IPE&CodigoInstituicao=1&numProtocolo=942489&numSequencia=467223&numVersao=1
10.629.105/0001-68,PRIO S.A.,22187,2022-03-25,Comunicado ao Mercado,Aquisição/Alienação de Participação Acionária (art. 12 da Instr. CVM nº 358),Declaração de Aquisição de Participação Acionária Relevante - Art.12 da Instrução CVM nº358/02,,2022-03-25,AP - Apresentação,022187IPE250320220104464511-00,1,https://www.rad.cvm.gov.br/ENET/frmDownloadDocumento.aspx?Tela=ext&descTipo=IPE&CodigoInstituicao=1&numProtocolo=958615&numSequencia=483349&numVersao=1
10.629.105/0001-68,PRIO S.A.,22187,2022-04-11,Comunicado ao Mercado,Aquisição/Alienação de Participação Acionária (art. 12 da Instr. CVM nº 358),Declaração de Aquisição de Participação Acionária Relevante - Art.12 da Instrução CVM nº358/02,,2022-04-11,AP - Apresentação,022187IPE110420220104466206-17,1,https://www.rad.cvm.gov.br/ENET/frmDownloadDocumento.aspx?Tela=ext&descTipo=IPE&CodigoInstituicao=1&numProtocolo=966094&numSequencia=490828&numVersao=1
10.629.105/0001-68,PRIO S.A.,22187,2022-07-22,Comunicado ao Mercado,Aquisição/Alienação de Participação Acionária (art. 12 da Instr. CVM nº 358),Declaração de Aquisição de Participação Acionária Relevante - Art.12 da Instrução CVM nº358/02,,2022-07-22,AP - Apresentação,022187IPE220720220104476410-96,1,https://www.rad.cvm.gov.br/ENET/frmDownloadDocumento.aspx?Tela=ext&descTipo=IPE&CodigoInstituicao=1&numProtocolo=999757&numSequencia=524491&numVersao=1
10.629.105/0001-68,PRIO S.A.,22187,2022-07-22,Comunicado ao Mercado,Aquisição/Alienação de Participação Acionária (art. 12 da Instr. CVM nº 358),Declaração de Aquisição de Participação Acionária Relevante - Art.12 da Instrução CVM nº358/02,,2022-07-27,RE - Reapresentação Espontânea,022187IPE220720220204476410-96,2,https://www.rad.cvm.gov.br/ENET/frmDownloadDocumento.aspx?Tela=ext&descTipo=IPE&CodigoInstituicao=1&numProtocolo=1000773&numSequencia=525507&numVersao=2
10.629.105/0001-68,PRIO S.A.,22187,2022-12-05,Comunicado ao Mercado,Aquisição/Alienação de Participação Acionária (art. 12 da Instr. CVM nº 358),Declaração de Aquisição de Participação Acionária Relevante - Art.12 da Instrução CVM nº358/02,,2022-12-05,AP - Apresentação,022187IPE051220220104490011-54,1,https://www.rad.cvm.gov.br/ENET/frmDownloadDocumento.aspx?Tela=ext&descTipo=IPE&CodigoInstituicao=1&numProtocolo=1038263&numSequencia=562993&numVersao=1
10.629.105/0001-68,PRIO S.A.,22187,2022-12-19,Comunicado ao Mercado,Aquisição/Alienação de Participação Acionária (art. 12 da Instr. CVM nº 358),Declaração de Aquisição de Participação Acionária Relevante - Art.12 da Instrução CVM nº358/02,,2022-12-19,AP - Apresentação,022187IPE191220220104491411-58,1,https://www.rad.cvm.gov.br/ENET/frmDownloadDocumento.aspx?Tela=ext&descTipo=IPE&CodigoInstituicao=1&numProtocolo=1042767&numSequencia=567497&numVersao=1
10.629.105/0001-68,PRIO S.A.,22187,2022-01-05,Comunicado ao Mercado,Esclarecimentos sobre questionamentos da CVM/B3,,Negociações atípicas de valores mobiliários,2022-01-05,AP - Apresentação,022187IPE050120220104456612-26,1,https://www.rad.cvm.gov.br/ENET/frmDownloadDocumento.aspx?Tela=ext&descTipo=IPE&CodigoInstituicao=1&numProtocolo=931137&numSequencia=455871&numVersao=1
10.629.105/0001-68,PRIO S.A.,22187,2021-03-03,Comunicado ao Mercado,Esclarecimentos sobre questionamentos da CVM/B3,,Negociações atípicas de valores mobiliários,2022-03-03,AP - Apresentação,022187IPE030320210104462311-24,1,https://www.rad.cvm.gov.br/ENET/frmDownloadDocumento.aspx?Tela=ext&descTipo=IPE&CodigoInstituicao=1&numProtocolo=949752&numSequencia=474486&numVersao=1
10.629.105/0001-68,PRIO S.A.,22187,2022-03-09,Comunicado ao Mercado,Esclarecimentos sobre questionamentos da CVM/B3,,Negociações atípicas de valores mobiliários,2022-03-09,AP - Apresentação,022187IPE090320220104462911-60,1,https://www.rad.cvm.gov.br/ENET/frmDownloadDocumento.aspx?Tela=ext&descTipo=IPE&CodigoInstituicao=1&numProtocolo=951850&numSequencia=476584&numVersao=1
10.629.105/0001-68,PRIO S.A.,22187,2022-06-20,Comunicado ao Mercado,Esclarecimentos sobre questionamentos da CVM/B3,,Solicitação de esclarecimentos sobre oscilação atípica,2022-06-20,AP - Apresentação,022187IPE200620220104473210-63,1,https://www.rad.cvm.gov.br/ENET/frmDownloadDocumento.aspx?Tela=ext&descTipo=IPE&CodigoInstituicao=1&numProtocolo=991823&numSequencia=516557&numVersao=1
10.629.105/0001-68,PRIO S.A.,22187,2022-08-23,Comunicado ao Mercado,Esclarecimentos sobre questionamentos da CVM/B3,,Esclarecimento sobre notícia,2022-08-23,AP - Apresentação,022187IPE230820220104479611-42,1,https://www.rad.cvm.gov.br/ENET/frmDownloadDocumento.aspx?Tela=ext&descTipo=IPE&CodigoInstituicao=1&numProtocolo=1010420&numSequencia=535154&numVersao=1
10.629.105/0001-68,PRIO S.A.,22187,2022-01-06,Comunicado ao Mercado,Outros Comunicados Não Considerados Fatos Relevantes,,,2022-01-06,AP - Apresentação,022187IPE060120220104456711-34,1,https://www.rad.cvm.gov.br/ENET/frmDownloadDocumento.aspx?Tela=ext&descTipo=IPE&CodigoInstituicao=1&numProtocolo=931518&numSequencia=456252&numVersao=1
10.629.105/0001-68,PRIO S.A.,22187,2022-01-22,Comunicado ao Mercado,Outros Comunicados Não Considerados Fatos Relevantes,,Esclarecimentos Sobre Notícia Veiculada na Imprensa,2022-01-22,AP - Apresentação,022187IPE220120220104458309-47,1,https://www.rad.cvm.gov.br/ENET/frmDownloadDocumento.aspx?Tela=ext&descTipo=IPE&CodigoInstituicao=1&numProtocolo=935020&numSequencia=459754&numVersao=1
10.629.105/0001-68,PRIO S.A.,22187,2022-01-26,Comunicado ao Mercado,Outros Comunicados Não Considerados Fatos Relevantes,,Esclarecimento sobre a notícia veiculada na imprensa,2022-01-26,AP - Apresentação,022187IPE260120220104458711-42,1,https://www.rad.cvm.gov.br/ENET/frmDownloadDocumento.aspx?Tela=ext&descTipo=IPE&CodigoInstituicao=1&numProtocolo=935674&numSequencia=460408&numVersao=1
10.629.105/0001-68,PRIO S.A.,22187,2022-02-08,Comunicado ao Mercado,Outros Comunicados Não Considerados Fatos Relevantes,,,2022-02-08,AP - Apresentação,022187IPE080220220104460011-21,1,https://www.rad.cvm.gov.br/ENET/frmDownloadDocumento.aspx?Tela=ext&descTipo=IPE&CodigoInstituicao=1&numProtocolo=939985&numSequencia=464719&numVersao=1
10.629.105/0001-68,PRIO S.A.,22187,2022-02-17,Comunicado ao Mercado,Outros Comunicados Não Considerados Fatos Relevantes,,Mudança de Escriturador,2022-02-17,AP - Apresentação,022187IPE170220220104460911-27,1,https://www.rad.cvm.gov.br/ENET/frmDownloadDocumento.aspx?Tela=ext&descTipo=IPE&CodigoInstituicao=1&numProtocolo=944977&numSequencia=469711&numVersao=1
10.629.105/0001-68,PRIO S.A.,22187,2021-03-08,Comunicado ao Mercado,Outros Comunicados Não Considerados Fatos Relevantes,,Dados Operacionais de Fevereiro 2022,2022-03-08,AP - Apresentação,022187IPE080320210104462811-04,1,https://www.rad.cvm.gov.br/ENET/frmDownloadDocumento.aspx?Tela=ext&descTipo=IPE&CodigoInstituicao=1&numProtocolo=951319&numSequencia=476053&numVersao=1
10.629.105/0001-68,PRIO S.A.,22187,2022-04-08,Comunicado ao Mercado,Outros Comunicados Não Considerados Fatos Relevantes,,Dados Operacionais - Março/2022,2022-04-08,AP - Apresentação,022187IPE080420220104465911-26,1,https://www.rad.cvm.gov.br/ENET/frmDownloadDocumento.aspx?Tela=ext&descTipo=IPE&CodigoInstituicao=1&numProtocolo=965732&numSequencia=490466&numVersao=1
10.629.105/0001-68,PRIO S.A.,22187,2022-05-09,Comunicado ao Mercado,Outros Comunicados Não Considerados Fatos Relevantes,,Dados Operacionais - Abril/2022,2022-05-09,AP - Apresentação,022187IPE090520220104469011-62,1,https://www.rad.cvm.gov.br/ENET/frmDownloadDocumento.aspx?Tela=ext&descTipo=IPE&CodigoInstituicao=1&numProtocolo=978720&numSequencia=503454&numVersao=1
10.629.105/0001-68,PRIO S.A.,22187,2022-06-08,Comunicado ao Mercado,Outros Comunicados Não Considerados Fatos Relevantes,,Dados Operacionais Maio 2022,2022-06-09,RE - Reapresentação Espontânea,022187IPE080620220204477911-03,2,https://www.rad.cvm.gov.br/ENET/frmDownloadDocumento.aspx?Tela=ext&descTipo=IPE&CodigoInstituicao=1&numProtocolo=989187&numSequencia=513921&numVersao=2
10.629.105/0001-68,PRIO S.A.,22187,2022-07-11,Comunicado ao Mercado,Outros Comunicados Não Considerados Fatos Relevantes,,Dados operacionais de Junho/2022,2022-07-11,AP - Apresentação,022187IPE110720220104475311-78,1,https://www.rad.cvm.gov.br/ENET/frmDownloadDocumento.aspx?Tela=ext&descTipo=IPE&CodigoInstituicao=1&numProtocolo=997382&numSequencia=522116&numVersao=1
10.629.105/0001-68,PRIO S.A.,22187,2022-08-08,Comunicado ao Mercado,Outros Comunicados Não Considerados Fatos Relevantes,,Dados operacionais Julho 2022,2022-08-08,AP - Apresentação,022187IPE080820220104478111-46,1,https://www.rad.cvm.gov.br/ENET/frmDownloadDocumento.aspx?Tela=ext&descTipo=IPE&CodigoInstituicao=1&numProtocolo=1004938&numSequencia=529672&numVersao=1
10.629.105/0001-68,PRIO S.A.,22187,2022-09-06,Comunicado ao Mercado,Outros Comunicados Não Considerados Fatos Relevantes,,Dados Operacionais Agosto 2022,2022-09-06,AP - Apresentação,022187IPE060920220104481011-47,1,https://www.rad.cvm.gov.br/ENET/frmDownloadDocumento.aspx?Tela=ext&descTipo=IPE&CodigoInstituicao=1&numProtocolo=1013392&numSequencia=538126&numVersao=1
10.629.105/0001-68,PRIO S.A.,22187,2022-10-05,Comunicado ao Mercado,Outros Comunicados Não Considerados Fatos Relevantes,,Dados Operacionais de Setembro 2022,2022-10-05,AP - Apresentação,022187IPE051020220104483911-68,1,https://www.rad.cvm.gov.br/ENET/frmDownloadDocumento.aspx?Tela=ext&descTipo=IPE&CodigoInstituicao=1&numProtocolo=1019986&numSequencia=544720&numVersao=1
10.629.105/0001-68,PRIO S.A.,22187,2022-11-09,Comunicado ao Mercado,Outros Comunicados Não Considerados Fatos Relevantes,,Dados operacionais Outubro 2022,2022-11-09,AP - Apresentação,022187IPE091120220104487411-70,1,https://www.rad.cvm.gov.br/ENET/frmDownloadDocumento.aspx?Tela=ext&descTipo=IPE&CodigoInstituicao=1&numProtocolo=1030473&numSequencia=555204&numVersao=1
10.629.105/0001-68,PRIO S.A.,22187,2022-12-08,Comunicado ao Mercado,Outros Comunicados Não Considerados Fatos Relevantes,,Dados Operacionais Novembro 2022,2022-12-08,AP - Apresentação,022187IPE081220220104490311-24,1,https://www.rad.cvm.gov.br/ENET/frmDownloadDocumento.aspx?Tela=ext&descTipo=IPE&CodigoInstituicao=1&numProtocolo=1039499&numSequencia=564229&numVersao=1
10.629.105/0001-68,PRIO S.A.,22187,2021-12-31,Dados Econômico-Financeiros,Demonstrações Financeiras Anuais Completas,,,2022-02-15,AP - Apresentação,022187IPE311220210104460712-14,1,https://www.rad.cvm.gov.br/ENET/frmDownloadDocumento.aspx?Tela=ext&descTipo=IPE&CodigoInstituicao=1&numProtocolo=944130&numSequencia=468864&numVersao=1
10.629.105/0001-68,PRIO S.A.,22187,2021-12-31,Dados Econômico-Financeiros,Demonstrações Financeiras Anuais Completas,,,2022-02-17,RE - Reapresentação Espontânea,022187IPE311220210204460712-14,2,https://www.rad.cvm.gov.br/ENET/frmDownloadDocumento.aspx?Tela=ext&descTipo=IPE&CodigoInstituicao=1&numProtocolo=944818&numSequencia=469552&numVersao=2
10.629.105/0001-68,PRIO S.A.,22187,2021-12-31,Dados Econômico-Financeiros,Demonstrações Financeiras em Padrões Internacionais,Outros,,2022-02-15,AP - Apresentação,022187IPE311220210104460711-85,1,https://www.rad.cvm.gov.br/ENET/frmDownloadDocumento.aspx?Tela=ext&descTipo=IPE&CodigoInstituicao=1&numProtocolo=944133&numSequencia=468867&numVersao=1
10.629.105/0001-68,PRIO S.A.,22187,2022-03-31,Dados Econômico-Financeiros,Demonstrações Financeiras Intermediárias,,Versão em português,2022-05-04,AP - Apresentação,022187IPE310320220104468512-04,1,https://www.rad.cvm.gov.br/ENET/frmDownloadDocumento.aspx?Tela=ext&descTipo=IPE&CodigoInstituicao=1&numProtocolo=976775&numSequencia=501509&numVersao=1
10.629.105/0001-68,PRIO S.A.,22187,2022-03-31,Dados Econômico-Financeiros,Demonstrações Financeiras Intermediárias,,Versão em inglês,2022-05-04,AP - Apresentação,022187IPE310320220104468512-06,1,https://www.rad.cvm.gov.br/ENET/frmDownloadDocumento.aspx?Tela=ext&descTipo=IPE&CodigoInstituicao=1&numProtocolo=976776&numSequencia=501510&numVersao=1
10.629.105/0001-68,PRIO S.A.,22187,2022-06-30,Dados Econômico-Financeiros,Demonstrações Financeiras Intermediárias,,Versão em português,2022-08-03,AP - Apresentação,022187IPE300620220104477612-10,1,https://www.rad.cvm.gov.br/ENET/frmDownloadDocumento.aspx?Tela=ext&descTipo=IPE&CodigoInstituicao=1&numProtocolo=1003449&numSequencia=528183&numVersao=1
10.629.105/0001-68,PRIO S.A.,22187,2022-06-30,Dados Econômico-Financeiros,Demonstrações Financeiras Intermediárias,,Versão em inglês,2022-08-03,AP - Apresentação,022187IPE300620220104477612-14,1,https://www.rad.cvm.gov.br/ENET/frmDownloadDocumento.aspx?Tela=ext&descTipo=IPE&CodigoInstituicao=1&numProtocolo=1003450&numSequencia=528184&numVersao=1
10.629.105/0001-68,PRIO S.A.,22187,2022-09-30,Dados Econômico-Financeiros,Demonstrações Financeiras Intermediárias,,Versão em Português,2022-10-31,AP - Apresentação,022187IPE300920220104486512-07,1,https://www.rad.cvm.gov.br/ENET/frmDownloadDocumento.aspx?Tela=ext&descTipo=IPE&CodigoInstituicao=1&numProtocolo=1026257&numSequencia=550990&numVersao=1
10.629.105/0001-68,PRIO S.A.,22187,2022-09-30,Dados Econômico-Financeiros,Demonstrações Financeiras Intermediárias,,Versão em Inglês,2022-10-31,AP - Apresentação,022187IPE300920220104486512-14,1,https://www.rad.cvm.gov.br/ENET/frmDownloadDocumento.aspx?Tela=ext&descTipo=IPE&CodigoInstituicao=1&numProtocolo=1026258&numSequencia=550991&numVersao=1
10.629.105/0001-68,PRIO S.A.,22187,2021-12-31,Dados Econômico-Financeiros,Press-release,,Divulgação de Resultados 4T21 &amp 2021,2022-02-15,AP - Apresentação,022187IPE311220210104460712-04,1,https://www.rad.cvm.gov.br/ENET/frmDownloadDocumento.aspx?Tela=ext&descTipo=IPE&CodigoInstituicao=1&numProtocolo=944126&numSequencia=468860&numVersao=1
10.629.105/0001-68,PRIO S.A.,22187,2021-12-31,Dados Econômico-Financeiros,Press-release,,Earnings Release 4Q21 &amp 2021 (English version),2022-02-15,AP - Apresentação,022187IPE311220210104460712-40,1,https://www.rad.cvm.gov.br/ENET/frmDownloadDocumento.aspx?Tela=ext&descTipo=IPE&CodigoInstituicao=1&numProtocolo=944135&numSequencia=468869&numVersao=1
10.629.105/0001-68,PRIO S.A.,22187,2022-05-04,Dados Econômico-Financeiros,Press-release,,Divulgação de Resultados 1T22,2022-05-04,AP - Apresentação,022187IPE040520220104468511-46,1,https://www.rad.cvm.gov.br/ENET/frmDownloadDocumento.aspx?Tela=ext&descTipo=IPE&CodigoInstituicao=1&numProtocolo=976719&numSequencia=501453&numVersao=1
10.629.105/0001-68,PRIO S.A.,22187,2022-05-04,Dados Econômico-Financeiros,Press-release,,Earnings Release 1Q22,2022-05-04,AP - Apresentação,022187IPE040520220104468511-48,1,https://www.rad.cvm.gov.br/ENET/frmDownloadDocumento.aspx?Tela=ext&descTipo=IPE&CodigoInstituicao=1&numProtocolo=976724&numSequencia=501458&numVersao=1
10.629.105/0001-68,PRIO S.A.,22187,2022-06-30,Dados Econômico-Financeiros,Press-release,,Divulgação de Resultados 2T22,2022-08-03,AP - Apresentação,022187IPE300620220104477611-80,1,https://www.rad.cvm.gov.br/ENET/frmDownloadDocumento.aspx?Tela=ext&descTipo=IPE&CodigoInstituicao=1&numProtocolo=1003416&numSequencia=528150&numVersao=1
10.629.105/0001-68,PRIO S.A.,22187,2022-06-30,Dados Econômico-Financeiros,Press-release,,EARNINGS RELEASE 2Q22 - ENGLISH VERSION,2022-08-03,AP - Apresentação,022187IPE300620220104477611-56,1,https://www.rad.cvm.gov.br/ENET/frmDownloadDocumento.aspx?Tela=ext&descTipo=IPE&CodigoInstituicao=1&numProtocolo=1003421&numSequencia=528155&numVersao=1
10.629.105/0001-68,PRIO S.A.,22187,2022-09-30,Dados Econômico-Financeiros,Press-release,,Divulgação de Resultados - 3T22,2022-10-31,AP - Apresentação,022187IPE300920220104486511-92,1,https://www.rad.cvm.gov.br/ENET/frmDownloadDocumento.aspx?Tela=ext&descTipo=IPE&CodigoInstituicao=1&numProtocolo=1026245&numSequencia=550978&numVersao=1
10.629.105/0001-68,PRIO S.A.,22187,2022-09-30,Dados Econômico-Financeiros,Press-release,,Earnings Release - 3Q22 (english version),2022-10-31,RE - Reapresentação Espontânea,022187IPE300920220204486511-74,2,https://www.rad.cvm.gov.br/ENET/frmDownloadDocumento.aspx?Tela=ext&descTipo=IPE&CodigoInstituicao=1&numProtocolo=1026293&numSequencia=551026&numVersao=2
10.629.105/0001-68,PRIO S.A.,22187,2022-12-09,Estatuto Social,,,,2022-12-14,AP - Apresentação,022187IPE091220220104490911-48,1,https://www.rad.cvm.gov.br/ENET/frmDownloadDocumento.aspx?Tela=ext&descTipo=IPE&CodigoInstituicao=1&numProtocolo=1041453&numSequencia=566183&numVersao=1
10.629.105/0001-68,PRIO S.A.,22187,2022-02-14,Fato Relevante,,,Início de Arbitragem,2022-02-14,AP - Apresentação,022187IPE140220220104460612-31,1,https://www.rad.cvm.gov.br/ENET/frmDownloadDocumento.aspx?Tela=ext&descTipo=IPE&CodigoInstituicao=1&numProtocolo=943462&numSequencia=468196&numVersao=1
10.629.105/0001-68,PRIO S.A.,22187,2022-03-30,Fato Relevante,,,Mudança de moeda funcional,2022-03-30,AP - Apresentação,022187IPE300320220104465011-43,1,https://www.rad.cvm.gov.br/ENET/frmDownloadDocumento.aspx?Tela=ext&descTipo=IPE&CodigoInstituicao=1&numProtocolo=961441&numSequencia=486175&numVersao=1
10.629.105/0001-68,PRIO S.A.,22187,2022-04-19,Fato Relevante,,,Desinvestimento de Manati,2022-04-19,AP - Apresentação,022187IPE190420220104467011-29,1,https://www.rad.cvm.gov.br/ENET/frmDownloadDocumento.aspx?Tela=ext&descTipo=IPE&CodigoInstituicao=1&numProtocolo=968421&numSequencia=493155&numVersao=1
10.629.105/0001-68,PRIO S.A.,22187,2022-04-25,Fato Relevante,,,Licença de Operação - Frade,2022-04-25,AP - Apresentação,022187IPE250420220104467611-56,1,https://www.rad.cvm.gov.br/ENET/frmDownloadDocumento.aspx?Tela=ext&descTipo=IPE&CodigoInstituicao=1&numProtocolo=970078&numSequencia=494812&numVersao=1
10.629.105/0001-68,PRIO S.A.,22187,2022-04-27,Fato Relevante,,,Aquisição de Participação no Campo de Albacora Leste,2022-04-27,AP - Apresentação,022187IPE270420220104467811-76,1,https://www.rad.cvm.gov.br/ENET/frmDownloadDocumento.aspx?Tela=ext&descTipo=IPE&CodigoInstituicao=1&numProtocolo=971695&numSequencia=496429&numVersao=1
10.629.105/0001-68,PRIO S.A.,22187,2022-04-28,Fato Relevante,,,FATO RELEVANTE - AQUISIÇÃO DE PARTICIPAÇÃO NO CAMPO DE ALBACORA LESTE,2022-04-28,AP - Apresentação,022187IPE280420220104467906-76,1,https://www.rad.cvm.gov.br/ENET/frmDownloadDocumento.aspx?Tela=ext&descTipo=IPE&CodigoInstituicao=1&numProtocolo=972062&numSequencia=496796&numVersao=1
10.629.105/0001-68,PRIO S.A.,22187,2022-05-04,Fato Relevante,,,Certificação de Reservas,2022-05-04,AP - Apresentação,022187IPE040520220104468511-38,1,https://www.rad.cvm.gov.br/ENET/frmDownloadDocumento.aspx?Tela=ext&descTipo=IPE&CodigoInstituicao=1&numProtocolo=976729&numSequencia=501463&numVersao=1
10.629.105/0001-68,PRIO S.A.,22187,2022-05-10,Fato Relevante,,,Aquisição de Sonda,2022-05-10,AP - Apresentação,022187IPE100520220104469111-68,1,https://www.rad.cvm.gov.br/ENET/frmDownloadDocumento.aspx?Tela=ext&descTipo=IPE&CodigoInstituicao=1&numProtocolo=979621&numSequencia=504355&numVersao=1
10.629.105/0001-68,PRIO S.A.,22187,2022-05-30,Fato Relevante,,,Waiver Repsol e Certificado de Reserva de Albacora Leste,2022-05-30,AP - Apresentação,022187IPE300520220104471105-50,1,https://www.rad.cvm.gov.br/ENET/frmDownloadDocumento.aspx?Tela=ext&descTipo=IPE&CodigoInstituicao=1&numProtocolo=985954&numSequencia=510688&numVersao=1
10.629.105/0001-68,PRIO S.A.,22187,2022-06-06,Fato Relevante,,,Aquisição de Sonda,2022-06-06,AP - Apresentação,022187IPE060620220104471811-51,1,https://www.rad.cvm.gov.br/ENET/frmDownloadDocumento.aspx?Tela=ext&descTipo=IPE&CodigoInstituicao=1&numProtocolo=988192&numSequencia=512926&numVersao=1
10.629.105/0001-68,PRIO S.A.,22187,2022-07-07,Fato Relevante,,,Início de Produção do Poço ODP4,2022-07-07,AP - Apresentação,022187IPE070720220104474905-45,1,https://www.rad.cvm.gov.br/ENET/frmDownloadDocumento.aspx?Tela=ext&descTipo=IPE&CodigoInstituicao=1&numProtocolo=996066&numSequencia=520800&numVersao=1
10.629.105/0001-68,PRIO S.A.,22187,2022-07-11,Fato Relevante,,,Início de produção do Poço ODP4,2022-07-11,AP - Apresentação,022187IPE110720220104475310-97,1,https://www.rad.cvm.gov.br/ENET/frmDownloadDocumento.aspx?Tela=ext&descTipo=IPE&CodigoInstituicao=1&numProtocolo=997243&numSequencia=521977&numVersao=1
10.629.105/0001-68,PRIO S.A.,22187,2022-07-20,Fato Relevante,,,Emissão de Debêntures,2022-07-20,AP - Apresentação,022187IPE200720220104476212-83,1,https://www.rad.cvm.gov.br/ENET/frmDownloadDocumento.aspx?Tela=ext&descTipo=IPE&CodigoInstituicao=1&numProtocolo=999302&numSequencia=524036&numVersao=1
10.629.105/0001-68,PRIO S.A.,22187,2022-08-01,Fato Relevante,,,Início de produção do Poço MUP3A,2022-08-01,AP - Apresentação,022187IPE010820220104477412-14,1,https://www.rad.cvm.gov.br/ENET/frmDownloadDocumento.aspx?Tela=ext&descTipo=IPE&CodigoInstituicao=1&numProtocolo=1002292&numSequencia=527026&numVersao=1
10.629.105/0001-68,PRIO S.A.,22187,2022-08-15,Fato Relevante,,,INTERRUPÇÃO TEMPORÁRIA DE PRODUÇÃO EM FRADE,2022-08-15,AP - Apresentação,022187IPE150820220104478812-86,1,https://www.rad.cvm.gov.br/ENET/frmDownloadDocumento.aspx?Tela=ext&descTipo=IPE&CodigoInstituicao=1&numProtocolo=1008337&numSequencia=533071&numVersao=1
10.629.105/0001-68,PRIO S.A.,22187,2022-08-24,Fato Relevante,,,Liquidação da Emissão de Debêntures,2022-08-24,AP - Apresentação,022187IPE240820220104479711-59,1,https://www.rad.cvm.gov.br/ENET/frmDownloadDocumento.aspx?Tela=ext&descTipo=IPE&CodigoInstituicao=1&numProtocolo=1010677&numSequencia=535411&numVersao=1
10.629.105/0001-68,PRIO S.A.,22187,2022-08-25,Fato Relevante,,,RETOMADA DA PRODUÇÃO EM FRADE,2022-08-25,AP - Apresentação,022187IPE250820220104479811-04,1,https://www.rad.cvm.gov.br/ENET/frmDownloadDocumento.aspx?Tela=ext&descTipo=IPE&CodigoInstituicao=1&numProtocolo=1010955&numSequencia=535689&numVersao=1
10.629.105/0001-68,PRIO S.A.,22187,2022-09-01,Fato Relevante,,,Aquisição Dommo,2022-09-01,AP - Apresentação,022187IPE010920220104480511-73,1,https://www.rad.cvm.gov.br/ENET/frmDownloadDocumento.aspx?Tela=ext&descTipo=IPE&CodigoInstituicao=1&numProtocolo=1012530&numSequencia=537264&numVersao=1
10.629.105/0001-68,PRIO S.A.,22187,2022-09-08,Fato Relevante,,,ENCERRAMENTO DAS NEGOCIAÇÕES DE ALBACORA,2022-09-08,AP - Apresentação,022187IPE080920220104481212-04,1,https://www.rad.cvm.gov.br/ENET/frmDownloadDocumento.aspx?Tela=ext&descTipo=IPE&CodigoInstituicao=1&numProtocolo=1014122&numSequencia=538856&numVersao=1
10.629.105/0001-68,PRIO S.A.,22187,2022-09-26,Fato Relevante,,,Aquisição de Participação em Itaipu,2022-09-26,AP - Apresentação,022187IPE260920220104483005-11,1,https://www.rad.cvm.gov.br/ENET/frmDownloadDocumento.aspx?Tela=ext&descTipo=IPE&CodigoInstituicao=1&numProtocolo=1017549&numSequencia=542283&numVersao=1
10.629.105/0001-68,PRIO S.A.,22187,2022-10-03,Fato Relevante,,,Programa de Recompra de Ações,2022-10-03,AP - Apresentação,022187IPE031020220104483705-45,1,https://www.rad.cvm.gov.br/ENET/frmDownloadDocumento.aspx?Tela=ext&descTipo=IPE&CodigoInstituicao=1&numProtocolo=1018818&numSequencia=543552&numVersao=1
10.629.105/0001-68,PRIO S.A.,22187,2022-10-03,Fato Relevante,,,Assinatura do Protocolo de Incorporação da Dommo,2022-10-03,RE - Reapresentação Espontânea,022187IPE031020220204463005-42,2,https://www.rad.cvm.gov.br/ENET/frmDownloadDocumento.aspx?Tela=ext&descTipo=IPE&CodigoInstituicao=1&numProtocolo=1018830&numSequencia=543564&numVersao=2
10.629.105/0001-68,PRIO S.A.,22187,2022-10-24,Fato Relevante,,,APROVAÇÃO DA INCORPORAÇÃO DE AÇÕES DA DOMMO,2022-10-24,AP - Apresentação,022187IPE241020220104485813-17,1,https://www.rad.cvm.gov.br/ENET/frmDownloadDocumento.aspx?Tela=ext&descTipo=IPE&CodigoInstituicao=1&numProtocolo=1024088&numSequencia=548821&numVersao=1
10.629.105/0001-68,PRIO S.A.,22187,2022-11-03,Fato Relevante,,,Alienação de Participação em Manati,2022-11-03,RE - Reapresentação Espontânea,022187IPE031120220204463106-05,2,https://www.rad.cvm.gov.br/ENET/frmDownloadDocumento.aspx?Tela=ext&descTipo=IPE&CodigoInstituicao=1&numProtocolo=1027364&numSequencia=552097&numVersao=2
10.629.105/0001-68,PRIO S.A.,22187,2022-12-08,Fato Relevante,,,Aprovação da Incorporação de Ações da Dommo,2022-12-08,AP - Apresentação,022187IPE081220220104490305-77,1,https://www.rad.cvm.gov.br/ENET/frmDownloadDocumento.aspx?Tela=ext&descTipo=IPE&CodigoInstituicao=1&numProtocolo=1039258&numSequencia=563988&numVersao=1
10.629.105/0001-68,PRIO S.A.,22187,2022-12-16,Fato Relevante,,,PERÍODO DE OPÇÃO - PROCEDIMENTOS &amp DATA DE FECHAMENTO,2022-12-16,AP - Apresentação,022187IPE161220220104491112-57,1,https://www.rad.cvm.gov.br/ENET/frmDownloadDocumento.aspx?Tela=ext&descTipo=IPE&CodigoInstituicao=1&numProtocolo=1042365&numSequencia=567095&numVersao=1
10.629.105/0001-68,PRIO S.A.,22187,2022-12-16,Fato Relevante,,,PERÍODO DE OPÇÃO - PROCEDIMENTOS &amp DATA DE FECHAMENTO,2022-12-16,RE - Reapresentação Espontânea,022187IPE161220220204491112-57,2,https://www.rad.cvm.gov.br/ENET/frmDownloadDocumento.aspx?Tela=ext&descTipo=IPE&CodigoInstituicao=1&numProtocolo=1042373&numSequencia=567103&numVersao=2
10.629.105/0001-68,PRIO S.A.,22187,2022-02-14,Política de Gerenciamento de Riscos,,,,2022-02-17,AP - Apresentação,022187IPE140220220104460911-18,1,https://www.rad.cvm.gov.br/ENET/frmDownloadDocumento.aspx?Tela=ext&descTipo=IPE&CodigoInstituicao=1&numProtocolo=944974&numSequencia=469708&numVersao=1
10.629.105/0001-68,PRIO S.A.,22187,2022-02-14,Política de Remuneração,,,,2022-02-17,AP - Apresentação,022187IPE140220220104460911-15,1,https://www.rad.cvm.gov.br/ENET/frmDownloadDocumento.aspx?Tela=ext&descTipo=IPE&CodigoInstituicao=1&numProtocolo=944973&numSequencia=469707&numVersao=1
10.629.105/0001-68,PRIO S.A.,22187,2022-02-14,Regimento Interno do Comitê de Auditoria Estatutário,,,,2022-02-17,AP - Apresentação,022187IPE140220220104460911-22,1,https://www.rad.cvm.gov.br/ENET/frmDownloadDocumento.aspx?Tela=ext&descTipo=IPE&CodigoInstituicao=1&numProtocolo=944975&numSequencia=469709&numVersao=1
10.629.105/0001-68,PRIO S.A.,22187,2022-02-14,Regimento interno do Conselho de Administração,,,,2022-02-18,AP - Apresentação,022187IPE140220220104461011-04,1,https://www.rad.cvm.gov.br/ENET/frmDownloadDocumento.aspx?Tela=ext&descTipo=IPE&CodigoInstituicao=1&numProtocolo=945442&numSequencia=470176&numVersao=1
10.629.105/0001-68,PRIO S.A.,22187,2022-02-14,Regimento interno do Conselho de Administração,,,,2022-02-22,RE - Reapresentação Espontânea,022187IPE140220220204461011-04,2,https://www.rad.cvm.gov.br/ENET/frmDownloadDocumento.aspx?Tela=ext&descTipo=IPE&CodigoInstituicao=1&numProtocolo=945880&numSequencia=470614&numVersao=2
10.629.105/0001-68,PRIO S.A.,22187,2022-02-10,Reunião da Administração,Comitê de Auditoria,Ata,Parecer acerca das Demonstrações Financeiras,2022-02-18,AP - Apresentação,022187IPE100220220104461011-06,1,https://www.rad.cvm.gov.br/ENET/frmDownloadDocumento.aspx?Tela=ext&descTipo=IPE&CodigoInstituicao=1&numProtocolo=945443&numSequencia=470177&numVersao=1
10.629.105/0001-68,PRIO S.A.,22187,2022-01-03,Reunião da Administração,Conselho de Administração,Ata,Aprovação de aumento de capital,2022-01-03,AP - Apresentação,022187IPE030120220104456406-53,1,https://www.rad.cvm.gov.br/ENET/frmDownloadDocumento.aspx?Tela=ext&descTipo=IPE&CodigoInstituicao=1&numProtocolo=930068&numSequencia=454802&numVersao=1
10.629.105/0001-68,PRIO S.A.,22187,2022-02-14,Reunião da Administração,Conselho de Administração,Ata,Aprovação das Demonstrações Financeiras de 2021,2022-02-21,AP - Apresentação,022187IPE140220220104461311-47,1,https://www.rad.cvm.gov.br/ENET/frmDownloadDocumento.aspx?Tela=ext&descTipo=IPE&CodigoInstituicao=1&numProtocolo=945775&numSequencia=470509&numVersao=1
10.629.105/0001-68,PRIO S.A.,22187,2022-03-17,Reunião da Administração,Conselho de Administração,Ata,Aprovação da Proposta da Administração para a AGOE,2022-03-23,AP - Apresentação,022187IPE170320220104464310-26,1,https://www.rad.cvm.gov.br/ENET/frmDownloadDocumento.aspx?Tela=ext&descTipo=IPE&CodigoInstituicao=1&numProtocolo=957263&numSequencia=481997&numVersao=1
10.629.105/0001-68,PRIO S.A.,22187,2022-03-30,Reunião da Administração,Conselho de Administração,Ata,Alteração de Moeda Funcional,2022-04-29,AP - Apresentação,022187IPE300320220104468011-37,1,https://www.rad.cvm.gov.br/ENET/frmDownloadDocumento.aspx?Tela=ext&descTipo=IPE&CodigoInstituicao=1&numProtocolo=974074&numSequencia=498808&numVersao=1
10.629.105/0001-68,PRIO S.A.,22187,2022-04-26,Reunião da Administração,Conselho de Administração,Ata,Aprovação Investimento Albacora Leste,2022-05-04,AP - Apresentação,022187IPE260420220104468511-66,1,https://www.rad.cvm.gov.br/ENET/frmDownloadDocumento.aspx?Tela=ext&descTipo=IPE&CodigoInstituicao=1&numProtocolo=976741&numSequencia=501475&numVersao=1
10.629.105/0001-68,PRIO S.A.,22187,2022-05-04,Reunião da Administração,Conselho de Administração,Ata,ITR 1T22 e Eleição Presidente,2022-05-10,AP - Apresentação,022187IPE040520220104469111-94,1,https://www.rad.cvm.gov.br/ENET/frmDownloadDocumento.aspx?Tela=ext&descTipo=IPE&CodigoInstituicao=1&numProtocolo=979637&numSequencia=504371&numVersao=1
10.629.105/0001-68,PRIO S.A.,22187,2022-07-12,Reunião da Administração,Conselho de Administração,Ata,Outorga Fiança Debênture e Swap,2022-07-20,AP - Apresentação,022187IPE120720220104476212-74,1,https://www.rad.cvm.gov.br/ENET/frmDownloadDocumento.aspx?Tela=ext&descTipo=IPE&CodigoInstituicao=1&numProtocolo=999299&numSequencia=524033&numVersao=1
10.629.105/0001-68,PRIO S.A.,22187,2022-07-12,Reunião da Administração,Conselho de Administração,Ata,Outorga Fiança Debênture e Swap,2022-07-22,RE - Reapresentação Espontânea,022187IPE120720220204476212-74,2,https://www.rad.cvm.gov.br/ENET/frmDownloadDocumento.aspx?Tela=ext&descTipo=IPE&CodigoInstituicao=1&numProtocolo=999759&numSequencia=524493&numVersao=2
10.629.105/0001-68,PRIO S.A.,22187,2022-07-12,Reunião da Administração,Conselho de Administração,Ata,Outorga Fiança Debênture e Swap,2022-07-27,RE - Reapresentação Espontânea,022187IPE120720220304476212-74,3,https://www.rad.cvm.gov.br/ENET/frmDownloadDocumento.aspx?Tela=ext&descTipo=IPE&CodigoInstituicao=1&numProtocolo=1000764&numSequencia=525498&numVersao=3
10.629.105/0001-68,PRIO S.A.,22187,2022-08-03,Reunião da Administração,Conselho de Administração,Ata,"Aprovação do Regimento de Auditoria Interna, Plano Anual de Auditoria Interna, Garantia Corporativa e para Contratação de Seguros e Garantia de Performance dos Campos de Polvo e Tubarão Martelo",2022-08-12,AP - Apresentação,022187IPE030820220104478510-97,1,https://www.rad.cvm.gov.br/ENET/frmDownloadDocumento.aspx?Tela=ext&descTipo=IPE&CodigoInstituicao=1&numProtocolo=1007545&numSequencia=532279&numVersao=1
10.629.105/0001-68,PRIO S.A.,22187,2022-09-30,Reunião da Administração,Conselho de Administração,Ata,Aquisição de Ações de Emissão da Própria Companhia||Assinatura do Protocolo de Incorporação da Dommo,2022-10-03,AP - Apresentação,022187IPE300920220104483705-48,1,https://www.rad.cvm.gov.br/ENET/frmDownloadDocumento.aspx?Tela=ext&descTipo=IPE&CodigoInstituicao=1&numProtocolo=1018819&numSequencia=543553&numVersao=1
10.629.105/0001-68,PRIO S.A.,22187,2022-10-28,Reunião da Administração,Conselho de Administração,Ata,Aprovação ITR 3T22,2022-11-07,AP - Apresentação,022187IPE281020220104487211-14,1,https://www.rad.cvm.gov.br/ENET/frmDownloadDocumento.aspx?Tela=ext&descTipo=IPE&CodigoInstituicao=1&numProtocolo=1029108&numSequencia=553839&numVersao=1
10.629.105/0001-68,PRIO S.A.,22187,2022-12-20,Reunião da Administração,Conselho de Administração,Ata,Aprovação do orçamento 2023,2022-12-22,AP - Apresentação,022187IPE201220220104491710-88,1,https://www.rad.cvm.gov.br/ENET/frmDownloadDocumento.aspx?Tela=ext&descTipo=IPE&CodigoInstituicao=1&numProtocolo=1043939&numSequencia=568669&numVersao=1
10.629.105/0001-68,PRIO S.A.,22187,2022-02-14,Reunião da Administração,Conselho Fiscal,Ata,Parecer acerca das Demonstrações Financeiras,2022-02-17,AP - Apresentação,022187IPE140220220104460911-25,1,https://www.rad.cvm.gov.br/ENET/frmDownloadDocumento.aspx?Tela=ext&descTipo=IPE&CodigoInstituicao=1&numProtocolo=944976&numSequencia=469710&numVersao=1
10.629.105/0001-68,PRIO S.A.,22187,2022-05-04,Reunião da Administração,Conselho Fiscal,Ata,ITR 1T2022 e Eleição Presidente,2022-05-10,AP - Apresentação,022187IPE040520220104469111-53,1,https://www.rad.cvm.gov.br/ENET/frmDownloadDocumento.aspx?Tela=ext&descTipo=IPE&CodigoInstituicao=1&numProtocolo=979632&numSequencia=504366&numVersao=1
10.629.105/0001-68,PRIO S.A.,22187,2022-08-02,Reunião da Administração,Conselho Fiscal,Ata,Aprovação ITR 2T22,2022-08-12,AP - Apresentação,022187IPE020820220104478510-99,1,https://www.rad.cvm.gov.br/ENET/frmDownloadDocumento.aspx?Tela=ext&descTipo=IPE&CodigoInstituicao=1&numProtocolo=1007546&numSequencia=532280&numVersao=1
10.629.105/0001-68,PRIO S.A.,22187,2022-10-28,Reunião da Administração,Conselho Fiscal,Ata,Aprovação ITR 3T22,2022-11-07,AP - Apresentação,022187IPE281020220104487211-04,1,https://www.rad.cvm.gov.br/ENET/frmDownloadDocumento.aspx?Tela=ext&descTipo=IPE&CodigoInstituicao=1&numProtocolo=1029113&numSequencia=553844&numVersao=1
10.629.105/0001-68,PRIO S.A.,22187,2021-11-01,Valores Mobiliários negociados e detidos (art. 11 da Instr. CVM nº 358),Posição Consolidada,,,2022-01-10,RE - Reapresentação Espontânea,022187IPE011120210204454004-19,2,https://www.rad.cvm.gov.br/ENET/frmDownloadDocumento.aspx?Tela=ext&descTipo=IPE&CodigoInstituicao=1&numProtocolo=932425&numSequencia=457159&numVersao=2
10.629.105/0001-68,PRIO S.A.,22187,2021-12-01,Valores Mobiliários negociados e detidos (art. 11 da Instr. CVM nº 358),Posição Consolidada,,,2022-01-10,AP - Apresentação,022187IPE011220210104457104-37,1,https://www.rad.cvm.gov.br/ENET/frmDownloadDocumento.aspx?Tela=ext&descTipo=IPE&CodigoInstituicao=1&numProtocolo=932456&numSequencia=457190&numVersao=1
10.629.105/0001-68,PRIO S.A.,22187,2022-01-01,Valores Mobiliários negociados e detidos (art. 11 da Instr. CVM nº 358),Posição Consolidada,,,2022-02-07,AP - Apresentação,022187IPE010120220104459904-35,1,https://www.rad.cvm.gov.br/ENET/frmDownloadDocumento.aspx?Tela=ext&descTipo=IPE&CodigoInstituicao=1&numProtocolo=939552&numSequencia=464286&numVersao=1
10.629.105/0001-68,PRIO S.A.,22187,2022-02-01,Valores Mobiliários negociados e detidos (art. 11 da Instr. CVM nº 358),Posição Consolidada,,,2022-03-10,AP - Apresentação,022187IPE010220220104463003-83,1,https://www.rad.cvm.gov.br/ENET/frmDownloadDocumento.aspx?Tela=ext&descTipo=IPE&CodigoInstituicao=1&numProtocolo=952501&numSequencia=477235&numVersao=1
10.629.105/0001-68,PRIO S.A.,22187,2022-03-01,Valores Mobiliários negociados e detidos (art. 11 da Instr. CVM nº 358),Posição Consolidada,,,2022-04-08,AP - Apresentação,022187IPE010320220104465904-16,1,https://www.rad.cvm.gov.br/ENET/frmDownloadDocumento.aspx?Tela=ext&descTipo=IPE&CodigoInstituicao=1&numProtocolo=965677&numSequencia=490411&numVersao=1
10.629.105/0001-68,PRIO S.A.,22187,2022-04-01,Valores Mobiliários negociados e detidos (art. 11 da Instr. CVM nº 358),Posição Consolidada,,,2022-06-10,RE - Reapresentação Espontânea,022187IPE010420220204469104-49,2,https://www.rad.cvm.gov.br/ENET/frmDownloadDocumento.aspx?Tela=ext&descTipo=IPE&CodigoInstituicao=1&numProtocolo=989957&numSequencia=514691&numVersao=2
10.629.105/0001-68,PRIO S.A.,22187,2022-05-01,Valores Mobiliários negociados e detidos (art. 11 da Instr. CVM nº 358),Posição Consolidada,,,2022-06-10,AP - Apresentação,022187IPE010520220104472203-98,1,https://www.rad.cvm.gov.br/ENET/frmDownloadDocumento.aspx?Tela=ext&descTipo=IPE&CodigoInstituicao=1&numProtocolo=989962&numSequencia=514696&numVersao=1
10.629.105/0001-68,PRIO S.A.,22187,2022-06-01,Valores Mobiliários negociados e detidos (art. 11 da Instr. CVM nº 358),Posição Consolidada,,,2022-07-05,AP - Apresentação,022187IPE010620220104474703-95,1,https://www.rad.cvm.gov.br/ENET/frmDownloadDocumento.aspx?Tela=ext&descTipo=IPE&CodigoInstituicao=1&numProtocolo=995404&numSequencia=520138&numVersao=1
10.629.105/0001-68,PRIO S.A.,22187,2022-07-01,Valores Mobiliários negociados e detidos (art. 11 da Instr. CVM nº 358),Posição Consolidada,,,2022-08-08,AP - Apresentação,022187IPE010720220104478104-24,1,https://www.rad.cvm.gov.br/ENET/frmDownloadDocumento.aspx?Tela=ext&descTipo=IPE&CodigoInstituicao=1&numProtocolo=1004935&numSequencia=529669&numVersao=1
10.629.105/0001-68,PRIO S.A.,22187,2022-08-01,Valores Mobiliários negociados e detidos (art. 11 da Instr. CVM nº 358),Posição Consolidada,,,2022-09-09,AP - Apresentação,022187IPE010820220104481303-69,1,https://www.rad.cvm.gov.br/ENET/frmDownloadDocumento.aspx?Tela=ext&descTipo=IPE&CodigoInstituicao=1&numProtocolo=1014530&numSequencia=539264&numVersao=1
10.629.105/0001-68,PRIO S.A.,22187,2022-09-01,Valores Mobiliários negociados e detidos (art. 11 da Instr. CVM nº 358),Posição Consolidada,,,2022-10-05,AP - Apresentação,022187IPE010920220104483904-04,1,https://www.rad.cvm.gov.br/ENET/frmDownloadDocumento.aspx?Tela=ext&descTipo=IPE&CodigoInstituicao=1&numProtocolo=1019969&numSequencia=544703&numVersao=1
10.629.105/0001-68,PRIO S.A.,22187,2022-10-01,Valores Mobiliários negociados e detidos (art. 11 da Instr. CVM nº 358),Posição Consolidada,,,2022-11-09,AP - Apresentação,022187IPE011020220104487403-94,1,https://www.rad.cvm.gov.br/ENET/frmDownloadDocumento.aspx?Tela=ext&descTipo=IPE&CodigoInstituicao=1&numProtocolo=1030375&numSequencia=555106&numVersao=1
10.629.105/0001-68,PRIO S.A.,22187,2022-11-01,Valores Mobiliários negociados e detidos (art. 11 da Instr. CVM nº 358),Posição Consolidada,,,2022-12-06,AP - Apresentação,022187IPE011120220104490104-00,1,https://www.rad.cvm.gov.br/ENET/frmDownloadDocumento.aspx?Tela=ext&descTipo=IPE&CodigoInstituicao=1&numProtocolo=1038626&numSequencia=563356&numVersao=1
10.629.105/0001-68,PRIO S.A.,22187,2021-12-01,Valores Mobiliários negociados e detidos (art. 11 da Instr. CVM nº 358),"Posição Individual - Cia, Controladas e Coligadas",,,2022-01-10,AP - Apresentação,022187IPE011220210104457104-12,1,https://www.rad.cvm.gov.br/ENET/frmDownloadDocumento.aspx?Tela=ext&descTipo=IPE&CodigoInstituicao=1&numProtocolo=932396&numSequencia=457130&numVersao=1
10.629.105/0001-68,PRIO S.A.,22187,2022-01-01,Valores Mobiliários negociados e detidos (art. 11 da Instr. CVM nº 358),"Posição Individual - Cia, Controladas e Coligadas",,,2022-02-07,AP - Apresentação,022187IPE010120220104459904-28,1,https://www.rad.cvm.gov.br/ENET/frmDownloadDocumento.aspx?Tela=ext&descTipo=IPE&CodigoInstituicao=1&numProtocolo=939550&numSequencia=464284&numVersao=1
10.629.105/0001-68,PRIO S.A.,22187,2022-02-01,Valores Mobiliários negociados e detidos (art. 11 da Instr. CVM nº 358),"Posição Individual - Cia, Controladas e Coligadas",,,2022-03-10,AP - Apresentação,022187IPE010220220104463003-73,1,https://www.rad.cvm.gov.br/ENET/frmDownloadDocumento.aspx?Tela=ext&descTipo=IPE&CodigoInstituicao=1&numProtocolo=952502&numSequencia=477236&numVersao=1
10.629.105/0001-68,PRIO S.A.,22187,2022-04-01,Valores Mobiliários negociados e detidos (art. 11 da Instr. CVM nº 358),"Posição Individual - Cia, Controladas e Coligadas",,,2022-05-10,AP - Apresentação,022187IPE010420220104469105-97,1,https://www.rad.cvm.gov.br/ENET/frmDownloadDocumento.aspx?Tela=ext&descTipo=IPE&CodigoInstituicao=1&numProtocolo=979076&numSequencia=503810&numVersao=1
10.629.105/0001-68,PRIO S.A.,22187,2022-05-01,Valores Mobiliários negociados e detidos (art. 11 da Instr. CVM nº 358),"Posição Individual - Cia, Controladas e Coligadas",,,2022-06-10,AP - Apresentação,022187IPE010520220104472203-81,1,https://www.rad.cvm.gov.br/ENET/frmDownloadDocumento.aspx?Tela=ext&descTipo=IPE&CodigoInstituicao=1&numProtocolo=989950&numSequencia=514684&numVersao=1
10.629.105/0001-68,PRIO S.A.,22187,2022-06-01,Valores Mobiliários negociados e detidos (art. 11 da Instr. CVM nº 358),"Posição Individual - Cia, Controladas e Coligadas",,,2022-07-05,AP - Apresentação,022187IPE010620220104474703-82,1,https://www.rad.cvm.gov.br/ENET/frmDownloadDocumento.aspx?Tela=ext&descTipo=IPE&CodigoInstituicao=1&numProtocolo=995406&numSequencia=520140&numVersao=1
10.629.105/0001-68,PRIO S.A.,22187,2022-08-01,Valores Mobiliários negociados e detidos (art. 11 da Instr. CVM nº 358),"Posição Individual - Cia, Controladas e Coligadas",,,2022-09-09,AP - Apresentação,022187IPE010820220104481304-20,1,https://www.rad.cvm.gov.br/ENET/frmDownloadDocumento.aspx?Tela=ext&descTipo=IPE&CodigoInstituicao=1&numProtocolo=1014527&numSequencia=539261&numVersao=1
10.629.105/0001-68,PRIO S.A.,22187,2022-09-01,Valores Mobiliários negociados e detidos (art. 11 da Instr. CVM nº 358),"Posição Individual - Cia, Controladas e Coligadas",,,2022-10-05,AP - Apresentação,022187IPE010920220104483903-83,1,https://www.rad.cvm.gov.br/ENET/frmDownloadDocumento.aspx?Tela=ext&descTipo=IPE&CodigoInstituicao=1&numProtocolo=1019965&numSequencia=544699&numVersao=1
10.629.105/0001-68,PRIO S.A.,22187,2022-11-01,Valores Mobiliários negociados e detidos (art. 11 da Instr. CVM nº 358),"Posição Individual - Cia, Controladas e Coligadas",,,2022-12-06,AP - Apresentação,022187IPE011120220104490103-79,1,https://www.rad.cvm.gov.br/ENET/frmDownloadDocumento.aspx?Tela=ext&descTipo=IPE&CodigoInstituicao=1&numProtocolo=1038627&numSequencia=563357&numVersao=1
10.629.105/0001-68,PRIO S.A.,22187,2023-05-12,Assembleia,AGE,Ata,,2023-05-23,AP - Apresentação,022187IPE120520230104506911-51,1,https://www.rad.cvm.gov.br/ENET/frmDownloadDocumento.aspx?Tela=ext&descTipo=IPE&CodigoInstituicao=1&numProtocolo=1105529&numSequencia=630258&numVersao=1
10.629.105/0001-68,PRIO S.A.,22187,2023-11-24,Assembleia,AGE,Ata,Termo de Não Instalação da AGE,2023-11-24,AP - Apresentação,022187IPE241120230104525411-59,1,https://www.rad.cvm.gov.br/ENET/frmDownloadDocumento.aspx?Tela=ext&descTipo=IPE&CodigoInstituicao=1&numProtocolo=1166389&numSequencia=691115&numVersao=1
10.629.105/0001-68,PRIO S.A.,22187,2023-12-08,Assembleia,AGE,Ata,Alterações do Estatuto Social da Companhia e Proposta do Novo Plano de Remuneração Baseado em Ações,2023-12-19,AP - Apresentação,022187IPE081220230104527912-50,1,https://www.rad.cvm.gov.br/ENET/frmDownloadDocumento.aspx?Tela=ext&descTipo=IPE&CodigoInstituicao=1&numProtocolo=1175599&numSequencia=700325&numVersao=1
10.629.105/0001-68,PRIO S.A.,22187,2023-04-28,Assembleia,AGE,Boletim de voto a distância,,2023-03-24,AP - Apresentação,022187IPE280420230104500910-96,1,https://www.rad.cvm.gov.br/ENET/frmDownloadDocumento.aspx?Tela=ext&descTipo=IPE&CodigoInstituicao=1&numProtocolo=1076921&numSequencia=601651&numVersao=1
10.629.105/0001-68,PRIO S.A.,22187,2023-05-12,Assembleia,AGE,Edital de Convocação,Reforma Estatutária,2023-05-04,AP - Apresentação,022187IPE120520230104505005-85,1,https://www.rad.cvm.gov.br/ENET/frmDownloadDocumento.aspx?Tela=ext&descTipo=IPE&CodigoInstituicao=1&numProtocolo=1096581&numSequencia=621310&numVersao=1
10.629.105/0001-68,PRIO S.A.,22187,2023-11-24,Assembleia,AGE,Edital de Convocação,Proposta de Alterações do Estatuto Social da Companhia e Proposta do Novo Plano de Remuneração Baseado em Ações,2023-11-01,AP - Apresentação,022187IPE241120230104523112-18,1,https://www.rad.cvm.gov.br/ENET/frmDownloadDocumento.aspx?Tela=ext&descTipo=IPE&CodigoInstituicao=1&numProtocolo=1156772&numSequencia=681498&numVersao=1
10.629.105/0001-68,PRIO S.A.,22187,2023-12-08,Assembleia,AGE,Edital de Convocação,Proposta de Alterações do Estatuto Social da Companhia e Proposta do Novo Plano de Remuneração Baseado em Ações,2023-11-28,AP - Apresentação,022187IPE081220230104525805-60,1,https://www.rad.cvm.gov.br/ENET/frmDownloadDocumento.aspx?Tela=ext&descTipo=IPE&CodigoInstituicao=1&numProtocolo=1166864&numSequencia=691590&numVersao=1
10.629.105/0001-68,PRIO S.A.,22187,2023-11-24,Assembleia,AGE,Manual para participação,,2023-11-01,AP - Apresentação,022187IPE241120230104523111-71,1,https://www.rad.cvm.gov.br/ENET/frmDownloadDocumento.aspx?Tela=ext&descTipo=IPE&CodigoInstituicao=1&numProtocolo=1156766&numSequencia=681492&numVersao=1
10.629.105/0001-68,PRIO S.A.,22187,2023-04-28,Assembleia,AGE,Mapa consolidado de voto a distância,AGE - Mapa de Votação à Distância,2023-04-27,AP - Apresentação,022187IPE280420230104504304-49,1,https://www.rad.cvm.gov.br/ENET/frmDownloadDocumento.aspx?Tela=ext&descTipo=IPE&CodigoInstituicao=1&numProtocolo=1090950&numSequencia=615679&numVersao=1
10.629.105/0001-68,PRIO S.A.,22187,2023-04-28,Assembleia,AGE,Mapa do Escriturador,AGE - MAPA DO ESCRITURADOR,2023-04-26,AP - Apresentação,022187IPE280420230104504211-81,1,https://www.rad.cvm.gov.br/ENET/frmDownloadDocumento.aspx?Tela=ext&descTipo=IPE&CodigoInstituicao=1&numProtocolo=1090591&numSequencia=615320&numVersao=1
10.629.105/0001-68,PRIO S.A.,22187,2023-04-28,Assembleia,AGE,Mapa final de votação detalhado,AGE - Mapa final detalhado,2023-05-09,AP - Apresentação,022187IPE280420230104505511-28,1,https://www.rad.cvm.gov.br/ENET/frmDownloadDocumento.aspx?Tela=ext&descTipo=IPE&CodigoInstituicao=1&numProtocolo=1099275&numSequencia=624004&numVersao=1
10.629.105/0001-68,PRIO S.A.,22187,2023-05-12,Assembleia,AGE,Mapa final de votação detalhado,Reforma Estatutária,2023-05-23,AP - Apresentação,022187IPE120520230104506911-52,1,https://www.rad.cvm.gov.br/ENET/frmDownloadDocumento.aspx?Tela=ext&descTipo=IPE&CodigoInstituicao=1&numProtocolo=1105530&numSequencia=630259&numVersao=1
10.629.105/0001-68,PRIO S.A.,22187,2023-12-08,Assembleia,AGE,Mapa final de votação detalhado,Mapa Final Detalhado,2023-12-13,AP - Apresentação,022187IPE081220230104527311-23,1,https://www.rad.cvm.gov.br/ENET/frmDownloadDocumento.aspx?Tela=ext&descTipo=IPE&CodigoInstituicao=1&numProtocolo=1173118&numSequencia=697844&numVersao=1
10.629.105/0001-68,PRIO S.A.,22187,2023-04-28,Assembleia,AGE,Mapa Final de Votação Sintético,-,2023-04-28,AP - Apresentação,022187IPE280420230104504413-68,1,https://www.rad.cvm.gov.br/ENET/frmDownloadDocumento.aspx?Tela=ext&descTipo=IPE&CodigoInstituicao=1&numProtocolo=1094180&numSequencia=618909&numVersao=1
10.629.105/0001-68,PRIO S.A.,22187,2023-05-12,Assembleia,AGE,Mapa Final de Votação Sintético,Mapa final de votação sintético,2023-05-12,AP - Apresentação,022187IPE120520230104505812-34,1,https://www.rad.cvm.gov.br/ENET/frmDownloadDocumento.aspx?Tela=ext&descTipo=IPE&CodigoInstituicao=1&numProtocolo=1101843&numSequencia=626572&numVersao=1
10.629.105/0001-68,PRIO S.A.,22187,2023-12-08,Assembleia,AGE,Mapa Final de Votação Sintético,Alterações do Estatuto Social da Companhia e Novo Plano de Remuneração Baseado em Ações,2023-12-08,AP - Apresentação,022187IPE081220230104526812-00,1,https://www.rad.cvm.gov.br/ENET/frmDownloadDocumento.aspx?Tela=ext&descTipo=IPE&CodigoInstituicao=1&numProtocolo=1171426&numSequencia=696152&numVersao=1
10.629.105/0001-68,PRIO S.A.,22187,2023-11-24,Assembleia,AGE,Proposta da Administração,Proposta de Alterações do Estatuto Social da Companhia e Proposta do Novo Plano de Remuneração Baseado em Ações,2023-11-01,AP - Apresentação,022187IPE241120230104523111-77,1,https://www.rad.cvm.gov.br/ENET/frmDownloadDocumento.aspx?Tela=ext&descTipo=IPE&CodigoInstituicao=1&numProtocolo=1156755&numSequencia=681481&numVersao=1
10.629.105/0001-68,PRIO S.A.,22187,2023-05-12,Assembleia,AGE,Sumário das Decisões,Reforma Estatutária,2023-05-12,AP - Apresentação,022187IPE120520230104505812-32,1,https://www.rad.cvm.gov.br/ENET/frmDownloadDocumento.aspx?Tela=ext&descTipo=IPE&CodigoInstituicao=1&numProtocolo=1101842&numSequencia=626571&numVersao=1
10.629.105/0001-68,PRIO S.A.,22187,2023-12-08,Assembleia,AGE,Sumário das Decisões,Alterações do Estatuto Social da Companhia e Novo Plano de Remuneração Baseado em Ações,2023-12-08,AP - Apresentação,022187IPE081220230104526811-86,1,https://www.rad.cvm.gov.br/ENET/frmDownloadDocumento.aspx?Tela=ext&descTipo=IPE&CodigoInstituicao=1&numProtocolo=1171422&numSequencia=696148&numVersao=1
10.629.105/0001-68,PRIO S.A.,22187,2023-04-28,Assembleia,AGO,Boletim de voto a distância,,2023-03-24,AP - Apresentação,022187IPE280420230104500911-19,1,https://www.rad.cvm.gov.br/ENET/frmDownloadDocumento.aspx?Tela=ext&descTipo=IPE&CodigoInstituicao=1&numProtocolo=1076923&numSequencia=601653&numVersao=1
10.629.105/0001-68,PRIO S.A.,22187,2023-04-28,Assembleia,AGO,Mapa consolidado de voto a distância,Mapa de Votação à Distância,2023-04-27,AP - Apresentação,022187IPE280420230104504304-48,1,https://www.rad.cvm.gov.br/ENET/frmDownloadDocumento.aspx?Tela=ext&descTipo=IPE&CodigoInstituicao=1&numProtocolo=1090949&numSequencia=615678&numVersao=1
10.629.105/0001-68,PRIO S.A.,22187,2023-04-28,Assembleia,AGO,Mapa do Escriturador,AGO - MAPA DO ESCRITURADOR,2023-04-26,AP - Apresentação,022187IPE280420230104504211-79,1,https://www.rad.cvm.gov.br/ENET/frmDownloadDocumento.aspx?Tela=ext&descTipo=IPE&CodigoInstituicao=1&numProtocolo=1090590&numSequencia=615319&numVersao=1
10.629.105/0001-68,PRIO S.A.,22187,2023-04-28,Assembleia,AGO,Mapa final de votação detalhado,Mapa final detalhado AGO,2023-05-09,AP - Apresentação,022187IPE280420230104505511-26,1,https://www.rad.cvm.gov.br/ENET/frmDownloadDocumento.aspx?Tela=ext&descTipo=IPE&CodigoInstituicao=1&numProtocolo=1099274&numSequencia=624003&numVersao=1
10.629.105/0001-68,PRIO S.A.,22187,2023-04-28,Assembleia,AGO,Mapa Final de Votação Sintético,-,2023-04-28,AP - Apresentação,022187IPE280420230104504413-43,1,https://www.rad.cvm.gov.br/ENET/frmDownloadDocumento.aspx?Tela=ext&descTipo=IPE&CodigoInstituicao=1&numProtocolo=1094151&numSequencia=618880&numVersao=1
10.629.105/0001-68,PRIO S.A.,22187,2023-04-28,Assembleia,AGO/E,Ata,,2023-05-08,AP - Apresentação,022187IPE280420230104505411-02,1,https://www.rad.cvm.gov.br/ENET/frmDownloadDocumento.aspx?Tela=ext&descTipo=IPE&CodigoInstituicao=1&numProtocolo=1098525&numSequencia=623254&numVersao=1
10.629.105/0001-68,PRIO S.A.,22187,2023-04-28,Assembleia,AGO/E,Ata,,2023-05-09,RE - Reapresentação Espontânea,022187IPE280420230204514311-02,2,https://www.rad.cvm.gov.br/ENET/frmDownloadDocumento.aspx?Tela=ext&descTipo=IPE&CodigoInstituicao=1&numProtocolo=1099231&numSequencia=623960&numVersao=2
10.629.105/0001-68,PRIO S.A.,22187,2023-04-28,Assembleia,AGO/E,Edital de Convocação,Alteração da Denominação Social da Companhia||Destinação dos Resultados||Reforma Estatutária||Remuneração dos Administradores e Conselheiros||Tomada de Contas-Votação do Relatório da Administração e das Demonstrações Financeiras,2023-03-24,AP - Apresentação,022187IPE280420230104500911-58,1,https://www.rad.cvm.gov.br/ENET/frmDownloadDocumento.aspx?Tela=ext&descTipo=IPE&CodigoInstituicao=1&numProtocolo=1077055&numSequencia=601785&numVersao=1
10.629.105/0001-68,PRIO S.A.,22187,2023-04-28,Assembleia,AGO/E,Proposta da Administração,Proposta da Administração,2023-03-24,AP - Apresentação,022187IPE280420230104500911-52,1,https://www.rad.cvm.gov.br/ENET/frmDownloadDocumento.aspx?Tela=ext&descTipo=IPE&CodigoInstituicao=1&numProtocolo=1077051&numSequencia=601781&numVersao=1
10.629.105/0001-68,PRIO S.A.,22187,2023-04-28,Assembleia,AGO/E,Sumário das Decisões,Destinação dos Resultados||Remuneração dos Administradores e Conselheiros||Tomada de Contas-Votação do Relatório da Administração e das Demonstrações Financeiras,2023-04-28,AP - Apresentação,022187IPE280420230104504413-41,1,https://www.rad.cvm.gov.br/ENET/frmDownloadDocumento.aspx?Tela=ext&descTipo=IPE&CodigoInstituicao=1&numProtocolo=1094150&numSequencia=618879&numVersao=1
10.629.105/0001-68,PRIO S.A.,22187,2023-01-02,Aviso aos Acionistas,Aumento de capital por subscrição privada deliberado em RCA,,,2023-01-02,AP - Apresentação,022187IPE020120230104492811-35,1,https://www.rad.cvm.gov.br/ENET/frmDownloadDocumento.aspx?Tela=ext&descTipo=IPE&CodigoInstituicao=1&numProtocolo=1046089&numSequencia=570819&numVersao=1
10.629.105/0001-68,PRIO S.A.,22187,2023-04-28,Aviso aos Acionistas,Data prevista para a assembleia,,.,2023-01-10,AP - Apresentação,022187IPE280420230104493611-31,1,https://www.rad.cvm.gov.br/ENET/frmDownloadDocumento.aspx?Tela=ext&descTipo=IPE&CodigoInstituicao=1&numProtocolo=1048661&numSequencia=573391&numVersao=1
10.629.105/0001-68,PRIO S.A.,22187,2023-01-18,Aviso aos Acionistas,Outros avisos,,INVESTIDORES 4.131 - DADOS BANCÁRIOS,2023-01-18,AP - Apresentação,022187IPE180120230104494411-26,1,https://www.rad.cvm.gov.br/ENET/frmDownloadDocumento.aspx?Tela=ext&descTipo=IPE&CodigoInstituicao=1&numProtocolo=1050570&numSequencia=575300&numVersao=1
10.629.105/0001-68,PRIO S.A.,22187,2023-04-27,Aviso aos Acionistas,Outros avisos,,INDICAÇÃO DE CANDIDATOS AO CONSELHO FISCAL,2023-04-27,AP - Apresentação,022187IPE270420230104504311-18,1,https://www.rad.cvm.gov.br/ENET/frmDownloadDocumento.aspx?Tela=ext&descTipo=IPE&CodigoInstituicao=1&numProtocolo=1091521&numSequencia=616250&numVersao=1
10.629.105/0001-68,PRIO S.A.,22187,2024-12-31,Calendário de Eventos Corporativos,,,,2023-12-11,AP - Apresentação,022187IPE311220240104527104-35,1,https://www.rad.cvm.gov.br/ENET/frmDownloadDocumento.aspx?Tela=ext&descTipo=IPE&CodigoInstituicao=1&numProtocolo=1172077&numSequencia=696803&numVersao=1
10.629.105/0001-68,PRIO S.A.,22187,2023-04-18,Código de Conduta,,,,2023-04-24,AP - Apresentação,022187IPE180420230104504011-79,1,https://www.rad.cvm.gov.br/ENET/frmDownloadDocumento.aspx?Tela=ext&descTipo=IPE&CodigoInstituicao=1&numProtocolo=1089051&numSequencia=613780&numVersao=1
10.629.105/0001-68,PRIO S.A.,22187,2023-04-03,Comunicado ao Mercado,Apresentações a analistas/agentes do mercado,,Relatório de Certificação de Reservas,2023-04-03,AP - Apresentação,022187IPE030420230104501912-60,1,https://www.rad.cvm.gov.br/ENET/frmDownloadDocumento.aspx?Tela=ext&descTipo=IPE&CodigoInstituicao=1&numProtocolo=1082105&numSequencia=606834&numVersao=1
10.629.105/0001-68,PRIO S.A.,22187,2023-08-03,Comunicado ao Mercado,Apresentações a analistas/agentes do mercado,,Apresentação de Resultados - 2T23,2023-08-11,AP - Apresentação,022187IPE030820230104514911-48,1,https://www.rad.cvm.gov.br/ENET/frmDownloadDocumento.aspx?Tela=ext&descTipo=IPE&CodigoInstituicao=1&numProtocolo=1133172&numSequencia=657901&numVersao=1
10.629.105/0001-68,PRIO S.A.,22187,2023-05-04,Comunicado ao Mercado,Apresentações a analistas/agentes do mercado,,Apresentação de Resultados - 1T23,2023-08-11,AP - Apresentação,022187IPE040520230104514911-23,1,https://www.rad.cvm.gov.br/ENET/frmDownloadDocumento.aspx?Tela=ext&descTipo=IPE&CodigoInstituicao=1&numProtocolo=1133177&numSequencia=657906&numVersao=1
10.629.105/0001-68,PRIO S.A.,22187,2023-09-30,Comunicado ao Mercado,Apresentações a analistas/agentes do mercado,,Apresentação de Resultados 3T23,2023-11-01,AP - Apresentação,022187IPE300920230104523107-13,1,https://www.rad.cvm.gov.br/ENET/frmDownloadDocumento.aspx?Tela=ext&descTipo=IPE&CodigoInstituicao=1&numProtocolo=1156508&numSequencia=681234&numVersao=1
10.629.105/0001-68,PRIO S.A.,22187,2023-01-16,Comunicado ao Mercado,Aquisição/Alienação de Participação Acionária (art. 12 da Instr. CVM nº 358),"Declaração de Alienação de Participação Acionária Relevante - Art.12, §4º, da Instrução CVM nº358/02",,2023-01-16,AP - Apresentação,022187IPE160120230104494211-76,1,https://www.rad.cvm.gov.br/ENET/frmDownloadDocumento.aspx?Tela=ext&descTipo=IPE&CodigoInstituicao=1&numProtocolo=1050015&numSequencia=574745&numVersao=1
10.629.105/0001-68,PRIO S.A.,22187,2023-01-23,Comunicado ao Mercado,Aquisição/Alienação de Participação Acionária (art. 12 da Instr. CVM nº 358),"Declaração de Alienação de Participação Acionária Relevante - Art.12, §4º, da Instrução CVM nº358/02",,2023-01-23,AP - Apresentação,022187IPE230120230104494911-47,1,https://www.rad.cvm.gov.br/ENET/frmDownloadDocumento.aspx?Tela=ext&descTipo=IPE&CodigoInstituicao=1&numProtocolo=1051459&numSequencia=576189&numVersao=1
10.629.105/0001-68,PRIO S.A.,22187,2023-04-14,Comunicado ao Mercado,Aquisição/Alienação de Participação Acionária (art. 12 da Instr. CVM nº 358),"Declaração de Alienação de Participação Acionária Relevante - Art.12, §4º, da Instrução CVM nº358/02",,2023-04-14,AP - Apresentação,022187IPE140420230104503010-87,1,https://www.rad.cvm.gov.br/ENET/frmDownloadDocumento.aspx?Tela=ext&descTipo=IPE&CodigoInstituicao=1&numProtocolo=1086349&numSequencia=611078&numVersao=1
10.629.105/0001-68,PRIO S.A.,22187,2023-04-27,Comunicado ao Mercado,Aquisição/Alienação de Participação Acionária (art. 12 da Instr. CVM nº 358),"Declaração de Alienação de Participação Acionária Relevante - Art.12, §4º, da Instrução CVM nº358/02",,2023-04-27,AP - Apresentação,022187IPE270420230104504306-06,1,https://www.rad.cvm.gov.br/ENET/frmDownloadDocumento.aspx?Tela=ext&descTipo=IPE&CodigoInstituicao=1&numProtocolo=1091018&numSequencia=615747&numVersao=1
10.629.105/0001-68,PRIO S.A.,22187,2023-05-11,Comunicado ao Mercado,Aquisição/Alienação de Participação Acionária (art. 12 da Instr. CVM nº 358),"Declaração de Alienação de Participação Acionária Relevante - Art.12, §4º, da Instrução CVM nº358/02",,2023-05-11,AP - Apresentação,022187IPE110520230104505712-08,1,https://www.rad.cvm.gov.br/ENET/frmDownloadDocumento.aspx?Tela=ext&descTipo=IPE&CodigoInstituicao=1&numProtocolo=1100936&numSequencia=625665&numVersao=1
10.629.105/0001-68,PRIO S.A.,22187,2023-05-12,Comunicado ao Mercado,Aquisição/Alienação de Participação Acionária (art. 12 da Instr. CVM nº 358),"Declaração de Alienação de Participação Acionária Relevante - Art.12, §4º, da Instrução CVM nº358/02",,2023-05-23,AP - Apresentação,022187IPE120520230104506911-54,1,https://www.rad.cvm.gov.br/ENET/frmDownloadDocumento.aspx?Tela=ext&descTipo=IPE&CodigoInstituicao=1&numProtocolo=1105531&numSequencia=630260&numVersao=1
10.629.105/0001-68,PRIO S.A.,22187,2023-06-01,Comunicado ao Mercado,Aquisição/Alienação de Participação Acionária (art. 12 da Instr. CVM nº 358),"Declaração de Alienação de Participação Acionária Relevante - Art.12, §4º, da Instrução CVM nº358/02",,2023-06-01,AP - Apresentação,022187IPE010620230104507810-92,1,https://www.rad.cvm.gov.br/ENET/frmDownloadDocumento.aspx?Tela=ext&descTipo=IPE&CodigoInstituicao=1&numProtocolo=1108825&numSequencia=633554&numVersao=1
10.629.105/0001-68,PRIO S.A.,22187,2023-08-29,Comunicado ao Mercado,Aquisição/Alienação de Participação Acionária (art. 12 da Instr. CVM nº 358),"Declaração de Alienação de Participação Acionária Relevante - Art.12, §4º, da Instrução CVM nº358/02",,2023-08-29,AP - Apresentação,022187IPE290820230104516711-48,1,https://www.rad.cvm.gov.br/ENET/frmDownloadDocumento.aspx?Tela=ext&descTipo=IPE&CodigoInstituicao=1&numProtocolo=1138347&numSequencia=663076&numVersao=1
10.629.105/0001-68,PRIO S.A.,22187,2023-10-18,Comunicado ao Mercado,Aquisição/Alienação de Participação Acionária (art. 12 da Instr. CVM nº 358),"Declaração de Alienação de Participação Acionária Relevante - Art.12, §4º, da Instrução CVM nº358/02",,2023-10-18,AP - Apresentação,022187IPE181020230104521713-13,1,https://www.rad.cvm.gov.br/ENET/frmDownloadDocumento.aspx?Tela=ext&descTipo=IPE&CodigoInstituicao=1&numProtocolo=1152678&numSequencia=677404&numVersao=1
10.629.105/0001-68,PRIO S.A.,22187,2023-11-21,Comunicado ao Mercado,Aquisição/Alienação de Participação Acionária (art. 12 da Instr. CVM nº 358),"Declaração de Alienação de Participação Acionária Relevante - Art.12, §4º, da Instrução CVM nº358/02",,2023-11-21,AP - Apresentação,022187IPE211120230104525112-58,1,https://www.rad.cvm.gov.br/ENET/frmDownloadDocumento.aspx?Tela=ext&descTipo=IPE&CodigoInstituicao=1&numProtocolo=1165472&numSequencia=690198&numVersao=1
10.629.105/0001-68,PRIO S.A.,22187,2023-12-18,Comunicado ao Mercado,Aquisição/Alienação de Participação Acionária (art. 12 da Instr. CVM nº 358),"Declaração de Alienação de Participação Acionária Relevante - Art.12, §4º, da Instrução CVM nº358/02",,2023-12-18,AP - Apresentação,022187IPE181220230104527813-74,1,https://www.rad.cvm.gov.br/ENET/frmDownloadDocumento.aspx?Tela=ext&descTipo=IPE&CodigoInstituicao=1&numProtocolo=1175069&numSequencia=699795&numVersao=1
10.629.105/0001-68,PRIO S.A.,22187,2023-02-28,Comunicado ao Mercado,Aquisição/Alienação de Participação Acionária (art. 12 da Instr. CVM nº 358),Declaração de Aquisição de Participação Acionária Relevante - Art.12 da Instrução CVM nº358/02,,2023-02-28,AP - Apresentação,022187IPE280220230104498511-50,1,https://www.rad.cvm.gov.br/ENET/frmDownloadDocumento.aspx?Tela=ext&descTipo=IPE&CodigoInstituicao=1&numProtocolo=1066461&numSequencia=591191&numVersao=1
10.629.105/0001-68,PRIO S.A.,22187,2023-03-13,Comunicado ao Mercado,Aquisição/Alienação de Participação Acionária (art. 12 da Instr. CVM nº 358),Declaração de Aquisição de Participação Acionária Relevante - Art.12 da Instrução CVM nº358/02,,2023-03-13,AP - Apresentação,022187IPE130320230104499811-74,1,https://www.rad.cvm.gov.br/ENET/frmDownloadDocumento.aspx?Tela=ext&descTipo=IPE&CodigoInstituicao=1&numProtocolo=1072314&numSequencia=597044&numVersao=1
10.629.105/0001-68,PRIO S.A.,22187,2023-03-22,Comunicado ao Mercado,Aquisição/Alienação de Participação Acionária (art. 12 da Instr. CVM nº 358),Declaração de Aquisição de Participação Acionária Relevante - Art.12 da Instrução CVM nº358/02,,2023-03-22,AP - Apresentação,022187IPE220320230104500712-27,1,https://www.rad.cvm.gov.br/ENET/frmDownloadDocumento.aspx?Tela=ext&descTipo=IPE&CodigoInstituicao=1&numProtocolo=1075969&numSequencia=600699&numVersao=1
10.629.105/0001-68,PRIO S.A.,22187,2023-04-25,Comunicado ao Mercado,Aquisição/Alienação de Participação Acionária (art. 12 da Instr. CVM nº 358),Declaração de Aquisição de Participação Acionária Relevante - Art.12 da Instrução CVM nº358/02,,2023-04-25,AP - Apresentação,022187IPE250420230104504111-05,1,https://www.rad.cvm.gov.br/ENET/frmDownloadDocumento.aspx?Tela=ext&descTipo=IPE&CodigoInstituicao=1&numProtocolo=1089660&numSequencia=614389&numVersao=1
10.629.105/0001-68,PRIO S.A.,22187,2023-04-26,Comunicado ao Mercado,Aquisição/Alienação de Participação Acionária (art. 12 da Instr. CVM nº 358),Declaração de Aquisição de Participação Acionária Relevante - Art.12 da Instrução CVM nº358/02,,2023-04-26,AP - Apresentação,022187IPE260420230104504212-85,1,https://www.rad.cvm.gov.br/ENET/frmDownloadDocumento.aspx?Tela=ext&descTipo=IPE&CodigoInstituicao=1&numProtocolo=1090779&numSequencia=615508&numVersao=1
10.629.105/0001-68,PRIO S.A.,22187,2023-05-19,Comunicado ao Mercado,Aquisição/Alienação de Participação Acionária (art. 12 da Instr. CVM nº 358),Declaração de Aquisição de Participação Acionária Relevante - Art.12 da Instrução CVM nº358/02,,2023-05-19,AP - Apresentação,022187IPE190520230104506510-61,1,https://www.rad.cvm.gov.br/ENET/frmDownloadDocumento.aspx?Tela=ext&descTipo=IPE&CodigoInstituicao=1&numProtocolo=1104544&numSequencia=629273&numVersao=1
10.629.105/0001-68,PRIO S.A.,22187,2023-05-25,Comunicado ao Mercado,Aquisição/Alienação de Participação Acionária (art. 12 da Instr. CVM nº 358),Declaração de Aquisição de Participação Acionária Relevante - Art.12 da Instrução CVM nº358/02,,2023-05-25,AP - Apresentação,022187IPE250520230104507112-49,1,https://www.rad.cvm.gov.br/ENET/frmDownloadDocumento.aspx?Tela=ext&descTipo=IPE&CodigoInstituicao=1&numProtocolo=1106444&numSequencia=631173&numVersao=1
10.629.105/0001-68,PRIO S.A.,22187,2023-07-31,Comunicado ao Mercado,Aquisição/Alienação de Participação Acionária (art. 12 da Instr. CVM nº 358),Declaração de Aquisição de Participação Acionária Relevante - Art.12 da Instrução CVM nº358/02,,2023-07-31,AP - Apresentação,022187IPE310720230104513812-13,1,https://www.rad.cvm.gov.br/ENET/frmDownloadDocumento.aspx?Tela=ext&descTipo=IPE&CodigoInstituicao=1&numProtocolo=1127166&numSequencia=651895&numVersao=1
10.629.105/0001-68,PRIO S.A.,22187,2023-09-05,Comunicado ao Mercado,Aquisição/Alienação de Participação Acionária (art. 12 da Instr. CVM nº 358),Declaração de Aquisição de Participação Acionária Relevante - Art.12 da Instrução CVM nº358/02,,2023-09-05,AP - Apresentação,022187IPE050920230104517411-88,1,https://www.rad.cvm.gov.br/ENET/frmDownloadDocumento.aspx?Tela=ext&descTipo=IPE&CodigoInstituicao=1&numProtocolo=1140345&numSequencia=665073&numVersao=1
10.629.105/0001-68,PRIO S.A.,22187,2023-03-01,Comunicado ao Mercado,Esclarecimentos sobre questionamentos da CVM/B3,,Negociações atípicas de valores mobiliários,2023-03-01,AP - Apresentação,022187IPE010320230104498611-83,1,https://www.rad.cvm.gov.br/ENET/frmDownloadDocumento.aspx?Tela=ext&descTipo=IPE&CodigoInstituicao=1&numProtocolo=1067212&numSequencia=591942&numVersao=1
10.629.105/0001-68,PRIO S.A.,22187,2023-03-02,Comunicado ao Mercado,Esclarecimentos sobre questionamentos da CVM/B3,,ESCLARECIMENTOS SOBRE QUESTIONAMENTOS DA B3/CVM,2023-03-02,AP - Apresentação,022187IPE020320230104498711-84,1,https://www.rad.cvm.gov.br/ENET/frmDownloadDocumento.aspx?Tela=ext&descTipo=IPE&CodigoInstituicao=1&numProtocolo=1067934&numSequencia=592664&numVersao=1
10.629.105/0001-68,PRIO S.A.,22187,2023-03-07,Comunicado ao Mercado,Esclarecimentos sobre questionamentos da CVM/B3,,Esclarecimentos sobre questionamentos da CVM/B3,2023-03-07,AP - Apresentação,022187IPE070320230104499212-89,1,https://www.rad.cvm.gov.br/ENET/frmDownloadDocumento.aspx?Tela=ext&descTipo=IPE&CodigoInstituicao=1&numProtocolo=1069903&numSequencia=594633&numVersao=1
10.629.105/0001-68,PRIO S.A.,22187,2023-06-22,Comunicado ao Mercado,Esclarecimentos sobre questionamentos da CVM/B3,,Negociações atípicas de valores mobiliários,2023-06-22,AP - Apresentação,022187IPE220620230104509910-87,1,https://www.rad.cvm.gov.br/ENET/frmDownloadDocumento.aspx?Tela=ext&descTipo=IPE&CodigoInstituicao=1&numProtocolo=1115810&numSequencia=640539&numVersao=1
10.629.105/0001-68,PRIO S.A.,22187,2023-10-10,Comunicado ao Mercado,Esclarecimentos sobre questionamentos da CVM/B3,,Negociações atípicas de valores mobiliários,2023-10-10,AP - Apresentação,022187IPE101020230104520911-82,1,https://www.rad.cvm.gov.br/ENET/frmDownloadDocumento.aspx?Tela=ext&descTipo=IPE&CodigoInstituicao=1&numProtocolo=1150573&numSequencia=675299&numVersao=1
10.629.105/0001-68,PRIO S.A.,22187,2023-01-05,Comunicado ao Mercado,Outros Comunicados Não Considerados Fatos Relevantes,,Dados Operacionais Dezembro de 2022,2023-01-05,AP - Apresentação,022187IPE050120230104493111-76,1,https://www.rad.cvm.gov.br/ENET/frmDownloadDocumento.aspx?Tela=ext&descTipo=IPE&CodigoInstituicao=1&numProtocolo=1047224&numSequencia=571954&numVersao=1
10.629.105/0001-68,PRIO S.A.,22187,2023-02-08,Comunicado ao Mercado,Outros Comunicados Não Considerados Fatos Relevantes,,Dados Operacionais Janeiro/2023,2023-02-08,AP - Apresentação,022187IPE080220230104496511-28,1,https://www.rad.cvm.gov.br/ENET/frmDownloadDocumento.aspx?Tela=ext&descTipo=IPE&CodigoInstituicao=1&numProtocolo=1056933&numSequencia=581663&numVersao=1
10.629.105/0001-68,PRIO S.A.,22187,2023-03-08,Comunicado ao Mercado,Outros Comunicados Não Considerados Fatos Relevantes,,Dados Operacionais Fevereiro/2023,2023-03-08,AP - Apresentação,022187IPE080320230104499313-57,1,https://www.rad.cvm.gov.br/ENET/frmDownloadDocumento.aspx?Tela=ext&descTipo=IPE&CodigoInstituicao=1&numProtocolo=1070401&numSequencia=595131&numVersao=1
10.629.105/0001-68,PRIO S.A.,22187,2023-03-30,Comunicado ao Mercado,Outros Comunicados Não Considerados Fatos Relevantes,,RESULTADO DO LEILÃO DE FRAÇÕES DE AÇÕES,2023-03-30,AP - Apresentação,022187IPE300320230104501511-20,1,https://www.rad.cvm.gov.br/ENET/frmDownloadDocumento.aspx?Tela=ext&descTipo=IPE&CodigoInstituicao=1&numProtocolo=1080443&numSequencia=605172&numVersao=1
10.629.105/0001-68,PRIO S.A.,22187,2023-04-03,Comunicado ao Mercado,Outros Comunicados Não Considerados Fatos Relevantes,,Dados Operacionais - Março 2023,2023-04-03,AP - Apresentação,022187IPE030420230104501911-09,1,https://www.rad.cvm.gov.br/ENET/frmDownloadDocumento.aspx?Tela=ext&descTipo=IPE&CodigoInstituicao=1&numProtocolo=1081988&numSequencia=606717&numVersao=1
10.629.105/0001-68,PRIO S.A.,22187,2023-04-06,Comunicado ao Mercado,Outros Comunicados Não Considerados Fatos Relevantes,,RESULTADO DO LEILÃO DE FRAÇÕES DE AÇÕES,2023-04-06,AP - Apresentação,022187IPE060420230104502213-69,1,https://www.rad.cvm.gov.br/ENET/frmDownloadDocumento.aspx?Tela=ext&descTipo=IPE&CodigoInstituicao=1&numProtocolo=1083976&numSequencia=608705&numVersao=1
10.629.105/0001-68,PRIO S.A.,22187,2023-04-13,Comunicado ao Mercado,Outros Comunicados Não Considerados Fatos Relevantes,,Regimento de Auditoria Interna,2023-04-13,AP - Apresentação,022187IPE130420230104502910-88,1,https://www.rad.cvm.gov.br/ENET/frmDownloadDocumento.aspx?Tela=ext&descTipo=IPE&CodigoInstituicao=1&numProtocolo=1085946&numSequencia=610675&numVersao=1
10.629.105/0001-68,PRIO S.A.,22187,2023-04-26,Comunicado ao Mercado,Outros Comunicados Não Considerados Fatos Relevantes,,Retificação de Comunicado de Alteração de Participação Acionária Relevante,2023-04-26,AP - Apresentação,022187IPE260420230104504212-90,1,https://www.rad.cvm.gov.br/ENET/frmDownloadDocumento.aspx?Tela=ext&descTipo=IPE&CodigoInstituicao=1&numProtocolo=1090805&numSequencia=615534&numVersao=1
10.629.105/0001-68,PRIO S.A.,22187,2023-04-27,Comunicado ao Mercado,Outros Comunicados Não Considerados Fatos Relevantes,,Retificação - Alteração de Participação Acionária Relevante,2023-04-27,AP - Apresentação,022187IPE270420230104504311-38,1,https://www.rad.cvm.gov.br/ENET/frmDownloadDocumento.aspx?Tela=ext&descTipo=IPE&CodigoInstituicao=1&numProtocolo=1091729&numSequencia=616458&numVersao=1
10.629.105/0001-68,PRIO S.A.,22187,2023-05-02,Comunicado ao Mercado,Outros Comunicados Não Considerados Fatos Relevantes,,Dados Operacionais Abril/2023,2023-05-02,AP - Apresentação,022187IPE020520230104504811-10,1,https://www.rad.cvm.gov.br/ENET/frmDownloadDocumento.aspx?Tela=ext&descTipo=IPE&CodigoInstituicao=1&numProtocolo=1095219&numSequencia=619948&numVersao=1
10.629.105/0001-68,PRIO S.A.,22187,2023-05-22,Comunicado ao Mercado,Outros Comunicados Não Considerados Fatos Relevantes,,Alteração de Participação Acionária Relevante,2023-05-22,AP - Apresentação,022187IPE220520230104506805-65,1,https://www.rad.cvm.gov.br/ENET/frmDownloadDocumento.aspx?Tela=ext&descTipo=IPE&CodigoInstituicao=1&numProtocolo=1104894&numSequencia=629623&numVersao=1
10.629.105/0001-68,PRIO S.A.,22187,2023-06-06,Comunicado ao Mercado,Outros Comunicados Não Considerados Fatos Relevantes,,Dados Operacionais Maio 2023,2023-06-06,AP - Apresentação,022187IPE060620230104508311-52,1,https://www.rad.cvm.gov.br/ENET/frmDownloadDocumento.aspx?Tela=ext&descTipo=IPE&CodigoInstituicao=1&numProtocolo=1110408&numSequencia=635137&numVersao=1
10.629.105/0001-68,PRIO S.A.,22187,2023-07-04,Comunicado ao Mercado,Outros Comunicados Não Considerados Fatos Relevantes,,Dados Operacionais 06/2023,2023-07-04,AP - Apresentação,022187IPE040720230104511111-24,1,https://www.rad.cvm.gov.br/ENET/frmDownloadDocumento.aspx?Tela=ext&descTipo=IPE&CodigoInstituicao=1&numProtocolo=1119372&numSequencia=644101&numVersao=1
10.629.105/0001-68,PRIO S.A.,22187,2023-08-02,Comunicado ao Mercado,Outros Comunicados Não Considerados Fatos Relevantes,,Dados Operacionais 07/2023,2023-08-02,AP - Apresentação,022187IPE020820230104514012-82,1,https://www.rad.cvm.gov.br/ENET/frmDownloadDocumento.aspx?Tela=ext&descTipo=IPE&CodigoInstituicao=1&numProtocolo=1128449&numSequencia=653178&numVersao=1
10.629.105/0001-68,PRIO S.A.,22187,2023-09-04,Comunicado ao Mercado,Outros Comunicados Não Considerados Fatos Relevantes,,Dados Operacionais 08/2023,2023-09-04,AP - Apresentação,022187IPE040920230104517311-25,1,https://www.rad.cvm.gov.br/ENET/frmDownloadDocumento.aspx?Tela=ext&descTipo=IPE&CodigoInstituicao=1&numProtocolo=1139924&numSequencia=664653&numVersao=1
10.629.105/0001-68,PRIO S.A.,22187,2023-10-02,Comunicado ao Mercado,Outros Comunicados Não Considerados Fatos Relevantes,,Dados Operacionais 09/2023,2023-10-02,AP - Apresentação,022187IPE021020230104520111-09,1,https://www.rad.cvm.gov.br/ENET/frmDownloadDocumento.aspx?Tela=ext&descTipo=IPE&CodigoInstituicao=1&numProtocolo=1147771&numSequencia=672497&numVersao=1
10.629.105/0001-68,PRIO S.A.,22187,2023-11-06,Comunicado ao Mercado,Outros Comunicados Não Considerados Fatos Relevantes,,Dados Operacionais 10/2023,2023-11-06,AP - Apresentação,022187IPE061120230104523611-99,1,https://www.rad.cvm.gov.br/ENET/frmDownloadDocumento.aspx?Tela=ext&descTipo=IPE&CodigoInstituicao=1&numProtocolo=1158351&numSequencia=683077&numVersao=1
10.629.105/0001-68,PRIO S.A.,22187,2023-12-04,Comunicado ao Mercado,Outros Comunicados Não Considerados Fatos Relevantes,,Dados Operacionais Novembro/2023,2023-12-04,AP - Apresentação,022187IPE041220230104526413-23,1,https://www.rad.cvm.gov.br/ENET/frmDownloadDocumento.aspx?Tela=ext&descTipo=IPE&CodigoInstituicao=1&numProtocolo=1169034&numSequencia=693760&numVersao=1
10.629.105/0001-68,PRIO S.A.,22187,2022-12-31,Dados Econômico-Financeiros,Demonstrações Financeiras Anuais Completas,,,2023-03-01,AP - Apresentação,022187IPE311220220104498612-51,1,https://www.rad.cvm.gov.br/ENET/frmDownloadDocumento.aspx?Tela=ext&descTipo=IPE&CodigoInstituicao=1&numProtocolo=1067247&numSequencia=591977&numVersao=1
10.629.105/0001-68,PRIO S.A.,22187,2022-12-31,Dados Econômico-Financeiros,Demonstrações Financeiras em Padrões Internacionais,Outros,,2023-03-01,AP - Apresentação,022187IPE311220220104498611-95,1,https://www.rad.cvm.gov.br/ENET/frmDownloadDocumento.aspx?Tela=ext&descTipo=IPE&CodigoInstituicao=1&numProtocolo=1067248&numSequencia=591978&numVersao=1
10.629.105/0001-68,PRIO S.A.,22187,2023-03-31,Dados Econômico-Financeiros,Demonstrações Financeiras Intermediárias,,Versão em português,2023-05-03,AP - Apresentação,022187IPE310320230104504912-67,1,https://www.rad.cvm.gov.br/ENET/frmDownloadDocumento.aspx?Tela=ext&descTipo=IPE&CodigoInstituicao=1&numProtocolo=1096307&numSequencia=621036&numVersao=1
10.629.105/0001-68,PRIO S.A.,22187,2023-03-31,Dados Econômico-Financeiros,Demonstrações Financeiras Intermediárias,,Versão em Inglês,2023-05-03,AP - Apresentação,022187IPE310320230104504912-70,1,https://www.rad.cvm.gov.br/ENET/frmDownloadDocumento.aspx?Tela=ext&descTipo=IPE&CodigoInstituicao=1&numProtocolo=1096308&numSequencia=621037&numVersao=1
10.629.105/0001-68,PRIO S.A.,22187,2023-09-30,Dados Econômico-Financeiros,Demonstrações Financeiras Intermediárias,,VERSÃO PORTUGUÊS,2023-10-31,AP - Apresentação,022187IPE300920230104523011-71,1,https://www.rad.cvm.gov.br/ENET/frmDownloadDocumento.aspx?Tela=ext&descTipo=IPE&CodigoInstituicao=1&numProtocolo=1156219&numSequencia=680945&numVersao=1
10.629.105/0001-68,PRIO S.A.,22187,2023-09-30,Dados Econômico-Financeiros,Demonstrações Financeiras Intermediárias,,VERSÃO INGLÊS,2023-10-31,AP - Apresentação,022187IPE300920230104523011-74,1,https://www.rad.cvm.gov.br/ENET/frmDownloadDocumento.aspx?Tela=ext&descTipo=IPE&CodigoInstituicao=1&numProtocolo=1156220&numSequencia=680946&numVersao=1
10.629.105/0001-68,PRIO S.A.,22187,2022-12-31,Dados Econômico-Financeiros,Press-release,,Divulgação de Resultados 4T22 &amp 2022,2023-03-01,AP - Apresentação,022187IPE311220220104498611-71,1,https://www.rad.cvm.gov.br/ENET/frmDownloadDocumento.aspx?Tela=ext&descTipo=IPE&CodigoInstituicao=1&numProtocolo=1067220&numSequencia=591950&numVersao=1
10.629.105/0001-68,PRIO S.A.,22187,2023-03-01,Dados Econômico-Financeiros,Press-release,,4Q22 &amp 2022 Earnings Release,2023-03-01,AP - Apresentação,022187IPE010320230104498612-05,1,https://www.rad.cvm.gov.br/ENET/frmDownloadDocumento.aspx?Tela=ext&descTipo=IPE&CodigoInstituicao=1&numProtocolo=1067229&numSequencia=591959&numVersao=1
10.629.105/0001-68,PRIO S.A.,22187,2022-12-31,Dados Econômico-Financeiros,Press-release,,Divulgação de Resultados 4T22 &amp 2022,2023-03-02,RE - Reapresentação Espontânea,022187IPE311220220204492911-71,2,https://www.rad.cvm.gov.br/ENET/frmDownloadDocumento.aspx?Tela=ext&descTipo=IPE&CodigoInstituicao=1&numProtocolo=1067904&numSequencia=592634&numVersao=2
10.629.105/0001-68,PRIO S.A.,22187,2023-03-01,Dados Econômico-Financeiros,Press-release,,4Q22 &amp 2022 Earnings Release,2023-03-02,RE - Reapresentação Espontânea,022187IPE010320230204492912-05,2,https://www.rad.cvm.gov.br/ENET/frmDownloadDocumento.aspx?Tela=ext&descTipo=IPE&CodigoInstituicao=1&numProtocolo=1067906&numSequencia=592636&numVersao=2
10.629.105/0001-68,PRIO S.A.,22187,2023-03-31,Dados Econômico-Financeiros,Press-release,,Release de Resultados - 1T23 (português),2023-05-03,AP - Apresentação,022187IPE310320230104504912-21,1,https://www.rad.cvm.gov.br/ENET/frmDownloadDocumento.aspx?Tela=ext&descTipo=IPE&CodigoInstituicao=1&numProtocolo=1096254&numSequencia=620983&numVersao=1
10.629.105/0001-68,PRIO S.A.,22187,2023-03-31,Dados Econômico-Financeiros,Press-release,,Release de Resultados - 1T23 (inglês),2023-05-03,AP - Apresentação,022187IPE310320230104504912-26,1,https://www.rad.cvm.gov.br/ENET/frmDownloadDocumento.aspx?Tela=ext&descTipo=IPE&CodigoInstituicao=1&numProtocolo=1096255&numSequencia=620984&numVersao=1
10.629.105/0001-68,PRIO S.A.,22187,2023-06-30,Dados Econômico-Financeiros,Press-release,,Release de Resultados - 2T23 (português),2023-08-02,AP - Apresentação,022187IPE300620230104514011-80,1,https://www.rad.cvm.gov.br/ENET/frmDownloadDocumento.aspx?Tela=ext&descTipo=IPE&CodigoInstituicao=1&numProtocolo=1128419&numSequencia=653148&numVersao=1
10.629.105/0001-68,PRIO S.A.,22187,2023-10-31,Dados Econômico-Financeiros,Press-release,,Release de Resultados - 3T23 (português),2023-10-31,AP - Apresentação,022187IPE311020230104523011-32,1,https://www.rad.cvm.gov.br/ENET/frmDownloadDocumento.aspx?Tela=ext&descTipo=IPE&CodigoInstituicao=1&numProtocolo=1156210&numSequencia=680936&numVersao=1
10.629.105/0001-68,PRIO S.A.,22187,2023-10-31,Dados Econômico-Financeiros,Press-release,,Release de Resultados - 3T23 (inglês),2023-10-31,AP - Apresentação,022187IPE311020230104523011-25,1,https://www.rad.cvm.gov.br/ENET/frmDownloadDocumento.aspx?Tela=ext&descTipo=IPE&CodigoInstituicao=1&numProtocolo=1156216&numSequencia=680942&numVersao=1
10.629.105/0001-68,PRIO S.A.,22187,2023-10-31,Dados Econômico-Financeiros,Press-release,,Release de Resultados - 3T23 (português),2023-11-01,RE - Reapresentação Espontânea,022187IPE311020230204523011-32,2,https://www.rad.cvm.gov.br/ENET/frmDownloadDocumento.aspx?Tela=ext&descTipo=IPE&CodigoInstituicao=1&numProtocolo=1156391&numSequencia=681117&numVersao=2
10.629.105/0001-68,PRIO S.A.,22187,2023-10-31,Dados Econômico-Financeiros,Press-release,,Release de Resultados - 3T23 (inglês),2023-11-01,RE - Reapresentação Espontânea,022187IPE311020230204523011-25,2,https://www.rad.cvm.gov.br/ENET/frmDownloadDocumento.aspx?Tela=ext&descTipo=IPE&CodigoInstituicao=1&numProtocolo=1156392&numSequencia=681118&numVersao=2
10.629.105/0001-68,PRIO S.A.,22187,2023-09-30,Dados Econômico-Financeiros,Press-release,,Release de Resultados - 3T23 (português),2023-11-01,AP - Apresentação,022187IPE300920230104523106-44,1,https://www.rad.cvm.gov.br/ENET/frmDownloadDocumento.aspx?Tela=ext&descTipo=IPE&CodigoInstituicao=1&numProtocolo=1156475&numSequencia=681201&numVersao=1
10.629.105/0001-68,PRIO S.A.,22187,2023-09-30,Dados Econômico-Financeiros,Press-release,,Release de Resultados - 3T23 (inglês),2023-11-01,AP - Apresentação,022187IPE300920230104523106-70,1,https://www.rad.cvm.gov.br/ENET/frmDownloadDocumento.aspx?Tela=ext&descTipo=IPE&CodigoInstituicao=1&numProtocolo=1156477&numSequencia=681203&numVersao=1
10.629.105/0001-68,PRIO S.A.,22187,2023-04-28,Dados Econômico-Financeiros,Relatório de Agente Fiduciário,,Relatório de Agende Fiduciário,2023-04-28,AP - Apresentação,022187IPE280420230104504413-10,1,https://www.rad.cvm.gov.br/ENET/frmDownloadDocumento.aspx?Tela=ext&descTipo=IPE&CodigoInstituicao=1&numProtocolo=1094106&numSequencia=618835&numVersao=1
10.629.105/0001-68,PRIO S.A.,22187,2023-05-12,Estatuto Social,,,,2023-05-15,AP - Apresentação,022187IPE120520230104506111-05,1,https://www.rad.cvm.gov.br/ENET/frmDownloadDocumento.aspx?Tela=ext&descTipo=IPE&CodigoInstituicao=1&numProtocolo=1102391&numSequencia=627120&numVersao=1
10.629.105/0001-68,PRIO S.A.,22187,2023-05-12,Estatuto Social,,,,2023-10-02,RE - Reapresentação Espontânea,022187IPE120520230204506111-05,2,https://www.rad.cvm.gov.br/ENET/frmDownloadDocumento.aspx?Tela=ext&descTipo=IPE&CodigoInstituicao=1&numProtocolo=1147760&numSequencia=672486&numVersao=2
10.629.105/0001-68,PRIO S.A.,22187,2023-12-08,Estatuto Social,,,,2023-12-11,AP - Apresentação,022187IPE081220230104527112-00,1,https://www.rad.cvm.gov.br/ENET/frmDownloadDocumento.aspx?Tela=ext&descTipo=IPE&CodigoInstituicao=1&numProtocolo=1172231&numSequencia=696957&numVersao=1
10.629.105/0001-68,PRIO S.A.,22187,2023-01-06,Fato Relevante,,,Procedimentos Pagamento,2023-01-06,AP - Apresentação,022187IPE060120230104493211-56,1,https://www.rad.cvm.gov.br/ENET/frmDownloadDocumento.aspx?Tela=ext&descTipo=IPE&CodigoInstituicao=1&numProtocolo=1047614&numSequencia=572344&numVersao=1
10.629.105/0001-68,PRIO S.A.,22187,2023-01-26,Fato Relevante,,,Aquisição de Participação no Campo de Albacora Leste,2023-01-26,AP - Apresentação,022187IPE260120230104495206-39,1,https://www.rad.cvm.gov.br/ENET/frmDownloadDocumento.aspx?Tela=ext&descTipo=IPE&CodigoInstituicao=1&numProtocolo=1052348&numSequencia=577078&numVersao=1
10.629.105/0001-68,PRIO S.A.,22187,2023-01-26,Fato Relevante,,,Conclusão de Aquisição de Participação em Albacora Leste,2023-01-26,AP - Apresentação,022187IPE260120230104495211-21,1,https://www.rad.cvm.gov.br/ENET/frmDownloadDocumento.aspx?Tela=ext&descTipo=IPE&CodigoInstituicao=1&numProtocolo=1052570&numSequencia=577300&numVersao=1
10.629.105/0001-68,PRIO S.A.,22187,2023-03-01,Fato Relevante,,,Início de Produção do Poço MUP5,2023-03-01,AP - Apresentação,022187IPE010320230104498611-39,1,https://www.rad.cvm.gov.br/ENET/frmDownloadDocumento.aspx?Tela=ext&descTipo=IPE&CodigoInstituicao=1&numProtocolo=1067138&numSequencia=591868&numVersao=1
10.629.105/0001-68,PRIO S.A.,22187,2023-03-23,Fato Relevante,,,Aquisição de participação em Itaipu,2023-03-23,AP - Apresentação,022187IPE230320230104500811-60,1,https://www.rad.cvm.gov.br/ENET/frmDownloadDocumento.aspx?Tela=ext&descTipo=IPE&CodigoInstituicao=1&numProtocolo=1076373&numSequencia=601103&numVersao=1
10.629.105/0001-68,PRIO S.A.,22187,2023-04-03,Fato Relevante,,,Certificação de Reserva 2023,2023-04-03,AP - Apresentação,022187IPE030420230104501912-68,1,https://www.rad.cvm.gov.br/ENET/frmDownloadDocumento.aspx?Tela=ext&descTipo=IPE&CodigoInstituicao=1&numProtocolo=1082102&numSequencia=606831&numVersao=1
10.629.105/0001-68,PRIO S.A.,22187,2023-04-05,Fato Relevante,,,Início de Produção do Poço N5P2,2023-04-05,AP - Apresentação,022187IPE050420230104502111-19,1,https://www.rad.cvm.gov.br/ENET/frmDownloadDocumento.aspx?Tela=ext&descTipo=IPE&CodigoInstituicao=1&numProtocolo=1083148&numSequencia=607877&numVersao=1
10.629.105/0001-68,PRIO S.A.,22187,2023-05-08,Fato Relevante,,,Esclarecimento sobre notícia divulgada na mídia,2023-05-08,AP - Apresentação,022187IPE080520230104505404-94,1,https://www.rad.cvm.gov.br/ENET/frmDownloadDocumento.aspx?Tela=ext&descTipo=IPE&CodigoInstituicao=1&numProtocolo=1098234&numSequencia=622963&numVersao=1
10.629.105/0001-68,PRIO S.A.,22187,2023-05-08,Fato Relevante,,,ATUALIZAÇÃO SOBRE A REVITALIZAÇÃO DE FRADE,2023-05-08,RE - Reapresentação Espontânea,022187IPE080520230204514311-77,2,https://www.rad.cvm.gov.br/ENET/frmDownloadDocumento.aspx?Tela=ext&descTipo=IPE&CodigoInstituicao=1&numProtocolo=1098821&numSequencia=623550&numVersao=2
10.629.105/0001-68,PRIO S.A.,22187,2023-07-17,Fato Relevante,,,Início de Produção ODP5,2023-07-17,AP - Apresentação,022187IPE170720230104512410-71,1,https://www.rad.cvm.gov.br/ENET/frmDownloadDocumento.aspx?Tela=ext&descTipo=IPE&CodigoInstituicao=1&numProtocolo=1123070&numSequencia=647799&numVersao=1
10.629.105/0001-68,PRIO S.A.,22187,2023-09-20,Fato Relevante,,,Início de produção do poço POL-Q,2023-09-20,AP - Apresentação,022187IPE200920230104518912-05,1,https://www.rad.cvm.gov.br/ENET/frmDownloadDocumento.aspx?Tela=ext&descTipo=IPE&CodigoInstituicao=1&numProtocolo=1144892&numSequencia=669620&numVersao=1
10.629.105/0001-68,PRIO S.A.,22187,2023-11-16,Fato Relevante,,,,2023-11-16,AP - Apresentação,022187IPE161120230104524609-35,1,https://www.rad.cvm.gov.br/ENET/frmDownloadDocumento.aspx?Tela=ext&descTipo=IPE&CodigoInstituicao=1&numProtocolo=1163358&numSequencia=688084&numVersao=1
10.629.105/0001-68,PRIO S.A.,22187,2023-11-16,Fato Relevante,,,Conclusão de alienação de participação em Manati,2023-11-16,AP - Apresentação,022187IPE161120230104524612-90,1,https://www.rad.cvm.gov.br/ENET/frmDownloadDocumento.aspx?Tela=ext&descTipo=IPE&CodigoInstituicao=1&numProtocolo=1163564&numSequencia=688290&numVersao=1
10.629.105/0001-68,PRIO S.A.,22187,2023-11-16,Fato Relevante,,,Conclusão de Alienação de Participação em Manati,2023-11-17,RE - Reapresentação Espontânea,022187IPE161120230204524609-35,2,https://www.rad.cvm.gov.br/ENET/frmDownloadDocumento.aspx?Tela=ext&descTipo=IPE&CodigoInstituicao=1&numProtocolo=1163927&numSequencia=688653&numVersao=2
10.629.105/0001-68,PRIO S.A.,22187,2023-11-16,Fato Relevante,,,Conclusão de alienação de participação em Manati,2023-11-17,RE - Reapresentação Espontânea,022187IPE161120230204524612-90,2,https://www.rad.cvm.gov.br/ENET/frmDownloadDocumento.aspx?Tela=ext&descTipo=IPE&CodigoInstituicao=1&numProtocolo=1163928&numSequencia=688654&numVersao=2
10.629.105/0001-68,PRIO S.A.,22187,2023-12-08,Fato Relevante,,,Distribuição de Dividendos Intermediários,2023-12-08,AP - Apresentação,022187IPE081220230104526813-06,1,https://www.rad.cvm.gov.br/ENET/frmDownloadDocumento.aspx?Tela=ext&descTipo=IPE&CodigoInstituicao=1&numProtocolo=1171506&numSequencia=696232&numVersao=1
10.629.105/0001-68,PRIO S.A.,22187,2023-12-08,Plano de Remuneração Baseado em Ações,,,,2023-12-11,AP - Apresentação,022187IPE081220230104527112-27,1,https://www.rad.cvm.gov.br/ENET/frmDownloadDocumento.aspx?Tela=ext&descTipo=IPE&CodigoInstituicao=1&numProtocolo=1172226&numSequencia=696952&numVersao=1
10.629.105/0001-68,PRIO S.A.,22187,2023-04-18,Política de Gerenciamento de Riscos,,,,2023-04-20,AP - Apresentação,022187IPE180420230104503611-19,1,https://www.rad.cvm.gov.br/ENET/frmDownloadDocumento.aspx?Tela=ext&descTipo=IPE&CodigoInstituicao=1&numProtocolo=1088303&numSequencia=613032&numVersao=1
10.629.105/0001-68,PRIO S.A.,22187,2023-10-31,Política de indicação,,,,2023-11-06,AP - Apresentação,022187IPE311020230104523611-62,1,https://www.rad.cvm.gov.br/ENET/frmDownloadDocumento.aspx?Tela=ext&descTipo=IPE&CodigoInstituicao=1&numProtocolo=1158309&numSequencia=683035&numVersao=1
10.629.105/0001-68,PRIO S.A.,22187,2023-04-18,Política de Remuneração,,,,2023-04-20,AP - Apresentação,022187IPE180420230104503611-17,1,https://www.rad.cvm.gov.br/ENET/frmDownloadDocumento.aspx?Tela=ext&descTipo=IPE&CodigoInstituicao=1&numProtocolo=1088302&numSequencia=613031&numVersao=1
10.629.105/0001-68,PRIO S.A.,22187,2023-10-31,Política de Remuneração,,,,2023-11-06,AP - Apresentação,022187IPE311020230104523611-33,1,https://www.rad.cvm.gov.br/ENET/frmDownloadDocumento.aspx?Tela=ext&descTipo=IPE&CodigoInstituicao=1&numProtocolo=1158303&numSequencia=683029&numVersao=1
10.629.105/0001-68,PRIO S.A.,22187,2023-09-14,Regimento interno de Comitês,,,Regimento Interno do Comitê de Remuneração,2023-09-29,AP - Apresentação,022187IPE140920230104519811-28,1,https://www.rad.cvm.gov.br/ENET/frmDownloadDocumento.aspx?Tela=ext&descTipo=IPE&CodigoInstituicao=1&numProtocolo=1147226&numSequencia=671953&numVersao=1
10.629.105/0001-68,PRIO S.A.,22187,2023-09-14,Regimento interno de Comitês,,,Regimento Interno do Comitê de Indicação,2023-09-29,AP - Apresentação,022187IPE140920230104519811-20,1,https://www.rad.cvm.gov.br/ENET/frmDownloadDocumento.aspx?Tela=ext&descTipo=IPE&CodigoInstituicao=1&numProtocolo=1147234&numSequencia=671961&numVersao=1
10.629.105/0001-68,PRIO S.A.,22187,2023-10-31,Regimento interno de Comitês,,,Regimento Interno do Comitê de Sustentabilidade,2023-11-06,AP - Apresentação,022187IPE311020230104523611-47,1,https://www.rad.cvm.gov.br/ENET/frmDownloadDocumento.aspx?Tela=ext&descTipo=IPE&CodigoInstituicao=1&numProtocolo=1158297&numSequencia=683023&numVersao=1
10.629.105/0001-68,PRIO S.A.,22187,2022-12-31,Relatório de Sustentabilidade,,,,2023-05-03,AP - Apresentação,022187IPE311220220104504912-22,1,https://www.rad.cvm.gov.br/ENET/frmDownloadDocumento.aspx?Tela=ext&descTipo=IPE&CodigoInstituicao=1&numProtocolo=1096245&numSequencia=620974&numVersao=1
10.629.105/0001-68,PRIO S.A.,22187,2023-12-08,Relatório Proventos,,,,2023-12-11,AP - Apresentação,,1,https://www.rad.cvm.gov.br/ENET/frmDownloadDocumento.aspx?Tela=ext&descTipo=IPE&CodigoInstituicao=1&numProtocolo=1171818&numSequencia=696544&numVersao=1
10.629.105/0001-68,PRIO S.A.,22187,2022-01-02,Reunião da Administração,Conselho de Administração,Ata,Aumento de Capital,2023-01-02,AP - Apresentação,022187IPE020120220104492811-69,1,https://www.rad.cvm.gov.br/ENET/frmDownloadDocumento.aspx?Tela=ext&descTipo=IPE&CodigoInstituicao=1&numProtocolo=1046087&numSequencia=570817&numVersao=1
10.629.105/0001-68,PRIO S.A.,22187,2023-02-07,Reunião da Administração,Conselho de Administração,Ata,Aval sobre Contrato de Pré-Pagamento de Exportação||Avaliação dos Comitês de Assessoramento||Eleição de Diretor(es)||Garantia sobre Nota promissória||Ratificação e Autorização para Prática de Atos||Reeleição de Membros do Comitê de Auditoria Estatutário||Reeleição de Membros do Comitê de Indicação,2023-02-14,AP - Apresentação,022187IPE070220230104497111-46,1,https://www.rad.cvm.gov.br/ENET/frmDownloadDocumento.aspx?Tela=ext&descTipo=IPE&CodigoInstituicao=1&numProtocolo=1060576&numSequencia=585306&numVersao=1
10.629.105/0001-68,PRIO S.A.,22187,2023-03-01,Reunião da Administração,Conselho de Administração,Ata,"(i) o recebimento do relatório de atividades do Comitê de Auditoria Estatutário relativo ao exercício social encerrado em 31 de dezembro de 2022||(ii) o Plano Anual de Auditoria Interna referente ao exercício social corrente e||(iii) a divulgação das Demonstrações Financeiras, auditadas e consolidadas, incluindo notas explicativas, a versão final do Relatório da Administração da Companhia,",2023-03-09,AP - Apresentação,022187IPE010320230104499411-30,1,https://www.rad.cvm.gov.br/ENET/frmDownloadDocumento.aspx?Tela=ext&descTipo=IPE&CodigoInstituicao=1&numProtocolo=1070929&numSequencia=595659&numVersao=1
10.629.105/0001-68,PRIO S.A.,22187,2023-03-23,Reunião da Administração,Conselho de Administração,Ata,Convocação AGOE||Eleição de Membros do Comitê de Ética e Compliance,2023-04-13,AP - Apresentação,022187IPE230320230104502911-42,1,https://www.rad.cvm.gov.br/ENET/frmDownloadDocumento.aspx?Tela=ext&descTipo=IPE&CodigoInstituicao=1&numProtocolo=1085945&numSequencia=610674&numVersao=1
10.629.105/0001-68,PRIO S.A.,22187,2023-04-20,Reunião da Administração,Conselho de Administração,Ata,Alteração Código de Ética e Conduta||Aprovação da Política de Gerenciamento de Riscos||Aprovação da Política de Remuneração dos Administradores,2023-04-20,AP - Apresentação,022187IPE200420230104503611-20,1,https://www.rad.cvm.gov.br/ENET/frmDownloadDocumento.aspx?Tela=ext&descTipo=IPE&CodigoInstituicao=1&numProtocolo=1088304&numSequencia=613033&numVersao=1
10.629.105/0001-68,PRIO S.A.,22187,2023-05-03,Reunião da Administração,Conselho de Administração,Ata,Aprovação ITR 1T23||Segunda Convocação AGE,2023-05-09,AP - Apresentação,022187IPE030520230104505511-25,1,https://www.rad.cvm.gov.br/ENET/frmDownloadDocumento.aspx?Tela=ext&descTipo=IPE&CodigoInstituicao=1&numProtocolo=1099306&numSequencia=624035&numVersao=1
10.629.105/0001-68,PRIO S.A.,22187,2023-08-02,Reunião da Administração,Conselho de Administração,Ata,EXTRATO  ATA  RCA - APROVAÇÃO RESULTADO 2T23,2023-08-11,AP - Apresentação,022187IPE020820230104514911-22,1,https://www.rad.cvm.gov.br/ENET/frmDownloadDocumento.aspx?Tela=ext&descTipo=IPE&CodigoInstituicao=1&numProtocolo=1133154&numSequencia=657883&numVersao=1
10.629.105/0001-68,PRIO S.A.,22187,2023-09-14,Reunião da Administração,Conselho de Administração,Ata,Regimento Comitê de Indicação e Instalação de Comitê de Remuneração,2023-09-29,AP - Apresentação,022187IPE140920230104519811-02,1,https://www.rad.cvm.gov.br/ENET/frmDownloadDocumento.aspx?Tela=ext&descTipo=IPE&CodigoInstituicao=1&numProtocolo=1147223&numSequencia=671950&numVersao=1
10.629.105/0001-68,PRIO S.A.,22187,2023-10-31,Reunião da Administração,Conselho de Administração,Ata,ATA REUNIÃO DO CONSELHO DE ADMINISTRAÇÃO REALIZADA EM 31/10/2023,2023-11-09,AP - Apresentação,022187IPE311020230104523912-46,1,https://www.rad.cvm.gov.br/ENET/frmDownloadDocumento.aspx?Tela=ext&descTipo=IPE&CodigoInstituicao=1&numProtocolo=1160569&numSequencia=685295&numVersao=1
10.629.105/0001-68,PRIO S.A.,22187,2023-12-08,Reunião da Administração,Conselho de Administração,Ata,Distribuição de Dividendos/Juros sobre Capital Próprio,2023-12-08,AP - Apresentação,022187IPE081220230104526812-73,1,https://www.rad.cvm.gov.br/ENET/frmDownloadDocumento.aspx?Tela=ext&descTipo=IPE&CodigoInstituicao=1&numProtocolo=1171512&numSequencia=696238&numVersao=1
10.629.105/0001-68,PRIO S.A.,22187,2023-12-15,Reunião da Administração,Conselho de Administração,Ata,Substituição de Membro do Comitê de Remuneração e Aprovação de Orçamento,2023-12-21,AP - Apresentação,022187IPE151220230104528111-13,1,https://www.rad.cvm.gov.br/ENET/frmDownloadDocumento.aspx?Tela=ext&descTipo=IPE&CodigoInstituicao=1&numProtocolo=1176468&numSequencia=701194&numVersao=1
10.629.105/0001-68,PRIO S.A.,22187,2023-03-01,Reunião da Administração,Conselho Fiscal,Ata,Parecer acerca das Demonstrações Financeiras,2023-03-09,AP - Apresentação,022187IPE010320230104499411-68,1,https://www.rad.cvm.gov.br/ENET/frmDownloadDocumento.aspx?Tela=ext&descTipo=IPE&CodigoInstituicao=1&numProtocolo=1070974&numSequencia=595704&numVersao=1
10.629.105/0001-68,PRIO S.A.,22187,2023-05-02,Reunião da Administração,Conselho Fiscal,Ata,Parecer acerca das Demonstrações Financeiras,2023-05-09,AP - Apresentação,022187IPE020520230104505511-20,1,https://www.rad.cvm.gov.br/ENET/frmDownloadDocumento.aspx?Tela=ext&descTipo=IPE&CodigoInstituicao=1&numProtocolo=1099305&numSequencia=624034&numVersao=1
10.629.105/0001-68,PRIO S.A.,22187,2023-08-02,Reunião da Administração,Conselho Fiscal,Ata,Parecer acerca das Demonstrações Financeiras,2023-08-11,AP - Apresentação,022187IPE020820230104514911-03,1,https://www.rad.cvm.gov.br/ENET/frmDownloadDocumento.aspx?Tela=ext&descTipo=IPE&CodigoInstituicao=1&numProtocolo=1133164&numSequencia=657893&numVersao=1
10.629.105/0001-68,PRIO S.A.,22187,2023-10-30,Reunião da Administração,Conselho Fiscal,Ata,Parecer ITR 3T23,2023-11-08,AP - Apresentação,022187IPE301020230104523811-89,1,https://www.rad.cvm.gov.br/ENET/frmDownloadDocumento.aspx?Tela=ext&descTipo=IPE&CodigoInstituicao=1&numProtocolo=1159586&numSequencia=684312&numVersao=1
10.629.105/0001-68,PRIO S.A.,22187,2023-12-01,Reunião da Administração,Conselho Fiscal,Ata,Controles Internos Dividendos Intermedia´rios e Canal de Integridade,2023-12-12,AP - Apresentação,022187IPE011220230104527212-94,1,https://www.rad.cvm.gov.br/ENET/frmDownloadDocumento.aspx?Tela=ext&descTipo=IPE&CodigoInstituicao=1&numProtocolo=1172754&numSequencia=697480&numVersao=1
10.629.105/0001-68,PRIO S.A.,22187,2022-12-01,Valores Mobiliários negociados e detidos (art. 11 da Instr. CVM nº 358),Posição Consolidada,,,2023-01-10,AP - Apresentação,022187IPE011220220104493603-99,1,https://www.rad.cvm.gov.br/ENET/frmDownloadDocumento.aspx?Tela=ext&descTipo=IPE&CodigoInstituicao=1&numProtocolo=1048658&numSequencia=573388&numVersao=1
10.629.105/0001-68,PRIO S.A.,22187,2023-01-01,Valores Mobiliários negociados e detidos (art. 11 da Instr. CVM nº 358),Posição Consolidada,,,2023-02-10,AP - Apresentação,022187IPE010120230104496706-57,1,https://www.rad.cvm.gov.br/ENET/frmDownloadDocumento.aspx?Tela=ext&descTipo=IPE&CodigoInstituicao=1&numProtocolo=1059163&numSequencia=583893&numVersao=1
10.629.105/0001-68,PRIO S.A.,22187,2023-01-01,Valores Mobiliários negociados e detidos (art. 11 da Instr. CVM nº 358),Posição Consolidada,,,2023-02-23,RE - Reapresentação Espontânea,022187IPE010120230204496706-57,2,https://www.rad.cvm.gov.br/ENET/frmDownloadDocumento.aspx?Tela=ext&descTipo=IPE&CodigoInstituicao=1&numProtocolo=1064605&numSequencia=589335&numVersao=2
10.629.105/0001-68,PRIO S.A.,22187,2023-02-01,Valores Mobiliários negociados e detidos (art. 11 da Instr. CVM nº 358),Posição Consolidada,,,2023-03-09,AP - Apresentação,022187IPE010220230104499405-47,1,https://www.rad.cvm.gov.br/ENET/frmDownloadDocumento.aspx?Tela=ext&descTipo=IPE&CodigoInstituicao=1&numProtocolo=1071071&numSequencia=595801&numVersao=1
10.629.105/0001-68,PRIO S.A.,22187,2023-02-01,Valores Mobiliários negociados e detidos (art. 11 da Instr. CVM nº 358),Posição Consolidada,,,2023-04-10,RE - Reapresentação Espontânea,022187IPE010220230204499405-47,2,https://www.rad.cvm.gov.br/ENET/frmDownloadDocumento.aspx?Tela=ext&descTipo=IPE&CodigoInstituicao=1&numProtocolo=1084565&numSequencia=609294&numVersao=2
10.629.105/0001-68,PRIO S.A.,22187,2023-03-01,Valores Mobiliários negociados e detidos (art. 11 da Instr. CVM nº 358),Posição Consolidada,,,2023-04-10,AP - Apresentação,022187IPE010320230104502604-17,1,https://www.rad.cvm.gov.br/ENET/frmDownloadDocumento.aspx?Tela=ext&descTipo=IPE&CodigoInstituicao=1&numProtocolo=1084582&numSequencia=609311&numVersao=1
10.629.105/0001-68,PRIO S.A.,22187,2023-04-01,Valores Mobiliários negociados e detidos (art. 11 da Instr. CVM nº 358),Posição Consolidada,,,2023-05-08,AP - Apresentação,022187IPE010420230104505403-29,1,https://www.rad.cvm.gov.br/ENET/frmDownloadDocumento.aspx?Tela=ext&descTipo=IPE&CodigoInstituicao=1&numProtocolo=1098491&numSequencia=623220&numVersao=1
10.629.105/0001-68,PRIO S.A.,22187,2023-01-01,Valores Mobiliários negociados e detidos (art. 11 da Instr. CVM nº 358),Posição Consolidada,,,2023-05-11,RE - Reapresentação Espontânea,022187IPE010120230304496706-57,3,https://www.rad.cvm.gov.br/ENET/frmDownloadDocumento.aspx?Tela=ext&descTipo=IPE&CodigoInstituicao=1&numProtocolo=1100946&numSequencia=625675&numVersao=3
10.629.105/0001-68,PRIO S.A.,22187,2023-05-01,Valores Mobiliários negociados e detidos (art. 11 da Instr. CVM nº 358),Posição Consolidada,,,2023-06-07,AP - Apresentação,022187IPE010520230104508403-57,1,https://www.rad.cvm.gov.br/ENET/frmDownloadDocumento.aspx?Tela=ext&descTipo=IPE&CodigoInstituicao=1&numProtocolo=1111071&numSequencia=635800&numVersao=1
10.629.105/0001-68,PRIO S.A.,22187,2023-06-01,Valores Mobiliários negociados e detidos (art. 11 da Instr. CVM nº 358),Posição Consolidada,,,2023-07-07,AP - Apresentação,022187IPE010620230104511406-07,1,https://www.rad.cvm.gov.br/ENET/frmDownloadDocumento.aspx?Tela=ext&descTipo=IPE&CodigoInstituicao=1&numProtocolo=1120444&numSequencia=645173&numVersao=1
10.629.105/0001-68,PRIO S.A.,22187,2023-07-01,Valores Mobiliários negociados e detidos (art. 11 da Instr. CVM nº 358),Posição Consolidada,,,2023-08-07,AP - Apresentação,022187IPE010720230104514504-48,1,https://www.rad.cvm.gov.br/ENET/frmDownloadDocumento.aspx?Tela=ext&descTipo=IPE&CodigoInstituicao=1&numProtocolo=1130204&numSequencia=654933&numVersao=1
10.629.105/0001-68,PRIO S.A.,22187,2023-08-01,Valores Mobiliários negociados e detidos (art. 11 da Instr. CVM nº 358),Posição Consolidada,,,2023-09-08,AP - Apresentação,022187IPE010820230104517701-04,1,https://www.rad.cvm.gov.br/ENET/frmDownloadDocumento.aspx?Tela=ext&descTipo=IPE&CodigoInstituicao=1&numProtocolo=1141491&numSequencia=666219&numVersao=1
10.629.105/0001-68,PRIO S.A.,22187,2023-08-01,Valores Mobiliários negociados e detidos (art. 11 da Instr. CVM nº 358),Posição Consolidada,,,2023-10-06,RE - Reapresentação Espontânea,022187IPE010820230204517701-04,2,https://www.rad.cvm.gov.br/ENET/frmDownloadDocumento.aspx?Tela=ext&descTipo=IPE&CodigoInstituicao=1&numProtocolo=1149556&numSequencia=674282&numVersao=2
10.629.105/0001-68,PRIO S.A.,22187,2023-09-01,Valores Mobiliários negociados e detidos (art. 11 da Instr. CVM nº 358),Posição Consolidada,,,2023-10-06,AP - Apresentação,022187IPE010920230104520503-84,1,https://www.rad.cvm.gov.br/ENET/frmDownloadDocumento.aspx?Tela=ext&descTipo=IPE&CodigoInstituicao=1&numProtocolo=1149560&numSequencia=674286&numVersao=1
10.629.105/0001-68,PRIO S.A.,22187,2023-10-01,Valores Mobiliários negociados e detidos (art. 11 da Instr. CVM nº 358),Posição Consolidada,,,2023-11-07,AP - Apresentação,022187IPE011020230104523704-33,1,https://www.rad.cvm.gov.br/ENET/frmDownloadDocumento.aspx?Tela=ext&descTipo=IPE&CodigoInstituicao=1&numProtocolo=1158838&numSequencia=683564&numVersao=1
10.629.105/0001-68,PRIO S.A.,22187,2023-11-01,Valores Mobiliários negociados e detidos (art. 11 da Instr. CVM nº 358),Posição Consolidada,,,2023-12-06,AP - Apresentação,022187IPE011120230104526605-44,1,https://www.rad.cvm.gov.br/ENET/frmDownloadDocumento.aspx?Tela=ext&descTipo=IPE&CodigoInstituicao=1&numProtocolo=1170040&numSequencia=694766&numVersao=1
10.629.105/0001-68,PRIO S.A.,22187,2022-12-01,Valores Mobiliários negociados e detidos (art. 11 da Instr. CVM nº 358),"Posição Individual - Cia, Controladas e Coligadas",,,2023-01-10,AP - Apresentação,022187IPE011220220104493603-75,1,https://www.rad.cvm.gov.br/ENET/frmDownloadDocumento.aspx?Tela=ext&descTipo=IPE&CodigoInstituicao=1&numProtocolo=1048657&numSequencia=573387&numVersao=1
10.629.105/0001-68,PRIO S.A.,22187,2023-01-01,Valores Mobiliários negociados e detidos (art. 11 da Instr. CVM nº 358),"Posição Individual - Cia, Controladas e Coligadas",,,2023-02-10,AP - Apresentação,022187IPE010120230104496706-19,1,https://www.rad.cvm.gov.br/ENET/frmDownloadDocumento.aspx?Tela=ext&descTipo=IPE&CodigoInstituicao=1&numProtocolo=1059159&numSequencia=583889&numVersao=1
10.629.105/0001-68,PRIO S.A.,22187,2023-01-01,Valores Mobiliários negociados e detidos (art. 11 da Instr. CVM nº 358),"Posição Individual - Cia, Controladas e Coligadas",,,2023-02-23,RE - Reapresentação Espontânea,022187IPE010120230204496706-19,2,https://www.rad.cvm.gov.br/ENET/frmDownloadDocumento.aspx?Tela=ext&descTipo=IPE&CodigoInstituicao=1&numProtocolo=1064600&numSequencia=589330&numVersao=2
10.629.105/0001-68,PRIO S.A.,22187,2023-02-01,Valores Mobiliários negociados e detidos (art. 11 da Instr. CVM nº 358),"Posição Individual - Cia, Controladas e Coligadas",,,2023-03-09,AP - Apresentação,022187IPE010220230104499405-56,1,https://www.rad.cvm.gov.br/ENET/frmDownloadDocumento.aspx?Tela=ext&descTipo=IPE&CodigoInstituicao=1&numProtocolo=1071070&numSequencia=595800&numVersao=1
10.629.105/0001-68,PRIO S.A.,22187,2023-01-01,Valores Mobiliários negociados e detidos (art. 11 da Instr. CVM nº 358),"Posição Individual - Cia, Controladas e Coligadas",,,2023-04-10,RE - Reapresentação Espontânea,022187IPE010120230304496706-19,3,https://www.rad.cvm.gov.br/ENET/frmDownloadDocumento.aspx?Tela=ext&descTipo=IPE&CodigoInstituicao=1&numProtocolo=1084521&numSequencia=609250&numVersao=3
10.629.105/0001-68,PRIO S.A.,22187,2023-02-01,Valores Mobiliários negociados e detidos (art. 11 da Instr. CVM nº 358),"Posição Individual - Cia, Controladas e Coligadas",,,2023-04-10,RE - Reapresentação Espontânea,022187IPE010220230204499405-56,2,https://www.rad.cvm.gov.br/ENET/frmDownloadDocumento.aspx?Tela=ext&descTipo=IPE&CodigoInstituicao=1&numProtocolo=1084525&numSequencia=609254&numVersao=2
10.629.105/0001-68,PRIO S.A.,22187,2023-03-01,Valores Mobiliários negociados e detidos (art. 11 da Instr. CVM nº 358),"Posição Individual - Cia, Controladas e Coligadas",,,2023-04-10,AP - Apresentação,022187IPE010320230104502603-63,1,https://www.rad.cvm.gov.br/ENET/frmDownloadDocumento.aspx?Tela=ext&descTipo=IPE&CodigoInstituicao=1&numProtocolo=1084535&numSequencia=609264&numVersao=1
10.629.105/0001-68,PRIO S.A.,22187,2023-03-01,Valores Mobiliários negociados e detidos (art. 11 da Instr. CVM nº 358),"Posição Individual - Cia, Controladas e Coligadas",,,2023-05-08,RE - Reapresentação Espontânea,022187IPE010320230204502603-63,2,https://www.rad.cvm.gov.br/ENET/frmDownloadDocumento.aspx?Tela=ext&descTipo=IPE&CodigoInstituicao=1&numProtocolo=1098480&numSequencia=623209&numVersao=2
10.629.105/0001-68,PRIO S.A.,22187,2023-04-01,Valores Mobiliários negociados e detidos (art. 11 da Instr. CVM nº 358),"Posição Individual - Cia, Controladas e Coligadas",,,2023-05-08,AP - Apresentação,022187IPE010420230104505403-61,1,https://www.rad.cvm.gov.br/ENET/frmDownloadDocumento.aspx?Tela=ext&descTipo=IPE&CodigoInstituicao=1&numProtocolo=1098489&numSequencia=623218&numVersao=1
10.629.105/0001-68,PRIO S.A.,22187,2023-05-01,Valores Mobiliários negociados e detidos (art. 11 da Instr. CVM nº 358),"Posição Individual - Cia, Controladas e Coligadas",,,2023-06-07,AP - Apresentação,022187IPE010520230104508403-75,1,https://www.rad.cvm.gov.br/ENET/frmDownloadDocumento.aspx?Tela=ext&descTipo=IPE&CodigoInstituicao=1&numProtocolo=1111034&numSequencia=635763&numVersao=1
10.629.105/0001-68,PRIO S.A.,22187,2023-06-01,Valores Mobiliários negociados e detidos (art. 11 da Instr. CVM nº 358),"Posição Individual - Cia, Controladas e Coligadas",,,2023-07-07,AP - Apresentação,022187IPE010620230104511405-67,1,https://www.rad.cvm.gov.br/ENET/frmDownloadDocumento.aspx?Tela=ext&descTipo=IPE&CodigoInstituicao=1&numProtocolo=1120442&numSequencia=645171&numVersao=1
10.629.105/0001-68,PRIO S.A.,22187,2023-07-01,Valores Mobiliários negociados e detidos (art. 11 da Instr. CVM nº 358),"Posição Individual - Cia, Controladas e Coligadas",,,2023-08-07,AP - Apresentação,022187IPE010720230104514504-68,1,https://www.rad.cvm.gov.br/ENET/frmDownloadDocumento.aspx?Tela=ext&descTipo=IPE&CodigoInstituicao=1&numProtocolo=1130207&numSequencia=654936&numVersao=1
10.629.105/0001-68,PRIO S.A.,22187,2023-08-01,Valores Mobiliários negociados e detidos (art. 11 da Instr. CVM nº 358),"Posição Individual - Cia, Controladas e Coligadas",,,2023-09-08,AP - Apresentação,022187IPE010820230104517700-87,1,https://www.rad.cvm.gov.br/ENET/frmDownloadDocumento.aspx?Tela=ext&descTipo=IPE&CodigoInstituicao=1&numProtocolo=1141484&numSequencia=666212&numVersao=1
10.629.105/0001-68,PRIO S.A.,22187,2023-09-01,Valores Mobiliários negociados e detidos (art. 11 da Instr. CVM nº 358),"Posição Individual - Cia, Controladas e Coligadas",,,2023-10-06,AP - Apresentação,022187IPE010920230104520504-10,1,https://www.rad.cvm.gov.br/ENET/frmDownloadDocumento.aspx?Tela=ext&descTipo=IPE&CodigoInstituicao=1&numProtocolo=1149563&numSequencia=674289&numVersao=1
10.629.105/0001-68,PRIO S.A.,22187,2023-10-01,Valores Mobiliários negociados e detidos (art. 11 da Instr. CVM nº 358),"Posição Individual - Cia, Controladas e Coligadas",,,2023-11-07,AP - Apresentação,022187IPE011020230104523704-15,1,https://www.rad.cvm.gov.br/ENET/frmDownloadDocumento.aspx?Tela=ext&descTipo=IPE&CodigoInstituicao=1&numProtocolo=1158837&numSequencia=683563&numVersao=1
10.629.105/0001-68,PRIO S.A.,22187,2023-11-01,Valores Mobiliários negociados e detidos (art. 11 da Instr. CVM nº 358),"Posição Individual - Cia, Controladas e Coligadas",,,2023-12-06,AP - Apresentação,022187IPE011120230104526605-14,1,https://www.rad.cvm.gov.br/ENET/frmDownloadDocumento.aspx?Tela=ext&descTipo=IPE&CodigoInstituicao=1&numProtocolo=1170042&numSequencia=694768&numVersao=1
10.629.105/0001-68,PRIO S.A.,22187,2024-10-25,Assembleia,AGE,Ata,Remuneração da Administração,2024-10-25,AP - Apresentação,022187IPE251020240104559014-80,1,https://www.rad.cvm.gov.br/ENET/frmDownloadDocumento.aspx?Tela=ext&descTipo=IPE&CodigoInstituicao=1&numProtocolo=1295036&numSequencia=819762&numVersao=1
10.629.105/0001-68,PRIO S.A.,22187,2024-12-10,Assembleia,AGE,Ata,Termo de Não Instalação da AGE,2024-12-10,AP - Apresentação,022187IPE101220240104563612-07,1,https://www.rad.cvm.gov.br/ENET/frmDownloadDocumento.aspx?Tela=ext&descTipo=IPE&CodigoInstituicao=1&numProtocolo=1313985&numSequencia=838711&numVersao=1
10.629.105/0001-68,PRIO S.A.,22187,2024-12-20,Assembleia,AGE,Ata,Proposta de alteração do Estatuto Social da Companhia,2024-12-20,AP - Apresentação,022187IPE201220240104564612-24,1,https://www.rad.cvm.gov.br/ENET/frmDownloadDocumento.aspx?Tela=ext&descTipo=IPE&CodigoInstituicao=1&numProtocolo=1318217&numSequencia=842943&numVersao=1
10.629.105/0001-68,PRIO S.A.,22187,2024-10-25,Assembleia,AGE,Edital de Convocação,Proposta de alteração do regime de aprovação da remuneração de caixa para competência,2024-10-04,AP - Apresentação,022187IPE251020240104556912-00,1,https://www.rad.cvm.gov.br/ENET/frmDownloadDocumento.aspx?Tela=ext&descTipo=IPE&CodigoInstituicao=1&numProtocolo=1288826&numSequencia=813552&numVersao=1
10.629.105/0001-68,PRIO S.A.,22187,2024-12-10,Assembleia,AGE,Edital de Convocação,Proposta de alteração do Estatuto Social da Companhia,2024-11-19,AP - Apresentação,022187IPE101220240104561512-61,1,https://www.rad.cvm.gov.br/ENET/frmDownloadDocumento.aspx?Tela=ext&descTipo=IPE&CodigoInstituicao=1&numProtocolo=1306126&numSequencia=830852&numVersao=1
10.629.105/0001-68,PRIO S.A.,22187,2024-12-20,Assembleia,AGE,Edital de Convocação,Proposta de alteração do Estatuto Social da Companhia,2024-12-12,AP - Apresentação,022187IPE201220240104563811-51,1,https://www.rad.cvm.gov.br/ENET/frmDownloadDocumento.aspx?Tela=ext&descTipo=IPE&CodigoInstituicao=1&numProtocolo=1315020&numSequencia=839746&numVersao=1
10.629.105/0001-68,PRIO S.A.,22187,2024-10-25,Assembleia,AGE,Mapa final de votação detalhado,Remuneração da Administração,2024-11-01,AP - Apresentação,022187IPE251020240104559713-62,1,https://www.rad.cvm.gov.br/ENET/frmDownloadDocumento.aspx?Tela=ext&descTipo=IPE&CodigoInstituicao=1&numProtocolo=1297545&numSequencia=822271&numVersao=1
10.629.105/0001-68,PRIO S.A.,22187,2024-12-20,Assembleia,AGE,Mapa final de votação detalhado,Proposta de Alteração do Estatuto Social da Companhia,2024-12-26,AP - Apresentação,022187IPE201220240104565211-78,1,https://www.rad.cvm.gov.br/ENET/frmDownloadDocumento.aspx?Tela=ext&descTipo=IPE&CodigoInstituicao=1&numProtocolo=1319677&numSequencia=844403&numVersao=1
10.629.105/0001-68,PRIO S.A.,22187,2024-10-25,Assembleia,AGE,Mapa Final de Votação Sintético,Remuneração da Administração,2024-10-25,AP - Apresentação,022187IPE251020240104559012-05,1,https://www.rad.cvm.gov.br/ENET/frmDownloadDocumento.aspx?Tela=ext&descTipo=IPE&CodigoInstituicao=1&numProtocolo=1294958&numSequencia=819684&numVersao=1
10.629.105/0001-68,PRIO S.A.,22187,2024-12-20,Assembleia,AGE,Mapa Final de Votação Sintético,Proposta de alteração do Estatuto Social da Companhia,2024-12-20,AP - Apresentação,022187IPE201220240104564612-01,1,https://www.rad.cvm.gov.br/ENET/frmDownloadDocumento.aspx?Tela=ext&descTipo=IPE&CodigoInstituicao=1&numProtocolo=1318215&numSequencia=842941&numVersao=1
10.629.105/0001-68,PRIO S.A.,22187,2024-10-25,Assembleia,AGE,Proposta da Administração,Proposta de alteração do regime de aprovação da remuneração de caixa para competência,2024-10-04,AP - Apresentação,022187IPE251020240104556911-65,1,https://www.rad.cvm.gov.br/ENET/frmDownloadDocumento.aspx?Tela=ext&descTipo=IPE&CodigoInstituicao=1&numProtocolo=1288828&numSequencia=813554&numVersao=1
10.629.105/0001-68,PRIO S.A.,22187,2024-12-10,Assembleia,AGE,Proposta da Administração,Proposta de alteração do Estatuto Social da Companhia,2024-11-19,AP - Apresentação,022187IPE101220240104561512-81,1,https://www.rad.cvm.gov.br/ENET/frmDownloadDocumento.aspx?Tela=ext&descTipo=IPE&CodigoInstituicao=1&numProtocolo=1306130&numSequencia=830856&numVersao=1
10.629.105/0001-68,PRIO S.A.,22187,2024-12-20,Assembleia,AGE,Proposta da Administração,Proposta de alteração do Estatuto Social da Companhia,2024-12-19,AP - Apresentação,022187IPE201220240104564511-68,1,https://www.rad.cvm.gov.br/ENET/frmDownloadDocumento.aspx?Tela=ext&descTipo=IPE&CodigoInstituicao=1&numProtocolo=1317674&numSequencia=842400&numVersao=1
10.629.105/0001-68,PRIO S.A.,22187,2024-10-25,Assembleia,AGE,Sumário das Decisões,Remuneração da Administração,2024-10-25,AP - Apresentação,022187IPE251020240104559012-08,1,https://www.rad.cvm.gov.br/ENET/frmDownloadDocumento.aspx?Tela=ext&descTipo=IPE&CodigoInstituicao=1&numProtocolo=1294957&numSequencia=819683&numVersao=1
10.629.105/0001-68,PRIO S.A.,22187,2024-04-19,Assembleia,AGO,Ata,,2024-04-26,AP - Apresentação,022187IPE190420240104540811-49,1,https://www.rad.cvm.gov.br/ENET/frmDownloadDocumento.aspx?Tela=ext&descTipo=IPE&CodigoInstituicao=1&numProtocolo=1227383&numSequencia=752109&numVersao=1
10.629.105/0001-68,PRIO S.A.,22187,2024-04-19,Assembleia,AGO,Boletim de voto a distância,,2024-03-19,AP - Apresentação,022187IPE190420240104537013-54,1,https://www.rad.cvm.gov.br/ENET/frmDownloadDocumento.aspx?Tela=ext&descTipo=IPE&CodigoInstituicao=1&numProtocolo=1209618&numSequencia=734344&numVersao=1
10.629.105/0001-68,PRIO S.A.,22187,2024-04-19,Assembleia,AGO,Edital de Convocação,Destinação dos Resultados||Eleição de Membros dos Conselhos de Administração e Fiscal||Remuneração dos Administradores e Conselheiros||Tomada de Contas-Votação do Relatório da Administração e das Demonstrações Financeiras,2024-03-19,AP - Apresentação,022187IPE190420240104537013-31,1,https://www.rad.cvm.gov.br/ENET/frmDownloadDocumento.aspx?Tela=ext&descTipo=IPE&CodigoInstituicao=1&numProtocolo=1209617&numSequencia=734343&numVersao=1
10.629.105/0001-68,PRIO S.A.,22187,2024-04-19,Assembleia,AGO,Manual para participação,,2024-03-19,AP - Apresentação,022187IPE190420240104537013-77,1,https://www.rad.cvm.gov.br/ENET/frmDownloadDocumento.aspx?Tela=ext&descTipo=IPE&CodigoInstituicao=1&numProtocolo=1209629&numSequencia=734355&numVersao=1
10.629.105/0001-68,PRIO S.A.,22187,2024-04-19,Assembleia,AGO,Mapa consolidado de voto a distância,Mapa Consolidado de Voto a Distância,2024-04-18,AP - Apresentação,022187IPE190420240104540012-05,1,https://www.rad.cvm.gov.br/ENET/frmDownloadDocumento.aspx?Tela=ext&descTipo=IPE&CodigoInstituicao=1&numProtocolo=1223439&numSequencia=748165&numVersao=1
10.629.105/0001-68,PRIO S.A.,22187,2024-04-19,Assembleia,AGO,Mapa do Escriturador,AGO - MAPA DO ESCRITURADOR,2024-04-16,AP - Apresentação,022187IPE190420240104539811-76,1,https://www.rad.cvm.gov.br/ENET/frmDownloadDocumento.aspx?Tela=ext&descTipo=IPE&CodigoInstituicao=1&numProtocolo=1222393&numSequencia=747119&numVersao=1
10.629.105/0001-68,PRIO S.A.,22187,2024-04-19,Assembleia,AGO,Mapa final de votação detalhado,Mapa Final de Votação Detalhado,2024-04-26,AP - Apresentação,022187IPE190420240104540811-18,1,https://www.rad.cvm.gov.br/ENET/frmDownloadDocumento.aspx?Tela=ext&descTipo=IPE&CodigoInstituicao=1&numProtocolo=1227368&numSequencia=752094&numVersao=1
10.629.105/0001-68,PRIO S.A.,22187,2024-04-19,Assembleia,AGO,Mapa Final de Votação Sintético,Mapa Final de Votação Sintético,2024-04-19,AP - Apresentação,022187IPE190420240104540112-11,1,https://www.rad.cvm.gov.br/ENET/frmDownloadDocumento.aspx?Tela=ext&descTipo=IPE&CodigoInstituicao=1&numProtocolo=1223942&numSequencia=748668&numVersao=1
10.629.105/0001-68,PRIO S.A.,22187,2024-04-19,Assembleia,AGO,Proposta da Administração,Destinação dos Resultados||Eleição de Membros dos Conselhos de Administração e Fiscal||Remuneração dos Administradores e Conselheiros||Tomada de Contas-Votação do Relatório da Administração e das Demonstrações Financeiras,2024-03-19,AP - Apresentação,022187IPE190420240104537013-47,1,https://www.rad.cvm.gov.br/ENET/frmDownloadDocumento.aspx?Tela=ext&descTipo=IPE&CodigoInstituicao=1&numProtocolo=1209615&numSequencia=734341&numVersao=1
10.629.105/0001-68,PRIO S.A.,22187,2024-04-19,Assembleia,AGO,Sumário das Decisões,,2024-04-19,AP - Apresentação,022187IPE190420240104540112-27,1,https://www.rad.cvm.gov.br/ENET/frmDownloadDocumento.aspx?Tela=ext&descTipo=IPE&CodigoInstituicao=1&numProtocolo=1223945&numSequencia=748671&numVersao=1
10.629.105/0001-68,PRIO S.A.,22187,2024-01-02,Aviso aos Acionistas,Aumento de capital por subscrição privada deliberado em RCA,,,2024-01-02,AP - Apresentação,022187IPE020120240104529305-17,1,https://www.rad.cvm.gov.br/ENET/frmDownloadDocumento.aspx?Tela=ext&descTipo=IPE&CodigoInstituicao=1&numProtocolo=1178978&numSequencia=703704&numVersao=1
10.629.105/0001-68,PRIO S.A.,22187,2024-01-02,Aviso aos Acionistas,Aumento de capital por subscrição privada deliberado em RCA,,,2024-01-05,RE - Reapresentação Espontânea,022187IPE020120240304532305-17,3,https://www.rad.cvm.gov.br/ENET/frmDownloadDocumento.aspx?Tela=ext&descTipo=IPE&CodigoInstituicao=1&numProtocolo=1180774&numSequencia=705500&numVersao=3
10.629.105/0001-68,PRIO S.A.,22187,2024-04-15,Aviso aos Acionistas,Data prevista para a assembleia,,Data Prevista para Assembleia,2024-01-15,AP - Apresentação,022187IPE150420240104530611-58,1,https://www.rad.cvm.gov.br/ENET/frmDownloadDocumento.aspx?Tela=ext&descTipo=IPE&CodigoInstituicao=1&numProtocolo=1183492&numSequencia=708218&numVersao=1
10.629.105/0001-68,PRIO S.A.,22187,2024-04-19,Aviso aos Acionistas,Data prevista para a assembleia,,Data Prevista Para Assembleia Geral,2024-03-11,AP - Apresentação,022187IPE190420240104536211-59,1,https://www.rad.cvm.gov.br/ENET/frmDownloadDocumento.aspx?Tela=ext&descTipo=IPE&CodigoInstituicao=1&numProtocolo=1205970&numSequencia=730696&numVersao=1
10.629.105/0001-68,PRIO S.A.,22187,2024-02-28,Aviso aos Acionistas,Outros avisos,,Aumento de Capital Mediante Capitalização de Reserva,2024-02-28,AP - Apresentação,022187IPE280220240104535011-71,1,https://www.rad.cvm.gov.br/ENET/frmDownloadDocumento.aspx?Tela=ext&descTipo=IPE&CodigoInstituicao=1&numProtocolo=1200594&numSequencia=725320&numVersao=1
10.629.105/0001-68,PRIO S.A.,22187,2024-03-22,Aviso aos Acionistas,Outros avisos,,Aumento de Capital Mediante Capitalização de Reserva,2024-03-22,AP - Apresentação,022187IPE220320240104537311-07,1,https://www.rad.cvm.gov.br/ENET/frmDownloadDocumento.aspx?Tela=ext&descTipo=IPE&CodigoInstituicao=1&numProtocolo=1211186&numSequencia=735912&numVersao=1
10.629.105/0001-68,PRIO S.A.,22187,2024-12-30,Aviso aos Acionistas,Outros avisos,,Aumento de Capital Mediante Capitalização de Reserva,2024-12-30,AP - Apresentação,022187IPE301220240104565611-63,1,https://www.rad.cvm.gov.br/ENET/frmDownloadDocumento.aspx?Tela=ext&descTipo=IPE&CodigoInstituicao=1&numProtocolo=1320592&numSequencia=845318&numVersao=1
10.629.105/0001-68,PRIO S.A.,22187,2024-12-31,Calendário de Eventos Corporativos,,,,2024-01-25,RE - Reapresentação Espontânea,022187IPE311220240204527104-35,2,https://www.rad.cvm.gov.br/ENET/frmDownloadDocumento.aspx?Tela=ext&descTipo=IPE&CodigoInstituicao=1&numProtocolo=1185917&numSequencia=710643&numVersao=2
10.629.105/0001-68,PRIO S.A.,22187,2024-12-31,Calendário de Eventos Corporativos,,,,2024-03-08,RE - Reapresentação Espontânea,022187IPE311220240304527104-35,3,https://www.rad.cvm.gov.br/ENET/frmDownloadDocumento.aspx?Tela=ext&descTipo=IPE&CodigoInstituicao=1&numProtocolo=1204860&numSequencia=729586&numVersao=3
10.629.105/0001-68,PRIO S.A.,22187,2024-12-31,Calendário de Eventos Corporativos,,,,2024-03-11,RE - Reapresentação Espontânea,022187IPE311220240404527104-35,4,https://www.rad.cvm.gov.br/ENET/frmDownloadDocumento.aspx?Tela=ext&descTipo=IPE&CodigoInstituicao=1&numProtocolo=1205960&numSequencia=730686&numVersao=4
10.629.105/0001-68,PRIO S.A.,22187,2024-12-31,Calendário de Eventos Corporativos,,,,2024-05-29,RE - Reapresentação Espontânea,022187IPE311220240504527104-35,5,https://www.rad.cvm.gov.br/ENET/frmDownloadDocumento.aspx?Tela=ext&descTipo=IPE&CodigoInstituicao=1&numProtocolo=1243793&numSequencia=768519&numVersao=5
10.629.105/0001-68,PRIO S.A.,22187,2025-12-31,Calendário de Eventos Corporativos,,,,2024-12-08,AP - Apresentação,022187IPE311220250104563403-51,1,https://www.rad.cvm.gov.br/ENET/frmDownloadDocumento.aspx?Tela=ext&descTipo=IPE&CodigoInstituicao=1&numProtocolo=1312596&numSequencia=837322&numVersao=1
10.629.105/0001-68,PRIO S.A.,22187,2023-12-31,Comunicado ao Mercado,Apresentações a analistas/agentes do mercado,,Apresentação de Resultados 4T23 &amp 2023,2024-03-11,AP - Apresentação,022187IPE311220230104536208-02,1,https://www.rad.cvm.gov.br/ENET/frmDownloadDocumento.aspx?Tela=ext&descTipo=IPE&CodigoInstituicao=1&numProtocolo=1205642&numSequencia=730368&numVersao=1
10.629.105/0001-68,PRIO S.A.,22187,2024-05-08,Comunicado ao Mercado,Apresentações a analistas/agentes do mercado,,Apresentação de Resultados 1T24,2024-05-08,AP - Apresentação,022187IPE080520240104542007-01,1,https://www.rad.cvm.gov.br/ENET/frmDownloadDocumento.aspx?Tela=ext&descTipo=IPE&CodigoInstituicao=1&numProtocolo=1234423&numSequencia=759149&numVersao=1
10.629.105/0001-68,PRIO S.A.,22187,2024-08-07,Comunicado ao Mercado,Apresentações a analistas/agentes do mercado,,Apresentação de Resultados 2T24,2024-08-07,AP - Apresentação,022187IPE070820240104551106-55,1,https://www.rad.cvm.gov.br/ENET/frmDownloadDocumento.aspx?Tela=ext&descTipo=IPE&CodigoInstituicao=1&numProtocolo=1267913&numSequencia=792639&numVersao=1
10.629.105/0001-68,PRIO S.A.,22187,2024-08-21,Comunicado ao Mercado,Apresentações a analistas/agentes do mercado,,Apresentação Institucional - 2T24,2024-08-21,AP - Apresentação,022187IPE210820240104552511-54,1,https://www.rad.cvm.gov.br/ENET/frmDownloadDocumento.aspx?Tela=ext&descTipo=IPE&CodigoInstituicao=1&numProtocolo=1274502&numSequencia=799228&numVersao=1
10.629.105/0001-68,PRIO S.A.,22187,2024-09-27,Comunicado ao Mercado,Apresentações a analistas/agentes do mercado,,Apresentação Peregrino,2024-09-27,AP - Apresentação,022187IPE270920240104556206-93,1,https://www.rad.cvm.gov.br/ENET/frmDownloadDocumento.aspx?Tela=ext&descTipo=IPE&CodigoInstituicao=1&numProtocolo=1285830&numSequencia=810556&numVersao=1
10.629.105/0001-68,PRIO S.A.,22187,2024-11-06,Comunicado ao Mercado,Apresentações a analistas/agentes do mercado,,Apresentação de Resultados 3T24,2024-11-06,AP - Apresentação,022187IPE061120240104560207-36,1,https://www.rad.cvm.gov.br/ENET/frmDownloadDocumento.aspx?Tela=ext&descTipo=IPE&CodigoInstituicao=1&numProtocolo=1298955&numSequencia=823681&numVersao=1
10.629.105/0001-68,PRIO S.A.,22187,2024-04-23,Comunicado ao Mercado,Aquisição/Alienação de Participação Acionária (art. 12 da Instr. CVM nº 358),"Declaração de Alienação de Participação Acionária Relevante - Art.12, §4º, da Instrução CVM nº358/02",,2024-04-23,AP - Apresentação,022187IPE230420240104540505-36,1,https://www.rad.cvm.gov.br/ENET/frmDownloadDocumento.aspx?Tela=ext&descTipo=IPE&CodigoInstituicao=1&numProtocolo=1224522&numSequencia=749248&numVersao=1
10.629.105/0001-68,PRIO S.A.,22187,2024-01-05,Comunicado ao Mercado,Aquisição/Alienação de Participação Acionária (art. 12 da Instr. CVM nº 358),Declaração de Aquisição de Participação Acionária Relevante - Art.12 da Instrução CVM nº358/02,,2024-01-05,AP - Apresentação,022187IPE050120240104529611-25,1,https://www.rad.cvm.gov.br/ENET/frmDownloadDocumento.aspx?Tela=ext&descTipo=IPE&CodigoInstituicao=1&numProtocolo=1180824&numSequencia=705550&numVersao=1
10.629.105/0001-68,PRIO S.A.,22187,2024-05-15,Comunicado ao Mercado,Aquisição/Alienação de Participação Acionária (art. 12 da Instr. CVM nº 358),Declaração de Aquisição de Participação Acionária Relevante - Art.12 da Instrução CVM nº358/02,,2024-05-15,AP - Apresentação,022187IPE150520240104542710-96,1,https://www.rad.cvm.gov.br/ENET/frmDownloadDocumento.aspx?Tela=ext&descTipo=IPE&CodigoInstituicao=1&numProtocolo=1238656&numSequencia=763382&numVersao=1
10.629.105/0001-68,PRIO S.A.,22187,2024-09-12,Comunicado ao Mercado,Aquisição/Alienação de Participação Acionária (art. 12 da Instr. CVM nº 358),Declaração de Aquisição de Participação Acionária Relevante - Art.12 da Instrução CVM nº358/02,,2024-09-12,AP - Apresentação,022187IPE120920240104554711-72,1,https://www.rad.cvm.gov.br/ENET/frmDownloadDocumento.aspx?Tela=ext&descTipo=IPE&CodigoInstituicao=1&numProtocolo=1281857&numSequencia=806583&numVersao=1
10.629.105/0001-68,PRIO S.A.,22187,2024-03-18,Comunicado ao Mercado,Esclarecimentos sobre questionamentos da CVM/B3,,Notícia Divulgada na Mídia,2024-03-18,AP - Apresentação,022187IPE180320240104536913-54,1,https://www.rad.cvm.gov.br/ENET/frmDownloadDocumento.aspx?Tela=ext&descTipo=IPE&CodigoInstituicao=1&numProtocolo=1208930&numSequencia=733656&numVersao=1
10.629.105/0001-68,PRIO S.A.,22187,2024-09-04,Comunicado ao Mercado,Esclarecimentos sobre questionamentos da CVM/B3,,Negociações atípicas de valores mobiliários,2024-09-04,AP - Apresentação,022187IPE040920240104553911-74,1,https://www.rad.cvm.gov.br/ENET/frmDownloadDocumento.aspx?Tela=ext&descTipo=IPE&CodigoInstituicao=1&numProtocolo=1278701&numSequencia=803427&numVersao=1
10.629.105/0001-68,PRIO S.A.,22187,2024-09-26,Comunicado ao Mercado,Esclarecimentos sobre questionamentos da CVM/B3,,Notícia Divulgada na Mídia,2024-09-26,AP - Apresentação,022187IPE260920240104556112-09,1,https://www.rad.cvm.gov.br/ENET/frmDownloadDocumento.aspx?Tela=ext&descTipo=IPE&CodigoInstituicao=1&numProtocolo=1285638&numSequencia=810364&numVersao=1
10.629.105/0001-68,PRIO S.A.,22187,2023-01-04,Comunicado ao Mercado,Outros Comunicados Não Considerados Fatos Relevantes,,Dados Operacionais Dezembro/2023,2024-01-04,AP - Apresentação,022187IPE040120230104529511-43,1,https://www.rad.cvm.gov.br/ENET/frmDownloadDocumento.aspx?Tela=ext&descTipo=IPE&CodigoInstituicao=1&numProtocolo=1180356&numSequencia=705082&numVersao=1
10.629.105/0001-68,PRIO S.A.,22187,2023-01-04,Comunicado ao Mercado,Outros Comunicados Não Considerados Fatos Relevantes,,Dados Operacionais Dezembro/2023,2024-01-05,RE - Reapresentação Espontânea,022187IPE040120230204538311-43,2,https://www.rad.cvm.gov.br/ENET/frmDownloadDocumento.aspx?Tela=ext&descTipo=IPE&CodigoInstituicao=1&numProtocolo=1180782&numSequencia=705508&numVersao=2
10.629.105/0001-68,PRIO S.A.,22187,2024-02-06,Comunicado ao Mercado,Outros Comunicados Não Considerados Fatos Relevantes,,Dados Operacionais Janeiro/2024,2024-02-06,AP - Apresentação,022187IPE060220240104532812-75,1,https://www.rad.cvm.gov.br/ENET/frmDownloadDocumento.aspx?Tela=ext&descTipo=IPE&CodigoInstituicao=1&numProtocolo=1190404&numSequencia=715130&numVersao=1
10.629.105/0001-68,PRIO S.A.,22187,2024-03-05,Comunicado ao Mercado,Outros Comunicados Não Considerados Fatos Relevantes,,Dados Operacionais - Fevereiro 2024,2024-03-05,AP - Apresentação,022187IPE050320240104535611-60,1,https://www.rad.cvm.gov.br/ENET/frmDownloadDocumento.aspx?Tela=ext&descTipo=IPE&CodigoInstituicao=1&numProtocolo=1203232&numSequencia=727958&numVersao=1
10.629.105/0001-68,PRIO S.A.,22187,2024-04-09,Comunicado ao Mercado,Outros Comunicados Não Considerados Fatos Relevantes,,Dados Operacionais - Março/2024,2024-04-09,AP - Apresentação,022187IPE090420240104539111-40,1,https://www.rad.cvm.gov.br/ENET/frmDownloadDocumento.aspx?Tela=ext&descTipo=IPE&CodigoInstituicao=1&numProtocolo=1219932&numSequencia=744658&numVersao=1
10.629.105/0001-68,PRIO S.A.,22187,2024-05-06,Comunicado ao Mercado,Outros Comunicados Não Considerados Fatos Relevantes,,Dados Operacionais Abril/24,2024-05-06,AP - Apresentação,022187IPE060520240104541811-84,1,https://www.rad.cvm.gov.br/ENET/frmDownloadDocumento.aspx?Tela=ext&descTipo=IPE&CodigoInstituicao=1&numProtocolo=1233278&numSequencia=758004&numVersao=1
10.629.105/0001-68,PRIO S.A.,22187,2024-06-05,Comunicado ao Mercado,Outros Comunicados Não Considerados Fatos Relevantes,,Comunicado ao Mercado - Dados Operacionais Maio24,2024-06-05,AP - Apresentação,022187IPE050620240104544810-95,1,https://www.rad.cvm.gov.br/ENET/frmDownloadDocumento.aspx?Tela=ext&descTipo=IPE&CodigoInstituicao=1&numProtocolo=1246695&numSequencia=771421&numVersao=1
10.629.105/0001-68,PRIO S.A.,22187,2024-07-04,Comunicado ao Mercado,Outros Comunicados Não Considerados Fatos Relevantes,,Dados Operacionais Junho/24,2024-07-04,AP - Apresentação,022187IPE040720240104547711-20,1,https://www.rad.cvm.gov.br/ENET/frmDownloadDocumento.aspx?Tela=ext&descTipo=IPE&CodigoInstituicao=1&numProtocolo=1256846&numSequencia=781572&numVersao=1
10.629.105/0001-68,PRIO S.A.,22187,2024-08-05,Comunicado ao Mercado,Outros Comunicados Não Considerados Fatos Relevantes,,Dados Operacionais - Julho/24,2024-08-05,AP - Apresentação,022187IPE050820240104550911-06,1,https://www.rad.cvm.gov.br/ENET/frmDownloadDocumento.aspx?Tela=ext&descTipo=IPE&CodigoInstituicao=1&numProtocolo=1266814&numSequencia=791540&numVersao=1
10.629.105/0001-68,PRIO S.A.,22187,2024-09-04,Comunicado ao Mercado,Outros Comunicados Não Considerados Fatos Relevantes,,Dados Operacionais - Agosto/24,2024-09-04,AP - Apresentação,022187IPE040920240104553905-12,1,https://www.rad.cvm.gov.br/ENET/frmDownloadDocumento.aspx?Tela=ext&descTipo=IPE&CodigoInstituicao=1&numProtocolo=1278423&numSequencia=803149&numVersao=1
10.629.105/0001-68,PRIO S.A.,22187,2024-09-16,Comunicado ao Mercado,Outros Comunicados Não Considerados Fatos Relevantes,,Publicação do Relatório de Sustentabilidade 2023,2024-09-16,AP - Apresentação,022187IPE160920240104555111-00,1,https://www.rad.cvm.gov.br/ENET/frmDownloadDocumento.aspx?Tela=ext&descTipo=IPE&CodigoInstituicao=1&numProtocolo=1282567&numSequencia=807293&numVersao=1
10.629.105/0001-68,PRIO S.A.,22187,2024-10-07,Comunicado ao Mercado,Outros Comunicados Não Considerados Fatos Relevantes,,Dados Operacionais - Setembro/24,2024-10-07,AP - Apresentação,022187IPE071020240104557211-26,1,https://www.rad.cvm.gov.br/ENET/frmDownloadDocumento.aspx?Tela=ext&descTipo=IPE&CodigoInstituicao=1&numProtocolo=1289213&numSequencia=813939&numVersao=1
10.629.105/0001-68,PRIO S.A.,22187,2024-11-04,Comunicado ao Mercado,Outros Comunicados Não Considerados Fatos Relevantes,,Dados Operacionais - Outubro/24,2024-11-04,AP - Apresentação,022187IPE041120240104560012-42,1,https://www.rad.cvm.gov.br/ENET/frmDownloadDocumento.aspx?Tela=ext&descTipo=IPE&CodigoInstituicao=1&numProtocolo=1297952&numSequencia=822678&numVersao=1
10.629.105/0001-68,PRIO S.A.,22187,2024-12-03,Comunicado ao Mercado,Outros Comunicados Não Considerados Fatos Relevantes,,Dados Operacionais - Novembro/24,2024-12-03,AP - Apresentação,022187IPE031220240104562911-32,1,https://www.rad.cvm.gov.br/ENET/frmDownloadDocumento.aspx?Tela=ext&descTipo=IPE&CodigoInstituicao=1&numProtocolo=1310759&numSequencia=835485&numVersao=1
10.629.105/0001-68,PRIO S.A.,22187,2023-12-31,Dados Econômico-Financeiros,Demonstrações Financeiras Anuais Completas,,,2024-03-08,AP - Apresentação,022187IPE311220230104535911-83,1,https://www.rad.cvm.gov.br/ENET/frmDownloadDocumento.aspx?Tela=ext&descTipo=IPE&CodigoInstituicao=1&numProtocolo=1205408&numSequencia=730134&numVersao=1
10.629.105/0001-68,PRIO S.A.,22187,2023-12-31,Dados Econômico-Financeiros,Demonstrações Financeiras em Padrões Internacionais,Outros,Demonstrações Financeiras em BR GAAP (versão em inglês),2024-03-08,AP - Apresentação,022187IPE311220230104535912-33,1,https://www.rad.cvm.gov.br/ENET/frmDownloadDocumento.aspx?Tela=ext&descTipo=IPE&CodigoInstituicao=1&numProtocolo=1205411&numSequencia=730137&numVersao=1
10.629.105/0001-68,PRIO S.A.,22187,2024-03-31,Dados Econômico-Financeiros,Demonstrações Financeiras Intermediárias,,Versão em português,2024-05-07,AP - Apresentação,022187IPE310320240104541913-42,1,https://www.rad.cvm.gov.br/ENET/frmDownloadDocumento.aspx?Tela=ext&descTipo=IPE&CodigoInstituicao=1&numProtocolo=1234135&numSequencia=758861&numVersao=1
10.629.105/0001-68,PRIO S.A.,22187,2024-03-31,Dados Econômico-Financeiros,Demonstrações Financeiras Intermediárias,,Versão em inglês,2024-05-07,AP - Apresentação,022187IPE310320240104541913-45,1,https://www.rad.cvm.gov.br/ENET/frmDownloadDocumento.aspx?Tela=ext&descTipo=IPE&CodigoInstituicao=1&numProtocolo=1234136&numSequencia=758862&numVersao=1
10.629.105/0001-68,PRIO S.A.,22187,2024-06-30,Dados Econômico-Financeiros,Demonstrações Financeiras Intermediárias,,Versão em português,2024-08-06,AP - Apresentação,022187IPE300620240104551011-27,1,https://www.rad.cvm.gov.br/ENET/frmDownloadDocumento.aspx?Tela=ext&descTipo=IPE&CodigoInstituicao=1&numProtocolo=1267543&numSequencia=792269&numVersao=1
10.629.105/0001-68,PRIO S.A.,22187,2024-06-30,Dados Econômico-Financeiros,Demonstrações Financeiras Intermediárias,,Versão em inglês,2024-08-06,AP - Apresentação,022187IPE300620240104551011-72,1,https://www.rad.cvm.gov.br/ENET/frmDownloadDocumento.aspx?Tela=ext&descTipo=IPE&CodigoInstituicao=1&numProtocolo=1267545&numSequencia=792271&numVersao=1
10.629.105/0001-68,PRIO S.A.,22187,2024-09-30,Dados Econômico-Financeiros,Demonstrações Financeiras Intermediárias,,VERSÃO EM PORTUGUÊS,2024-11-05,AP - Apresentação,022187IPE300920240104560113-49,1,https://www.rad.cvm.gov.br/ENET/frmDownloadDocumento.aspx?Tela=ext&descTipo=IPE&CodigoInstituicao=1&numProtocolo=1298720&numSequencia=823446&numVersao=1
10.629.105/0001-68,PRIO S.A.,22187,2024-09-30,Dados Econômico-Financeiros,Demonstrações Financeiras Intermediárias,,VERSÃO EM INGLES,2024-11-05,AP - Apresentação,022187IPE300920240104560113-52,1,https://www.rad.cvm.gov.br/ENET/frmDownloadDocumento.aspx?Tela=ext&descTipo=IPE&CodigoInstituicao=1&numProtocolo=1298721&numSequencia=823447&numVersao=1
10.629.105/0001-68,PRIO S.A.,22187,2023-12-31,Dados Econômico-Financeiros,Press-release,,Release de Resultados - 4T23 &amp 2023 (Português),2024-03-08,AP - Apresentação,022187IPE311220230104535911-89,1,https://www.rad.cvm.gov.br/ENET/frmDownloadDocumento.aspx?Tela=ext&descTipo=IPE&CodigoInstituicao=1&numProtocolo=1205412&numSequencia=730138&numVersao=1
10.629.105/0001-68,PRIO S.A.,22187,2023-12-31,Dados Econômico-Financeiros,Press-release,,Release de Resultados 4T23 &amp 2023 (Inglês),2024-03-08,AP - Apresentação,022187IPE311220230104535912-15,1,https://www.rad.cvm.gov.br/ENET/frmDownloadDocumento.aspx?Tela=ext&descTipo=IPE&CodigoInstituicao=1&numProtocolo=1205413&numSequencia=730139&numVersao=1
10.629.105/0001-68,PRIO S.A.,22187,2024-03-31,Dados Econômico-Financeiros,Press-release,,Release de Resultados - 1T24 (Português),2024-05-07,AP - Apresentação,022187IPE310320240104541911-81,1,https://www.rad.cvm.gov.br/ENET/frmDownloadDocumento.aspx?Tela=ext&descTipo=IPE&CodigoInstituicao=1&numProtocolo=1233988&numSequencia=758714&numVersao=1
10.629.105/0001-68,PRIO S.A.,22187,2024-03-31,Dados Econômico-Financeiros,Press-release,,Release de Resultados - 1T24 (Inglês),2024-05-07,AP - Apresentação,022187IPE310320240104541911-92,1,https://www.rad.cvm.gov.br/ENET/frmDownloadDocumento.aspx?Tela=ext&descTipo=IPE&CodigoInstituicao=1&numProtocolo=1233991&numSequencia=758717&numVersao=1
10.629.105/0001-68,PRIO S.A.,22187,2024-06-30,Dados Econômico-Financeiros,Press-release,,Release de Resultados - 2T24 (Português),2024-08-06,AP - Apresentação,022187IPE300620240104551011-20,1,https://www.rad.cvm.gov.br/ENET/frmDownloadDocumento.aspx?Tela=ext&descTipo=IPE&CodigoInstituicao=1&numProtocolo=1267473&numSequencia=792199&numVersao=1
10.629.105/0001-68,PRIO S.A.,22187,2024-06-30,Dados Econômico-Financeiros,Press-release,,Release de Resultados - 2T24 (Inglês),2024-08-06,AP - Apresentação,022187IPE300620240104551011-42,1,https://www.rad.cvm.gov.br/ENET/frmDownloadDocumento.aspx?Tela=ext&descTipo=IPE&CodigoInstituicao=1&numProtocolo=1267485&numSequencia=792211&numVersao=1
10.629.105/0001-68,PRIO S.A.,22187,2024-09-30,Dados Econômico-Financeiros,Press-release,,Release de Resultados - 3T24 (Português),2024-11-05,AP - Apresentação,022187IPE300920240104560111-76,1,https://www.rad.cvm.gov.br/ENET/frmDownloadDocumento.aspx?Tela=ext&descTipo=IPE&CodigoInstituicao=1&numProtocolo=1298588&numSequencia=823314&numVersao=1
10.629.105/0001-68,PRIO S.A.,22187,2024-09-30,Dados Econômico-Financeiros,Press-release,,Release de Resultados - 3T24 (Inglês),2024-11-05,AP - Apresentação,022187IPE300920240104560111-36,1,https://www.rad.cvm.gov.br/ENET/frmDownloadDocumento.aspx?Tela=ext&descTipo=IPE&CodigoInstituicao=1&numProtocolo=1298593&numSequencia=823319&numVersao=1
10.629.105/0001-68,PRIO S.A.,22187,2024-09-23,Dados Econômico-Financeiros,Relatório de Agência de Rating,,Relatório de Rating - Fitch,2024-09-23,AP - Apresentação,022187IPE230920240104555812-87,1,https://www.rad.cvm.gov.br/ENET/frmDownloadDocumento.aspx?Tela=ext&descTipo=IPE&CodigoInstituicao=1&numProtocolo=1284556&numSequencia=809282&numVersao=1
10.629.105/0001-68,PRIO S.A.,22187,2024-09-30,Dados Econômico-Financeiros,Relatório de Agência de Rating,,Relatório de Rating - Fitch,2024-09-30,AP - Apresentação,022187IPE300920240104556512-86,1,https://www.rad.cvm.gov.br/ENET/frmDownloadDocumento.aspx?Tela=ext&descTipo=IPE&CodigoInstituicao=1&numProtocolo=1286551&numSequencia=811277&numVersao=1
10.629.105/0001-68,PRIO S.A.,22187,2024-10-02,Dados Econômico-Financeiros,Relatório de Agência de Rating,,Relatório de Rating - Moody's,2024-10-02,AP - Apresentação,022187IPE021020240104556710-93,1,https://www.rad.cvm.gov.br/ENET/frmDownloadDocumento.aspx?Tela=ext&descTipo=IPE&CodigoInstituicao=1&numProtocolo=1287607&numSequencia=812333&numVersao=1
10.629.105/0001-68,PRIO S.A.,22187,2024-10-02,Dados Econômico-Financeiros,Relatório de Agência de Rating,,Relatório de Rating - S&ampP Global,2024-10-02,AP - Apresentação,022187IPE021020240104556710-77,1,https://www.rad.cvm.gov.br/ENET/frmDownloadDocumento.aspx?Tela=ext&descTipo=IPE&CodigoInstituicao=1&numProtocolo=1287610&numSequencia=812336&numVersao=1
10.629.105/0001-68,PRIO S.A.,22187,2024-12-10,Dados Econômico-Financeiros,Relatório de Agência de Rating,,Relatório de Rating - Fitch,2024-12-10,AP - Apresentação,022187IPE101220240104563611-54,1,https://www.rad.cvm.gov.br/ENET/frmDownloadDocumento.aspx?Tela=ext&descTipo=IPE&CodigoInstituicao=1&numProtocolo=1313943&numSequencia=838669&numVersao=1
10.629.105/0001-68,PRIO S.A.,22187,2024-12-20,Estatuto Social,,,,2024-12-20,AP - Apresentação,022187IPE201220240104564611-73,1,https://www.rad.cvm.gov.br/ENET/frmDownloadDocumento.aspx?Tela=ext&descTipo=IPE&CodigoInstituicao=1&numProtocolo=1318218&numSequencia=842944&numVersao=1
10.629.105/0001-68,PRIO S.A.,22187,2024-02-09,Fato Relevante,,,Emissão de Debêntures,2024-02-09,AP - Apresentação,022187IPE090220240104533111-77,1,https://www.rad.cvm.gov.br/ENET/frmDownloadDocumento.aspx?Tela=ext&descTipo=IPE&CodigoInstituicao=1&numProtocolo=1192551&numSequencia=717277&numVersao=1
10.629.105/0001-68,PRIO S.A.,22187,2024-02-28,Fato Relevante,,,Aumento de Capital Mediante Capitalização de Reserva,2024-02-28,AP - Apresentação,022187IPE280220240104535011-86,1,https://www.rad.cvm.gov.br/ENET/frmDownloadDocumento.aspx?Tela=ext&descTipo=IPE&CodigoInstituicao=1&numProtocolo=1200591&numSequencia=725317&numVersao=1
10.629.105/0001-68,PRIO S.A.,22187,2024-02-29,Fato Relevante,,,Liquidação da Emissão de Debêntures,2024-02-29,AP - Apresentação,022187IPE290220240104535111-87,1,https://www.rad.cvm.gov.br/ENET/frmDownloadDocumento.aspx?Tela=ext&descTipo=IPE&CodigoInstituicao=1&numProtocolo=1201225&numSequencia=725951&numVersao=1
10.629.105/0001-68,PRIO S.A.,22187,2024-03-08,Fato Relevante,,,Certificação de Reservas 2024,2024-03-08,AP - Apresentação,022187IPE080320240104535911-52,1,https://www.rad.cvm.gov.br/ENET/frmDownloadDocumento.aspx?Tela=ext&descTipo=IPE&CodigoInstituicao=1&numProtocolo=1205352&numSequencia=730078&numVersao=1
10.629.105/0001-68,PRIO S.A.,22187,2024-03-11,Fato Relevante,,,Programa de Recompra de Ações,2024-03-11,AP - Apresentação,022187IPE110320240104536213-71,1,https://www.rad.cvm.gov.br/ENET/frmDownloadDocumento.aspx?Tela=ext&descTipo=IPE&CodigoInstituicao=1&numProtocolo=1206185&numSequencia=730911&numVersao=1
10.629.105/0001-68,PRIO S.A.,22187,2024-03-22,Fato Relevante,,,Aumento de Capital Mediante Capitalização de Reserva,2024-03-22,AP - Apresentação,022187IPE220320240104537311-19,1,https://www.rad.cvm.gov.br/ENET/frmDownloadDocumento.aspx?Tela=ext&descTipo=IPE&CodigoInstituicao=1&numProtocolo=1211194&numSequencia=735920&numVersao=1
10.629.105/0001-68,PRIO S.A.,22187,2024-03-25,Fato Relevante,,,Emissão de Debêntures,2024-03-25,AP - Apresentação,022187IPE250320240104537609-38,1,https://www.rad.cvm.gov.br/ENET/frmDownloadDocumento.aspx?Tela=ext&descTipo=IPE&CodigoInstituicao=1&numProtocolo=1211754&numSequencia=736480&numVersao=1
10.629.105/0001-68,PRIO S.A.,22187,2024-04-11,Fato Relevante,,,Decisão Arbitral,2024-04-11,RE - Reapresentação Espontânea,022187IPE110420240204560012-45,2,https://www.rad.cvm.gov.br/ENET/frmDownloadDocumento.aspx?Tela=ext&descTipo=IPE&CodigoInstituicao=1&numProtocolo=1221170&numSequencia=745896&numVersao=2
10.629.105/0001-68,PRIO S.A.,22187,2024-04-11,Fato Relevante,,,Decisão Arbitral,2024-04-11,AP - Apresentação,022187IPE110420240104539313-50,1,https://www.rad.cvm.gov.br/ENET/frmDownloadDocumento.aspx?Tela=ext&descTipo=IPE&CodigoInstituicao=1&numProtocolo=1221187&numSequencia=745913&numVersao=1
10.629.105/0001-68,PRIO S.A.,22187,2024-04-15,Fato Relevante,,,Liquidação da Emissão de Debêntures,2024-04-15,AP - Apresentação,022187IPE150420240104539712-40,1,https://www.rad.cvm.gov.br/ENET/frmDownloadDocumento.aspx?Tela=ext&descTipo=IPE&CodigoInstituicao=1&numProtocolo=1222003&numSequencia=746729&numVersao=1
10.629.105/0001-68,PRIO S.A.,22187,2024-09-25,Fato Relevante,,,Fato Relevante - Negociação Para Aquisição Participação,2024-09-25,AP - Apresentação,022187IPE250920240104556006-59,1,https://www.rad.cvm.gov.br/ENET/frmDownloadDocumento.aspx?Tela=ext&descTipo=IPE&CodigoInstituicao=1&numProtocolo=1285080&numSequencia=809806&numVersao=1
10.629.105/0001-68,PRIO S.A.,22187,2024-09-27,Fato Relevante,,,Aquisição de Participação no Campo de Peregrino,2024-09-27,AP - Apresentação,022187IPE270920240104556204-95,1,https://www.rad.cvm.gov.br/ENET/frmDownloadDocumento.aspx?Tela=ext&descTipo=IPE&CodigoInstituicao=1&numProtocolo=1285758&numSequencia=810484&numVersao=1
10.629.105/0001-68,PRIO S.A.,22187,2024-12-05,Fato Relevante,,,Conclusão da Aquisição de Participação no Campo de Peregrino,2024-12-05,AP - Apresentação,022187IPE051220240104563108-64,1,https://www.rad.cvm.gov.br/ENET/frmDownloadDocumento.aspx?Tela=ext&descTipo=IPE&CodigoInstituicao=1&numProtocolo=1311708&numSequencia=836434&numVersao=1
10.629.105/0001-68,PRIO S.A.,22187,2024-12-30,Fato Relevante,,,Aumento de Capital Mediante Capitalização de Reserva,2024-12-30,AP - Apresentação,022187IPE301220240104565611-31,1,https://www.rad.cvm.gov.br/ENET/frmDownloadDocumento.aspx?Tela=ext&descTipo=IPE&CodigoInstituicao=1&numProtocolo=1320598&numSequencia=845324&numVersao=1
10.629.105/0001-68,PRIO S.A.,22187,2024-10-01,Regimento interno do Conselho Fiscal,,,,2024-10-07,AP - Apresentação,022187IPE011020240104557210-72,1,https://www.rad.cvm.gov.br/ENET/frmDownloadDocumento.aspx?Tela=ext&descTipo=IPE&CodigoInstituicao=1&numProtocolo=1289162&numSequencia=813888&numVersao=1
10.629.105/0001-68,PRIO S.A.,22187,2023-12-31,Relatório de Sustentabilidade,,,,2024-09-16,AP - Apresentação,022187IPE311220230104555110-90,1,https://www.rad.cvm.gov.br/ENET/frmDownloadDocumento.aspx?Tela=ext&descTipo=IPE&CodigoInstituicao=1&numProtocolo=1282545&numSequencia=807271&numVersao=1
10.629.105/0001-68,PRIO S.A.,22187,2024-01-02,Reunião da Administração,Conselho de Administração,Ata,Aumento de Capital,2024-01-02,AP - Apresentação,022187IPE020120240104529305-19,1,https://www.rad.cvm.gov.br/ENET/frmDownloadDocumento.aspx?Tela=ext&descTipo=IPE&CodigoInstituicao=1&numProtocolo=1178977&numSequencia=703703&numVersao=1
10.629.105/0001-68,PRIO S.A.,22187,2024-02-09,Reunião da Administração,Conselho de Administração,Ata,Ata RCA  Debênture e Swap Cambial,2024-02-09,AP - Apresentação,022187IPE090220240104533111-36,1,https://www.rad.cvm.gov.br/ENET/frmDownloadDocumento.aspx?Tela=ext&descTipo=IPE&CodigoInstituicao=1&numProtocolo=1192556&numSequencia=717282&numVersao=1
10.629.105/0001-68,PRIO S.A.,22187,2024-02-21,Reunião da Administração,Conselho de Administração,Ata,"Aprovação do aumento de capital social mediante capitalização de recursos da Reserva de Investimentos, alteração da Composição do Comitê de Indicação e eleição do Compliance Officer",2024-02-28,AP - Apresentação,022187IPE210220240104535011-44,1,https://www.rad.cvm.gov.br/ENET/frmDownloadDocumento.aspx?Tela=ext&descTipo=IPE&CodigoInstituicao=1&numProtocolo=1200583&numSequencia=725309&numVersao=1
10.629.105/0001-68,PRIO S.A.,22187,2024-03-08,Reunião da Administração,Conselho de Administração,Ata,Ata RCA: Plano Anual da Auditoria Interna Novo Programa de Recompra da Companhia e Divulgação das Demonstrações Financeiras.,2024-03-11,AP - Apresentação,022187IPE080320240104536214-03,1,https://www.rad.cvm.gov.br/ENET/frmDownloadDocumento.aspx?Tela=ext&descTipo=IPE&CodigoInstituicao=1&numProtocolo=1206180&numSequencia=730906&numVersao=1
10.629.105/0001-68,PRIO S.A.,22187,2024-03-15,Reunião da Administração,Conselho de Administração,Ata,Aprovação do aumento de capital social mediante capitalização de recursos da Reserva de Investimentos,2024-03-22,AP - Apresentação,022187IPE150320240104537311-33,1,https://www.rad.cvm.gov.br/ENET/frmDownloadDocumento.aspx?Tela=ext&descTipo=IPE&CodigoInstituicao=1&numProtocolo=1211176&numSequencia=735902&numVersao=1
10.629.105/0001-68,PRIO S.A.,22187,2024-03-25,Reunião da Administração,Conselho de Administração,Ata,Ata RCA Debênture e Swap Cambial,2024-03-25,AP - Apresentação,022187IPE250320240104537611-35,1,https://www.rad.cvm.gov.br/ENET/frmDownloadDocumento.aspx?Tela=ext&descTipo=IPE&CodigoInstituicao=1&numProtocolo=1211906&numSequencia=736632&numVersao=1
10.629.105/0001-68,PRIO S.A.,22187,2024-03-18,Reunião da Administração,Conselho de Administração,Ata,,2024-03-25,AP - Apresentação,022187IPE180320240104537611-23,1,https://www.rad.cvm.gov.br/ENET/frmDownloadDocumento.aspx?Tela=ext&descTipo=IPE&CodigoInstituicao=1&numProtocolo=1211943&numSequencia=736669&numVersao=1
10.629.105/0001-68,PRIO S.A.,22187,2024-05-07,Reunião da Administração,Conselho de Administração,Ata,Eleição do Presidente e Vice-Presidente do Conselho de Administração Divulgação do ITR do Primeiro Trimestre.,2024-05-15,AP - Apresentação,022187IPE070520240104542711-10,1,https://www.rad.cvm.gov.br/ENET/frmDownloadDocumento.aspx?Tela=ext&descTipo=IPE&CodigoInstituicao=1&numProtocolo=1238651&numSequencia=763377&numVersao=1
10.629.105/0001-68,PRIO S.A.,22187,2024-08-06,Reunião da Administração,Conselho de Administração,Ata,Aprovação da Divulgação das Demonstrações Financeiras do 2T24,2024-08-13,AP - Apresentação,022187IPE060820240104551711-65,1,https://www.rad.cvm.gov.br/ENET/frmDownloadDocumento.aspx?Tela=ext&descTipo=IPE&CodigoInstituicao=1&numProtocolo=1271276&numSequencia=796002&numVersao=1
10.629.105/0001-68,PRIO S.A.,22187,2024-10-03,Reunião da Administração,Conselho de Administração,Ata,Convocação da Assembleia Geral Extraordinária (AGE),2024-10-11,AP - Apresentação,022187IPE031020240104557611-69,1,https://www.rad.cvm.gov.br/ENET/frmDownloadDocumento.aspx?Tela=ext&descTipo=IPE&CodigoInstituicao=1&numProtocolo=1291020&numSequencia=815746&numVersao=1
10.629.105/0001-68,PRIO S.A.,22187,2024-11-05,Reunião da Administração,Conselho de Administração,Ata,Aprovação da Divulgação das Demonstrações Financeiras do 3T24,2024-11-14,AP - Apresentação,022187IPE051120240104561010-99,1,https://www.rad.cvm.gov.br/ENET/frmDownloadDocumento.aspx?Tela=ext&descTipo=IPE&CodigoInstituicao=1&numProtocolo=1304491&numSequencia=829217&numVersao=1
10.629.105/0001-68,PRIO S.A.,22187,2024-11-18,Reunião da Administração,Conselho de Administração,Ata,Convocação da Assembleia Geral Extraordinária,2024-11-21,AP - Apresentação,022187IPE181120240104561711-38,1,https://www.rad.cvm.gov.br/ENET/frmDownloadDocumento.aspx?Tela=ext&descTipo=IPE&CodigoInstituicao=1&numProtocolo=1306621&numSequencia=831347&numVersao=1
10.629.105/0001-68,PRIO S.A.,22187,2024-12-03,Reunião da Administração,Conselho de Administração,Ata,Celebração de Contrato de Prestação de Garantia,2024-12-12,AP - Apresentação,022187IPE031220240104563811-29,1,https://www.rad.cvm.gov.br/ENET/frmDownloadDocumento.aspx?Tela=ext&descTipo=IPE&CodigoInstituicao=1&numProtocolo=1315016&numSequencia=839742&numVersao=1
10.629.105/0001-68,PRIO S.A.,22187,2024-12-19,Reunião da Administração,Conselho de Administração,Ata,Aprovação de (i) nova versão da Política de Segurança da Informação e (ii) orçamento do exercício social de 2025,2024-12-27,AP - Apresentação,022187IPE191220240104565311-00,1,https://www.rad.cvm.gov.br/ENET/frmDownloadDocumento.aspx?Tela=ext&descTipo=IPE&CodigoInstituicao=1&numProtocolo=1320045&numSequencia=844771&numVersao=1
10.629.105/0001-68,PRIO S.A.,22187,2024-12-27,Reunião da Administração,Conselho de Administração,Ata,Aprovação de aumento do capital social da Companhia mediante capitalização de Reserva Estatutária de Investimentos,2024-12-30,AP - Apresentação,022187IPE271220240104565611-52,1,https://www.rad.cvm.gov.br/ENET/frmDownloadDocumento.aspx?Tela=ext&descTipo=IPE&CodigoInstituicao=1&numProtocolo=1320587&numSequencia=845313&numVersao=1
10.629.105/0001-68,PRIO S.A.,22187,2024-02-19,Reunião da Administração,Conselho Fiscal,Ata,Capitalização Reserva de Investimentos,2024-02-28,AP - Apresentação,022187IPE190220240104535011-80,1,https://www.rad.cvm.gov.br/ENET/frmDownloadDocumento.aspx?Tela=ext&descTipo=IPE&CodigoInstituicao=1&numProtocolo=1200586&numSequencia=725312&numVersao=1
10.629.105/0001-68,PRIO S.A.,22187,2024-03-08,Reunião da Administração,Conselho Fiscal,Ata,Ata RCF: Parecer favorável à divulgação das Demonstrações Financeiras.,2024-03-11,AP - Apresentação,022187IPE080320240104536213-84,1,https://www.rad.cvm.gov.br/ENET/frmDownloadDocumento.aspx?Tela=ext&descTipo=IPE&CodigoInstituicao=1&numProtocolo=1206182&numSequencia=730908&numVersao=1
10.629.105/0001-68,PRIO S.A.,22187,2024-03-15,Reunião da Administração,Conselho Fiscal,Ata,Capitalização Reserva de Investimentos,2024-03-22,AP - Apresentação,022187IPE150320240104537311-30,1,https://www.rad.cvm.gov.br/ENET/frmDownloadDocumento.aspx?Tela=ext&descTipo=IPE&CodigoInstituicao=1&numProtocolo=1211178&numSequencia=735904&numVersao=1
10.629.105/0001-68,PRIO S.A.,22187,2024-05-06,Reunião da Administração,Conselho Fiscal,Ata,Eleição do Presidente do Conselho Fiscal Análise e emissão de parecer acerca do ITR do primeiro trimestre.,2024-05-15,AP - Apresentação,022187IPE060520240104542710-79,1,https://www.rad.cvm.gov.br/ENET/frmDownloadDocumento.aspx?Tela=ext&descTipo=IPE&CodigoInstituicao=1&numProtocolo=1238653&numSequencia=763379&numVersao=1
10.629.105/0001-68,PRIO S.A.,22187,2024-08-05,Reunião da Administração,Conselho Fiscal,Ata,Parecer acerca das Demonstrações Financeiras,2024-08-13,AP - Apresentação,022187IPE050820240104551711-66,1,https://www.rad.cvm.gov.br/ENET/frmDownloadDocumento.aspx?Tela=ext&descTipo=IPE&CodigoInstituicao=1&numProtocolo=1271269&numSequencia=795995&numVersao=1
10.629.105/0001-68,PRIO S.A.,22187,2024-10-01,Reunião da Administração,Conselho Fiscal,Ata,Aprovar a alteração do regimento interno do Conselho Fiscal,2024-10-07,AP - Apresentação,022187IPE011020240104557210-90,1,https://www.rad.cvm.gov.br/ENET/frmDownloadDocumento.aspx?Tela=ext&descTipo=IPE&CodigoInstituicao=1&numProtocolo=1289160&numSequencia=813886&numVersao=1
10.629.105/0001-68,PRIO S.A.,22187,2024-11-04,Reunião da Administração,Conselho Fiscal,Ata,Parecer acerca das Demonstrações Financeiras,2024-11-13,AP - Apresentação,022187IPE041120240104560911-15,1,https://www.rad.cvm.gov.br/ENET/frmDownloadDocumento.aspx?Tela=ext&descTipo=IPE&CodigoInstituicao=1&numProtocolo=1303547&numSequencia=828273&numVersao=1
10.629.105/0001-68,PRIO S.A.,22187,2024-12-27,Reunião da Administração,Conselho Fiscal,Ata,Emissão de parecer a respeito de proposta de aumento do capital social da Companhia,2024-12-30,AP - Apresentação,022187IPE271220240104565611-20,1,https://www.rad.cvm.gov.br/ENET/frmDownloadDocumento.aspx?Tela=ext&descTipo=IPE&CodigoInstituicao=1&numProtocolo=1320583&numSequencia=845309&numVersao=1
10.629.105/0001-68,PRIO S.A.,22187,2023-12-01,Valores Mobiliários negociados e detidos (art. 11 da Instr. CVM nº 358),Posição Consolidada,,,2024-01-08,AP - Apresentação,022187IPE011220230104529904-21,1,https://www.rad.cvm.gov.br/ENET/frmDownloadDocumento.aspx?Tela=ext&descTipo=IPE&CodigoInstituicao=1&numProtocolo=1181254&numSequencia=705980&numVersao=1
10.629.105/0001-68,PRIO S.A.,22187,2024-01-01,Valores Mobiliários negociados e detidos (art. 11 da Instr. CVM nº 358),Posição Consolidada,,,2024-02-08,AP - Apresentação,022187IPE010120240104533004-59,1,https://www.rad.cvm.gov.br/ENET/frmDownloadDocumento.aspx?Tela=ext&descTipo=IPE&CodigoInstituicao=1&numProtocolo=1191619&numSequencia=716345&numVersao=1
10.629.105/0001-68,PRIO S.A.,22187,2024-02-01,Valores Mobiliários negociados e detidos (art. 11 da Instr. CVM nº 358),Posição Consolidada,,,2024-03-06,AP - Apresentação,022187IPE010220240104535705-09,1,https://www.rad.cvm.gov.br/ENET/frmDownloadDocumento.aspx?Tela=ext&descTipo=IPE&CodigoInstituicao=1&numProtocolo=1203789&numSequencia=728515&numVersao=1
10.629.105/0001-68,PRIO S.A.,22187,2024-03-01,Valores Mobiliários negociados e detidos (art. 11 da Instr. CVM nº 358),Posição Consolidada,,,2024-04-04,AP - Apresentação,022187IPE010320240104538604-27,1,https://www.rad.cvm.gov.br/ENET/frmDownloadDocumento.aspx?Tela=ext&descTipo=IPE&CodigoInstituicao=1&numProtocolo=1218268&numSequencia=742994&numVersao=1
10.629.105/0001-68,PRIO S.A.,22187,2024-04-01,Valores Mobiliários negociados e detidos (art. 11 da Instr. CVM nº 358),Posição Consolidada,,,2024-05-08,AP - Apresentação,022187IPE010420240104542003-85,1,https://www.rad.cvm.gov.br/ENET/frmDownloadDocumento.aspx?Tela=ext&descTipo=IPE&CodigoInstituicao=1&numProtocolo=1234687&numSequencia=759413&numVersao=1
10.629.105/0001-68,PRIO S.A.,22187,2024-05-01,Valores Mobiliários negociados e detidos (art. 11 da Instr. CVM nº 358),Posição Consolidada,,,2024-06-10,AP - Apresentação,022187IPE010520240104545304-19,1,https://www.rad.cvm.gov.br/ENET/frmDownloadDocumento.aspx?Tela=ext&descTipo=IPE&CodigoInstituicao=1&numProtocolo=1248476&numSequencia=773202&numVersao=1
10.629.105/0001-68,PRIO S.A.,22187,2024-06-01,Valores Mobiliários negociados e detidos (art. 11 da Instr. CVM nº 358),Posição Consolidada,,,2024-07-08,AP - Apresentação,022187IPE010620240104548103-73,1,https://www.rad.cvm.gov.br/ENET/frmDownloadDocumento.aspx?Tela=ext&descTipo=IPE&CodigoInstituicao=1&numProtocolo=1257609&numSequencia=782335&numVersao=1
10.629.105/0001-68,PRIO S.A.,22187,2024-07-01,Valores Mobiliários negociados e detidos (art. 11 da Instr. CVM nº 358),Posição Consolidada,,,2024-08-08,AP - Apresentação,022187IPE010720240104551203-72,1,https://www.rad.cvm.gov.br/ENET/frmDownloadDocumento.aspx?Tela=ext&descTipo=IPE&CodigoInstituicao=1&numProtocolo=1268912&numSequencia=793638&numVersao=1
10.629.105/0001-68,PRIO S.A.,22187,2024-08-01,Valores Mobiliários negociados e detidos (art. 11 da Instr. CVM nº 358),Posição Consolidada,,,2024-09-09,AP - Apresentação,022187IPE010820240104554404-77,1,https://www.rad.cvm.gov.br/ENET/frmDownloadDocumento.aspx?Tela=ext&descTipo=IPE&CodigoInstituicao=1&numProtocolo=1280305&numSequencia=805031&numVersao=1
10.629.105/0001-68,PRIO S.A.,22187,2024-07-01,Valores Mobiliários negociados e detidos (art. 11 da Instr. CVM nº 358),Posição Consolidada,,,2024-10-08,RE - Reapresentação Espontânea,022187IPE010720240204551203-72,2,https://www.rad.cvm.gov.br/ENET/frmDownloadDocumento.aspx?Tela=ext&descTipo=IPE&CodigoInstituicao=1&numProtocolo=1289603&numSequencia=814329&numVersao=2
10.629.105/0001-68,PRIO S.A.,22187,2024-09-01,Valores Mobiliários negociados e detidos (art. 11 da Instr. CVM nº 358),Posição Consolidada,,,2024-10-08,AP - Apresentação,022187IPE010920240104557303-95,1,https://www.rad.cvm.gov.br/ENET/frmDownloadDocumento.aspx?Tela=ext&descTipo=IPE&CodigoInstituicao=1&numProtocolo=1289696&numSequencia=814422&numVersao=1
10.629.105/0001-68,PRIO S.A.,22187,2024-10-01,Valores Mobiliários negociados e detidos (art. 11 da Instr. CVM nº 358),Posição Consolidada,,,2024-11-08,AP - Apresentação,022187IPE011020240104560404-12,1,https://www.rad.cvm.gov.br/ENET/frmDownloadDocumento.aspx?Tela=ext&descTipo=IPE&CodigoInstituicao=1&numProtocolo=1301216&numSequencia=825942&numVersao=1
10.629.105/0001-68,PRIO S.A.,22187,2024-10-01,Valores Mobiliários negociados e detidos (art. 11 da Instr. CVM nº 358),Posição Consolidada,,,2024-11-08,RE - Reapresentação Espontânea,022187IPE011020240204560404-12,2,https://www.rad.cvm.gov.br/ENET/frmDownloadDocumento.aspx?Tela=ext&descTipo=IPE&CodigoInstituicao=1&numProtocolo=1301371&numSequencia=826097&numVersao=2
10.629.105/0001-68,PRIO S.A.,22187,2024-11-01,Valores Mobiliários negociados e detidos (art. 11 da Instr. CVM nº 358),Posição Consolidada,,,2024-12-05,AP - Apresentação,022187IPE011120240104563104-07,1,https://www.rad.cvm.gov.br/ENET/frmDownloadDocumento.aspx?Tela=ext&descTipo=IPE&CodigoInstituicao=1&numProtocolo=1311817&numSequencia=836543&numVersao=1
10.629.105/0001-68,PRIO S.A.,22187,2023-12-01,Valores Mobiliários negociados e detidos (art. 11 da Instr. CVM nº 358),"Posição Individual - Cia, Controladas e Coligadas",,,2024-01-08,AP - Apresentação,022187IPE011220230104529903-98,1,https://www.rad.cvm.gov.br/ENET/frmDownloadDocumento.aspx?Tela=ext&descTipo=IPE&CodigoInstituicao=1&numProtocolo=1181252&numSequencia=705978&numVersao=1
10.629.105/0001-68,PRIO S.A.,22187,2024-01-01,Valores Mobiliários negociados e detidos (art. 11 da Instr. CVM nº 358),"Posição Individual - Cia, Controladas e Coligadas",,,2024-02-08,AP - Apresentação,022187IPE010120240104533004-87,1,https://www.rad.cvm.gov.br/ENET/frmDownloadDocumento.aspx?Tela=ext&descTipo=IPE&CodigoInstituicao=1&numProtocolo=1191616&numSequencia=716342&numVersao=1
10.629.105/0001-68,PRIO S.A.,22187,2024-02-01,Valores Mobiliários negociados e detidos (art. 11 da Instr. CVM nº 358),"Posição Individual - Cia, Controladas e Coligadas",,,2024-03-06,AP - Apresentação,022187IPE010220240104535704-76,1,https://www.rad.cvm.gov.br/ENET/frmDownloadDocumento.aspx?Tela=ext&descTipo=IPE&CodigoInstituicao=1&numProtocolo=1203788&numSequencia=728514&numVersao=1
10.629.105/0001-68,PRIO S.A.,22187,2024-03-01,Valores Mobiliários negociados e detidos (art. 11 da Instr. CVM nº 358),"Posição Individual - Cia, Controladas e Coligadas",,,2024-04-04,AP - Apresentação,022187IPE010320240104538604-11,1,https://www.rad.cvm.gov.br/ENET/frmDownloadDocumento.aspx?Tela=ext&descTipo=IPE&CodigoInstituicao=1&numProtocolo=1218255&numSequencia=742981&numVersao=1
10.629.105/0001-68,PRIO S.A.,22187,2024-04-01,Valores Mobiliários negociados e detidos (art. 11 da Instr. CVM nº 358),"Posição Individual - Cia, Controladas e Coligadas",,,2024-05-08,AP - Apresentação,022187IPE010420240104542003-72,1,https://www.rad.cvm.gov.br/ENET/frmDownloadDocumento.aspx?Tela=ext&descTipo=IPE&CodigoInstituicao=1&numProtocolo=1234688&numSequencia=759414&numVersao=1
10.629.105/0001-68,PRIO S.A.,22187,2024-05-01,Valores Mobiliários negociados e detidos (art. 11 da Instr. CVM nº 358),"Posição Individual - Cia, Controladas e Coligadas",,,2024-06-10,AP - Apresentação,022187IPE010520240104545304-08,1,https://www.rad.cvm.gov.br/ENET/frmDownloadDocumento.aspx?Tela=ext&descTipo=IPE&CodigoInstituicao=1&numProtocolo=1248467&numSequencia=773193&numVersao=1
10.629.105/0001-68,PRIO S.A.,22187,2024-06-01,Valores Mobiliários negociados e detidos (art. 11 da Instr. CVM nº 358),"Posição Individual - Cia, Controladas e Coligadas",,,2024-07-08,AP - Apresentação,022187IPE010620240104548103-70,1,https://www.rad.cvm.gov.br/ENET/frmDownloadDocumento.aspx?Tela=ext&descTipo=IPE&CodigoInstituicao=1&numProtocolo=1257606&numSequencia=782332&numVersao=1
10.629.105/0001-68,PRIO S.A.,22187,2024-07-01,Valores Mobiliários negociados e detidos (art. 11 da Instr. CVM nº 358),"Posição Individual - Cia, Controladas e Coligadas",,,2024-08-08,AP - Apresentação,022187IPE010720240104551203-45,1,https://www.rad.cvm.gov.br/ENET/frmDownloadDocumento.aspx?Tela=ext&descTipo=IPE&CodigoInstituicao=1&numProtocolo=1268911&numSequencia=793637&numVersao=1
10.629.105/0001-68,PRIO S.A.,22187,2024-08-01,Valores Mobiliários negociados e detidos (art. 11 da Instr. CVM nº 358),"Posição Individual - Cia, Controladas e Coligadas",,,2024-09-09,AP - Apresentação,022187IPE010820240104554404-72,1,https://www.rad.cvm.gov.br/ENET/frmDownloadDocumento.aspx?Tela=ext&descTipo=IPE&CodigoInstituicao=1&numProtocolo=1280304&numSequencia=805030&numVersao=1
10.629.105/0001-68,PRIO S.A.,22187,2024-09-01,Valores Mobiliários negociados e detidos (art. 11 da Instr. CVM nº 358),"Posição Individual - Cia, Controladas e Coligadas",,,2024-10-08,AP - Apresentação,022187IPE010920240104557304-26,1,https://www.rad.cvm.gov.br/ENET/frmDownloadDocumento.aspx?Tela=ext&descTipo=IPE&CodigoInstituicao=1&numProtocolo=1289693&numSequencia=814419&numVersao=1
10.629.105/0001-68,PRIO S.A.,22187,2024-10-01,Valores Mobiliários negociados e detidos (art. 11 da Instr. CVM nº 358),"Posição Individual - Cia, Controladas e Coligadas",,,2024-11-08,AP - Apresentação,022187IPE011020240104560403-72,1,https://www.rad.cvm.gov.br/ENET/frmDownloadDocumento.aspx?Tela=ext&descTipo=IPE&CodigoInstituicao=1&numProtocolo=1301207&numSequencia=825933&numVersao=1
10.629.105/0001-68,PRIO S.A.,22187,2024-11-01,Valores Mobiliários negociados e detidos (art. 11 da Instr. CVM nº 358),"Posição Individual - Cia, Controladas e Coligadas",,,2024-12-05,AP - Apresentação,022187IPE011120240104563104-35,1,https://www.rad.cvm.gov.br/ENET/frmDownloadDocumento.aspx?Tela=ext&descTipo=IPE&CodigoInstituicao=1&numProtocolo=1311815&numSequencia=836541&numVersao=1
10.629.105/0001-68,PRIO S.A.,22187,2025-04-17,Assembleia,AGO,Ata,Destinação dos Resultados||Remuneração dos Administradores e Conselheiros||Tomada de Contas-Votação do Relatório da Administração e das Demonstrações Financeiras,2025-04-17,AP - Apresentação,022187IPE170420250103671189-66,1,https://www.rad.cvm.gov.br/ENET/frmDownloadDocumento.aspx?Tela=ext&descTipo=IPE&CodigoInstituicao=1&numProtocolo=1362870&numSequencia=887596&numVersao=1
10.629.105/0001-68,PRIO S.A.,22187,2025-04-17,Assembleia,AGO,Boletim de voto a distância,,2025-03-17,AP - Apresentação,022187IPE170420250104573313-43,1,https://www.rad.cvm.gov.br/ENET/frmDownloadDocumento.aspx?Tela=ext&descTipo=IPE&CodigoInstituicao=1&numProtocolo=1347878&numSequencia=872604&numVersao=1
10.629.105/0001-68,PRIO S.A.,22187,2025-04-17,Assembleia,AGO,Edital de Convocação,Deliberar sobre a instalação do Conselho Fiscal da Companhia||Destinação dos Resultados||Eleger os membros do Conselho Fiscal da Companhia||Remuneração dos Administradores e Conselheiros||Tomada de Contas-Votação do Relatório da Administração e das Demonstrações Financeiras,2025-03-17,AP - Apresentação,022187IPE170420250104573312-95,1,https://www.rad.cvm.gov.br/ENET/frmDownloadDocumento.aspx?Tela=ext&descTipo=IPE&CodigoInstituicao=1&numProtocolo=1347871&numSequencia=872597&numVersao=1
10.629.105/0001-68,PRIO S.A.,22187,2025-04-17,Assembleia,AGO,Edital de Convocação,Deliberar sobre a instalação do Conselho Fiscal da Companhia||Destinação dos Resultados||Eleger os membros do Conselho Fiscal da Companhia||Remuneração dos Administradores e Conselheiros||Tomada de Contas-Votação do Relatório da Administração e das Demonstrações Financeiras,2025-03-26,RE - Reapresentação Espontânea,022187IPE170420250204573312-95,2,https://www.rad.cvm.gov.br/ENET/frmDownloadDocumento.aspx?Tela=ext&descTipo=IPE&CodigoInstituicao=1&numProtocolo=1352091&numSequencia=876817&numVersao=2
10.629.105/0001-68,PRIO S.A.,22187,2025-04-17,Assembleia,AGO,Manual para participação,,2025-03-17,AP - Apresentação,022187IPE170420250104573313-23,1,https://www.rad.cvm.gov.br/ENET/frmDownloadDocumento.aspx?Tela=ext&descTipo=IPE&CodigoInstituicao=1&numProtocolo=1347872&numSequencia=872598&numVersao=1
10.629.105/0001-68,PRIO S.A.,22187,2025-04-17,Assembleia,AGO,Mapa consolidado de voto a distância,Mapa sintético consolidado de voto a distância,2025-04-16,AP - Apresentação,022187IPE170420250163977982-16,1,https://www.rad.cvm.gov.br/ENET/frmDownloadDocumento.aspx?Tela=ext&descTipo=IPE&CodigoInstituicao=1&numProtocolo=1361851&numSequencia=886577&numVersao=1
10.629.105/0001-68,PRIO S.A.,22187,2025-04-17,Assembleia,AGO,Mapa final de votação detalhado,Mapa Final de Votação Detalhado,2025-04-22,AP - Apresentação,022187IPE170420250182561901-36,1,https://www.rad.cvm.gov.br/ENET/frmDownloadDocumento.aspx?Tela=ext&descTipo=IPE&CodigoInstituicao=1&numProtocolo=1363532&numSequencia=888258&numVersao=1
10.629.105/0001-68,PRIO S.A.,22187,2025-04-17,Assembleia,AGO,Mapa Final de Votação Resumido,Mapa final resumido,2025-04-17,AP - Apresentação,022187IPE170420250151471501-93,1,https://www.rad.cvm.gov.br/ENET/frmDownloadDocumento.aspx?Tela=ext&descTipo=IPE&CodigoInstituicao=1&numProtocolo=1362872&numSequencia=887598&numVersao=1
10.629.105/0001-68,PRIO S.A.,22187,2025-04-17,Assembleia,AGO,Proposta da Administração,Deliberar sobre a instalação do Conselho Fiscal da Companhia||Destinação dos Resultados||Eleger os membros do Conselho Fiscal da Companhia||Remuneração dos Administradores e Conselheiros||Tomada de Contas-Votação do Relatório da Administração e das Demonstrações Financeiras,2025-03-17,AP - Apresentação,022187IPE170420250104573313-06,1,https://www.rad.cvm.gov.br/ENET/frmDownloadDocumento.aspx?Tela=ext&descTipo=IPE&CodigoInstituicao=1&numProtocolo=1347866&numSequencia=872592&numVersao=1
10.629.105/0001-68,PRIO S.A.,22187,2025-01-02,Aviso aos Acionistas,Aumento de capital por subscrição privada deliberado em RCA,,,2025-01-02,AP - Apresentação,022187IPE020120250104565905-66,1,https://www.rad.cvm.gov.br/ENET/frmDownloadDocumento.aspx?Tela=ext&descTipo=IPE&CodigoInstituicao=1&numProtocolo=1321007&numSequencia=845733&numVersao=1
10.629.105/0001-68,PRIO S.A.,22187,2025-04-17,Aviso aos Acionistas,Data prevista para a assembleia,,Data prevista para a assembleia,2025-01-07,AP - Apresentação,022187IPE170420250104566411-66,1,https://www.rad.cvm.gov.br/ENET/frmDownloadDocumento.aspx?Tela=ext&descTipo=IPE&CodigoInstituicao=1&numProtocolo=1322741&numSequencia=847467&numVersao=1
10.629.105/0001-68,PRIO S.A.,22187,2025-02-28,Aviso aos Acionistas,Outros avisos,,Aumento de Capital Mediante Capitalização de Reserva,2025-02-28,AP - Apresentação,022187IPE280220250104571613-08,1,https://www.rad.cvm.gov.br/ENET/frmDownloadDocumento.aspx?Tela=ext&descTipo=IPE&CodigoInstituicao=1&numProtocolo=1341605&numSequencia=866331&numVersao=1
10.629.105/0001-68,PRIO S.A.,22187,2025-10-28,Aviso aos Acionistas,Outros avisos,,Aumento de Capital Mediante Capitalização de Reserva,2025-10-28,AP - Apresentação,022187IPE281020250131915209-88,1,https://www.rad.cvm.gov.br/ENET/frmDownloadDocumento.aspx?Tela=ext&descTipo=IPE&CodigoInstituicao=1&numProtocolo=1436708&numSequencia=961420&numVersao=1
10.629.105/0001-68,PRIO S.A.,22187,2025-12-31,Calendário de Eventos Corporativos,,,,2025-02-07,RE - Reapresentação Espontânea,022187IPE311220250204563403-51,2,https://www.rad.cvm.gov.br/ENET/frmDownloadDocumento.aspx?Tela=ext&descTipo=IPE&CodigoInstituicao=1&numProtocolo=1331755&numSequencia=856481&numVersao=2
10.629.105/0001-68,PRIO S.A.,22187,2025-12-31,Calendário de Eventos Corporativos,,,,2025-07-17,RE - Reapresentação Espontânea,022187IPE311220250393864492-80,3,https://www.rad.cvm.gov.br/ENET/frmDownloadDocumento.aspx?Tela=ext&descTipo=IPE&CodigoInstituicao=1&numProtocolo=1401774&numSequencia=926486&numVersao=3
10.629.105/0001-68,PRIO S.A.,22187,2026-12-31,Calendário de Eventos Corporativos,,,,2025-12-09,AP - Apresentação,022187IPE311220260168598747-57,1,https://www.rad.cvm.gov.br/ENET/frmDownloadDocumento.aspx?Tela=ext&descTipo=IPE&CodigoInstituicao=1&numProtocolo=1454864&numSequencia=979576&numVersao=1
10.629.105/0001-68,PRIO S.A.,22187,2025-12-17,Código de Conduta,,,,2025-12-18,AP - Apresentação,022187IPE171220250111741842-68,1,https://www.rad.cvm.gov.br/ENET/frmDownloadDocumento.aspx?Tela=ext&descTipo=IPE&CodigoInstituicao=1&numProtocolo=1459003&numSequencia=983715&numVersao=1
10.629.105/0001-68,PRIO S.A.,22187,2025-03-14,Comunicado ao Mercado,Apresentações a analistas/agentes do mercado,,Apresentação de Resultados 4T24 e 2024,2025-03-14,AP - Apresentação,022187IPE140320250104573011-09,1,https://www.rad.cvm.gov.br/ENET/frmDownloadDocumento.aspx?Tela=ext&descTipo=IPE&CodigoInstituicao=1&numProtocolo=1347042&numSequencia=871768&numVersao=1
10.629.105/0001-68,PRIO S.A.,22187,2025-05-07,Comunicado ao Mercado,Apresentações a analistas/agentes do mercado,,Apresentação de Resultados 1T25,2025-05-07,AP - Apresentação,022187IPE070520250110270672-60,1,https://www.rad.cvm.gov.br/ENET/frmDownloadDocumento.aspx?Tela=ext&descTipo=IPE&CodigoInstituicao=1&numProtocolo=1373279&numSequencia=897991&numVersao=1
10.629.105/0001-68,PRIO S.A.,22187,2025-08-06,Comunicado ao Mercado,Apresentações a analistas/agentes do mercado,,Apresentação de Resultados 2T25,2025-08-06,AP - Apresentação,022187IPE060820250172791119-90,1,https://www.rad.cvm.gov.br/ENET/frmDownloadDocumento.aspx?Tela=ext&descTipo=IPE&CodigoInstituicao=1&numProtocolo=1408657&numSequencia=933369&numVersao=1
10.629.105/0001-68,PRIO S.A.,22187,2025-11-05,Comunicado ao Mercado,Apresentações a analistas/agentes do mercado,,Apresentação de Resultados 3T25,2025-11-05,AP - Apresentação,022187IPE051120250142476386-92,1,https://www.rad.cvm.gov.br/ENET/frmDownloadDocumento.aspx?Tela=ext&descTipo=IPE&CodigoInstituicao=1&numProtocolo=1440014&numSequencia=964726&numVersao=1
10.629.105/0001-68,PRIO S.A.,22187,2025-12-08,Comunicado ao Mercado,Apresentações a analistas/agentes do mercado,,Apresentação PRIO DAY 2025,2025-12-09,AP - Apresentação,022187IPE081220250114424765-44,1,https://www.rad.cvm.gov.br/ENET/frmDownloadDocumento.aspx?Tela=ext&descTipo=IPE&CodigoInstituicao=1&numProtocolo=1454457&numSequencia=979169&numVersao=1
10.629.105/0001-68,PRIO S.A.,22187,2025-01-03,Comunicado ao Mercado,Aquisição/Alienação de Participação Acionária (art. 12 da Instr. CVM nº 358),"Declaração de Alienação de Participação Acionária Relevante - Art.12, §4º, da Instrução CVM nº358/02",,2025-01-03,AP - Apresentação,022187IPE030120250104566011-22,1,https://www.rad.cvm.gov.br/ENET/frmDownloadDocumento.aspx?Tela=ext&descTipo=IPE&CodigoInstituicao=1&numProtocolo=1321750&numSequencia=846476&numVersao=1
10.629.105/0001-68,PRIO S.A.,22187,2025-03-17,Comunicado ao Mercado,Aquisição/Alienação de Participação Acionária (art. 12 da Instr. CVM nº 358),"Declaração de Alienação de Participação Acionária Relevante - Art.12, §4º, da Instrução CVM nº358/02",,2025-03-17,AP - Apresentação,022187IPE170320250104573311-41,1,https://www.rad.cvm.gov.br/ENET/frmDownloadDocumento.aspx?Tela=ext&descTipo=IPE&CodigoInstituicao=1&numProtocolo=1347704&numSequencia=872430&numVersao=1
10.629.105/0001-68,PRIO S.A.,22187,2025-03-24,Comunicado ao Mercado,Aquisição/Alienação de Participação Acionária (art. 12 da Instr. CVM nº 358),"Declaração de Alienação de Participação Acionária Relevante - Art.12, §4º, da Instrução CVM nº358/02",,2025-03-24,AP - Apresentação,022187IPE240320250104574011-07,1,https://www.rad.cvm.gov.br/ENET/frmDownloadDocumento.aspx?Tela=ext&descTipo=IPE&CodigoInstituicao=1&numProtocolo=1350515&numSequencia=875241&numVersao=1
10.629.105/0001-68,PRIO S.A.,22187,2025-04-07,Comunicado ao Mercado,Aquisição/Alienação de Participação Acionária (art. 12 da Instr. CVM nº 358),"Declaração de Alienação de Participação Acionária Relevante - Art.12, §4º, da Instrução CVM nº358/02",,2025-04-07,AP - Apresentação,022187IPE070420250104575411-18,1,https://www.rad.cvm.gov.br/ENET/frmDownloadDocumento.aspx?Tela=ext&descTipo=IPE&CodigoInstituicao=1&numProtocolo=1358535&numSequencia=883261&numVersao=1
10.629.105/0001-68,PRIO S.A.,22187,2025-07-18,Comunicado ao Mercado,Aquisição/Alienação de Participação Acionária (art. 12 da Instr. CVM nº 358),"Declaração de Alienação de Participação Acionária Relevante - Art.12, §4º, da Instrução CVM nº358/02",,2025-07-18,AP - Apresentação,022187IPE180720250158650249-94,1,https://www.rad.cvm.gov.br/ENET/frmDownloadDocumento.aspx?Tela=ext&descTipo=IPE&CodigoInstituicao=1&numProtocolo=1402218&numSequencia=926930&numVersao=1
10.629.105/0001-68,PRIO S.A.,22187,2025-10-13,Comunicado ao Mercado,Aquisição/Alienação de Participação Acionária (art. 12 da Instr. CVM nº 358),"Declaração de Alienação de Participação Acionária Relevante - Art.12, §4º, da Instrução CVM nº358/02",,2025-10-13,AP - Apresentação,022187IPE131020250179379307-87,1,https://www.rad.cvm.gov.br/ENET/frmDownloadDocumento.aspx?Tela=ext&descTipo=IPE&CodigoInstituicao=1&numProtocolo=1432140&numSequencia=956852&numVersao=1
10.629.105/0001-68,PRIO S.A.,22187,2025-10-13,Comunicado ao Mercado,Aquisição/Alienação de Participação Acionária (art. 12 da Instr. CVM nº 358),"Declaração de Alienação de Participação Acionária Relevante - Art.12, §4º, da Instrução CVM nº358/02",,2025-10-13,AP - Apresentação,022187IPE131020250146145536-09,1,https://www.rad.cvm.gov.br/ENET/frmDownloadDocumento.aspx?Tela=ext&descTipo=IPE&CodigoInstituicao=1&numProtocolo=1432289&numSequencia=957001&numVersao=1
10.629.105/0001-68,PRIO S.A.,22187,2025-11-06,Comunicado ao Mercado,Aquisição/Alienação de Participação Acionária (art. 12 da Instr. CVM nº 358),"Declaração de Alienação de Participação Acionária Relevante - Art.12, §4º, da Instrução CVM nº358/02",,2025-11-06,AP - Apresentação,022187IPE061120250157458182-78,1,https://www.rad.cvm.gov.br/ENET/frmDownloadDocumento.aspx?Tela=ext&descTipo=IPE&CodigoInstituicao=1&numProtocolo=1440663&numSequencia=965375&numVersao=1
10.629.105/0001-68,PRIO S.A.,22187,2025-11-25,Comunicado ao Mercado,Aquisição/Alienação de Participação Acionária (art. 12 da Instr. CVM nº 358),"Declaração de Alienação de Participação Acionária Relevante - Art.12, §4º, da Instrução CVM nº358/02",,2025-11-25,AP - Apresentação,022187IPE251120250139589932-41,1,https://www.rad.cvm.gov.br/ENET/frmDownloadDocumento.aspx?Tela=ext&descTipo=IPE&CodigoInstituicao=1&numProtocolo=1449417&numSequencia=974129&numVersao=1
10.629.105/0001-68,PRIO S.A.,22187,2025-03-10,Comunicado ao Mercado,Aquisição/Alienação de Participação Acionária (art. 12 da Instr. CVM nº 358),Declaração de Aquisição de Participação Acionária Relevante - Art.12 da Instrução CVM nº358/02,,2025-03-10,AP - Apresentação,022187IPE100320250104572611-01,1,https://www.rad.cvm.gov.br/ENET/frmDownloadDocumento.aspx?Tela=ext&descTipo=IPE&CodigoInstituicao=1&numProtocolo=1344667&numSequencia=869393&numVersao=1
10.629.105/0001-68,PRIO S.A.,22187,2025-03-18,Comunicado ao Mercado,Aquisição/Alienação de Participação Acionária (art. 12 da Instr. CVM nº 358),Declaração de Aquisição de Participação Acionária Relevante - Art.12 da Instrução CVM nº358/02,,2025-03-18,AP - Apresentação,022187IPE180320250104573411-13,1,https://www.rad.cvm.gov.br/ENET/frmDownloadDocumento.aspx?Tela=ext&descTipo=IPE&CodigoInstituicao=1&numProtocolo=1348232&numSequencia=872958&numVersao=1
10.629.105/0001-68,PRIO S.A.,22187,2025-04-04,Comunicado ao Mercado,Aquisição/Alienação de Participação Acionária (art. 12 da Instr. CVM nº 358),Declaração de Aquisição de Participação Acionária Relevante - Art.12 da Instrução CVM nº358/02,,2025-04-04,AP - Apresentação,022187IPE040420250104575112-81,1,https://www.rad.cvm.gov.br/ENET/frmDownloadDocumento.aspx?Tela=ext&descTipo=IPE&CodigoInstituicao=1&numProtocolo=1358131&numSequencia=882857&numVersao=1
10.629.105/0001-68,PRIO S.A.,22187,2025-04-09,Comunicado ao Mercado,Aquisição/Alienação de Participação Acionária (art. 12 da Instr. CVM nº 358),Declaração de Aquisição de Participação Acionária Relevante - Art.12 da Instrução CVM nº358/02,,2025-04-09,AP - Apresentação,022187IPE090420250104575611-43,1,https://www.rad.cvm.gov.br/ENET/frmDownloadDocumento.aspx?Tela=ext&descTipo=IPE&CodigoInstituicao=1&numProtocolo=1359624&numSequencia=884350&numVersao=1
10.629.105/0001-68,PRIO S.A.,22187,2025-04-22,Comunicado ao Mercado,Aquisição/Alienação de Participação Acionária (art. 12 da Instr. CVM nº 358),Declaração de Aquisição de Participação Acionária Relevante - Art.12 da Instrução CVM nº358/02,,2025-04-22,AP - Apresentação,022187IPE220420250106014754-02,1,https://www.rad.cvm.gov.br/ENET/frmDownloadDocumento.aspx?Tela=ext&descTipo=IPE&CodigoInstituicao=1&numProtocolo=1363657&numSequencia=888383&numVersao=1
10.629.105/0001-68,PRIO S.A.,22187,2025-11-04,Comunicado ao Mercado,Aquisição/Alienação de Participação Acionária (art. 12 da Instr. CVM nº 358),Declaração de Aquisição de Participação Acionária Relevante - Art.12 da Instrução CVM nº358/02,,2025-11-04,AP - Apresentação,022187IPE041120250100558834-29,1,https://www.rad.cvm.gov.br/ENET/frmDownloadDocumento.aspx?Tela=ext&descTipo=IPE&CodigoInstituicao=1&numProtocolo=1439473&numSequencia=964185&numVersao=1
10.629.105/0001-68,PRIO S.A.,22187,2025-12-22,Comunicado ao Mercado,Aquisição/Alienação de Participação Acionária (art. 12 da Instr. CVM nº 358),Declaração de Aquisição de Participação Acionária Relevante - Art.12 da Instrução CVM nº358/02,,2025-12-22,AP - Apresentação,022187IPE221220250193922862-48,1,https://www.rad.cvm.gov.br/ENET/frmDownloadDocumento.aspx?Tela=ext&descTipo=IPE&CodigoInstituicao=1&numProtocolo=1460031&numSequencia=984737&numVersao=1
10.629.105/0001-68,PRIO S.A.,22187,2025-12-22,Comunicado ao Mercado,Aquisição/Alienação de Participação Acionária (art. 12 da Instr. CVM nº 358),Declaração de Aquisição de Participação Acionária Relevante - Art.12 da Instrução CVM nº358/02,,2025-12-22,AP - Apresentação,022187IPE221220250194309610-39,1,https://www.rad.cvm.gov.br/ENET/frmDownloadDocumento.aspx?Tela=ext&descTipo=IPE&CodigoInstituicao=1&numProtocolo=1460405&numSequencia=985111&numVersao=1
10.629.105/0001-68,PRIO S.A.,22187,2025-04-04,Comunicado ao Mercado,Esclarecimentos sobre questionamentos da CVM/B3,,Negociações atípicas de valores mobiliários,2025-04-04,AP - Apresentação,022187IPE040420250104575111-42,1,https://www.rad.cvm.gov.br/ENET/frmDownloadDocumento.aspx?Tela=ext&descTipo=IPE&CodigoInstituicao=1&numProtocolo=1358005&numSequencia=882731&numVersao=1
10.629.105/0001-68,PRIO S.A.,22187,2025-06-25,Comunicado ao Mercado,Esclarecimentos sobre questionamentos da CVM/B3,,Notícia Divulgada na Mídia,2025-06-25,AP - Apresentação,022187IPE250620250132857726-33,1,https://www.rad.cvm.gov.br/ENET/frmDownloadDocumento.aspx?Tela=ext&descTipo=IPE&CodigoInstituicao=1&numProtocolo=1394122&numSequencia=918834&numVersao=1
10.629.105/0001-68,PRIO S.A.,22187,2025-03-31,Comunicado ao Mercado,"Mudança de Auditor (art. 28, Instr. CVM nº308/99)",,,2025-04-16,AP - Apresentação,022187IPE310320250143145189-80,1,https://www.rad.cvm.gov.br/ENET/frmDownloadDocumento.aspx?Tela=ext&descTipo=IPE&CodigoInstituicao=1&numProtocolo=1362236&numSequencia=886962&numVersao=1
10.629.105/0001-68,PRIO S.A.,22187,2025-01-07,Comunicado ao Mercado,Outros Comunicados Não Considerados Fatos Relevantes,,Dados Operacionais - Dezembro/24,2025-01-07,AP - Apresentação,022187IPE070120250104566411-63,1,https://www.rad.cvm.gov.br/ENET/frmDownloadDocumento.aspx?Tela=ext&descTipo=IPE&CodigoInstituicao=1&numProtocolo=1322732&numSequencia=847458&numVersao=1
10.629.105/0001-68,PRIO S.A.,22187,2025-02-04,Comunicado ao Mercado,Outros Comunicados Não Considerados Fatos Relevantes,,Dados Operacionais - Janeiro 2025,2025-02-04,AP - Apresentação,022187IPE040220250104569211-70,1,https://www.rad.cvm.gov.br/ENET/frmDownloadDocumento.aspx?Tela=ext&descTipo=IPE&CodigoInstituicao=1&numProtocolo=1330295&numSequencia=855021&numVersao=1
10.629.105/0001-68,PRIO S.A.,22187,2025-03-10,Comunicado ao Mercado,Outros Comunicados Não Considerados Fatos Relevantes,,Dados Operacionais - Fevereiro/25,2025-03-10,AP - Apresentação,022187IPE100320250104572611-50,1,https://www.rad.cvm.gov.br/ENET/frmDownloadDocumento.aspx?Tela=ext&descTipo=IPE&CodigoInstituicao=1&numProtocolo=1344719&numSequencia=869445&numVersao=1
10.629.105/0001-68,PRIO S.A.,22187,2025-04-03,Comunicado ao Mercado,Outros Comunicados Não Considerados Fatos Relevantes,,Dados Operacionais - Março/2025,2025-04-03,AP - Apresentação,022187IPE030420250104575011-32,1,https://www.rad.cvm.gov.br/ENET/frmDownloadDocumento.aspx?Tela=ext&descTipo=IPE&CodigoInstituicao=1&numProtocolo=1357447&numSequencia=882173&numVersao=1
10.629.105/0001-68,PRIO S.A.,22187,2025-04-03,Comunicado ao Mercado,Outros Comunicados Não Considerados Fatos Relevantes,,Dados Operacionais - Março/2025,2025-04-04,RE - Reapresentação Espontânea,022187IPE030420250204572011-32,2,https://www.rad.cvm.gov.br/ENET/frmDownloadDocumento.aspx?Tela=ext&descTipo=IPE&CodigoInstituicao=1&numProtocolo=1358011&numSequencia=882737&numVersao=2
10.629.105/0001-68,PRIO S.A.,22187,2025-05-06,Comunicado ao Mercado,Outros Comunicados Não Considerados Fatos Relevantes,,Dados Operacionais - Abril/2025,2025-05-06,AP - Apresentação,022187IPE060520250186488837-95,1,https://www.rad.cvm.gov.br/ENET/frmDownloadDocumento.aspx?Tela=ext&descTipo=IPE&CodigoInstituicao=1&numProtocolo=1372916&numSequencia=897628&numVersao=1
10.629.105/0001-68,PRIO S.A.,22187,2025-06-04,Comunicado ao Mercado,Outros Comunicados Não Considerados Fatos Relevantes,,Dados Operacionais - Maio/2025,2025-06-04,AP - Apresentação,022187IPE040620250127723595-92,1,https://www.rad.cvm.gov.br/ENET/frmDownloadDocumento.aspx?Tela=ext&descTipo=IPE&CodigoInstituicao=1&numProtocolo=1386865&numSequencia=911577&numVersao=1
10.629.105/0001-68,PRIO S.A.,22187,2025-06-30,Comunicado ao Mercado,Outros Comunicados Não Considerados Fatos Relevantes,,Publicação do Relatório de Sustentabilidade 2024,2025-06-30,AP - Apresentação,022187IPE300620250111078336-91,1,https://www.rad.cvm.gov.br/ENET/frmDownloadDocumento.aspx?Tela=ext&descTipo=IPE&CodigoInstituicao=1&numProtocolo=1395736&numSequencia=920448&numVersao=1
10.629.105/0001-68,PRIO S.A.,22187,2025-07-03,Comunicado ao Mercado,Outros Comunicados Não Considerados Fatos Relevantes,,Dados Operacionais - Junho/2025,2025-07-03,AP - Apresentação,022187IPE030720250164939007-97,1,https://www.rad.cvm.gov.br/ENET/frmDownloadDocumento.aspx?Tela=ext&descTipo=IPE&CodigoInstituicao=1&numProtocolo=1397790&numSequencia=922502&numVersao=1
10.629.105/0001-68,PRIO S.A.,22187,2025-08-04,Comunicado ao Mercado,Outros Comunicados Não Considerados Fatos Relevantes,,Dados Operacionais - Julho/2025,2025-08-04,AP - Apresentação,022187IPE040820250140049396-72,1,https://www.rad.cvm.gov.br/ENET/frmDownloadDocumento.aspx?Tela=ext&descTipo=IPE&CodigoInstituicao=1&numProtocolo=1407469&numSequencia=932181&numVersao=1
10.629.105/0001-68,PRIO S.A.,22187,2025-09-03,Comunicado ao Mercado,Outros Comunicados Não Considerados Fatos Relevantes,,Dados Operacionais - Agosto/2025,2025-09-03,AP - Apresentação,022187IPE030920250177234903-09,1,https://www.rad.cvm.gov.br/ENET/frmDownloadDocumento.aspx?Tela=ext&descTipo=IPE&CodigoInstituicao=1&numProtocolo=1419847&numSequencia=944559&numVersao=1
10.629.105/0001-68,PRIO S.A.,22187,2025-10-06,Comunicado ao Mercado,Outros Comunicados Não Considerados Fatos Relevantes,,Dados Operacionais - Setembro/2025,2025-10-06,AP - Apresentação,022187IPE061020250122244410-90,1,https://www.rad.cvm.gov.br/ENET/frmDownloadDocumento.aspx?Tela=ext&descTipo=IPE&CodigoInstituicao=1&numProtocolo=1430039&numSequencia=954751&numVersao=1
10.629.105/0001-68,PRIO S.A.,22187,2025-11-04,Comunicado ao Mercado,Outros Comunicados Não Considerados Fatos Relevantes,,Dados Operacionais - Outubro/2025,2025-11-04,AP - Apresentação,022187IPE041120250145235420-91,1,https://www.rad.cvm.gov.br/ENET/frmDownloadDocumento.aspx?Tela=ext&descTipo=IPE&CodigoInstituicao=1&numProtocolo=1439610&numSequencia=964322&numVersao=1
10.629.105/0001-68,PRIO S.A.,22187,2025-12-02,Comunicado ao Mercado,Outros Comunicados Não Considerados Fatos Relevantes,,Dados Operacionais - Novembro/2025,2025-12-02,AP - Apresentação,022187IPE021220250114268222-13,1,https://www.rad.cvm.gov.br/ENET/frmDownloadDocumento.aspx?Tela=ext&descTipo=IPE&CodigoInstituicao=1&numProtocolo=1451955&numSequencia=976667&numVersao=1
10.629.105/0001-68,PRIO S.A.,22187,2024-12-31,Dados Econômico-Financeiros,Demonstrações Financeiras Anuais Completas,,,2025-03-13,AP - Apresentação,022187IPE311220240104572911-97,1,https://www.rad.cvm.gov.br/ENET/frmDownloadDocumento.aspx?Tela=ext&descTipo=IPE&CodigoInstituicao=1&numProtocolo=1346661&numSequencia=871387&numVersao=1
10.629.105/0001-68,PRIO S.A.,22187,2025-03-31,Dados Econômico-Financeiros,Demonstrações Financeiras Intermediárias,,Versão em português,2025-05-06,AP - Apresentação,022187IPE310320250121401479-76,1,https://www.rad.cvm.gov.br/ENET/frmDownloadDocumento.aspx?Tela=ext&descTipo=IPE&CodigoInstituicao=1&numProtocolo=1372959&numSequencia=897671&numVersao=1
10.629.105/0001-68,PRIO S.A.,22187,2025-06-30,Dados Econômico-Financeiros,Demonstrações Financeiras Intermediárias,,Versão em português,2025-08-05,AP - Apresentação,022187IPE300620250152630799-03,1,https://www.rad.cvm.gov.br/ENET/frmDownloadDocumento.aspx?Tela=ext&descTipo=IPE&CodigoInstituicao=1&numProtocolo=1408370&numSequencia=933082&numVersao=1
10.629.105/0001-68,PRIO S.A.,22187,2025-09-30,Dados Econômico-Financeiros,Demonstrações Financeiras Intermediárias,,Versão em português,2025-11-04,AP - Apresentação,022187IPE300920250182614067-52,1,https://www.rad.cvm.gov.br/ENET/frmDownloadDocumento.aspx?Tela=ext&descTipo=IPE&CodigoInstituicao=1&numProtocolo=1439704&numSequencia=964416&numVersao=1
10.629.105/0001-68,PRIO S.A.,22187,2024-12-31,Dados Econômico-Financeiros,Press-release,,Release de Resultados - 4T24 &amp 2024 (Português),2025-03-13,AP - Apresentação,022187IPE311220240104572912-64,1,https://www.rad.cvm.gov.br/ENET/frmDownloadDocumento.aspx?Tela=ext&descTipo=IPE&CodigoInstituicao=1&numProtocolo=1346685&numSequencia=871411&numVersao=1
10.629.105/0001-68,PRIO S.A.,22187,2024-12-31,Dados Econômico-Financeiros,Press-release,,Release de Resultados - 4T24 &amp 2024 (Inglês),2025-03-13,AP - Apresentação,022187IPE311220240104572912-61,1,https://www.rad.cvm.gov.br/ENET/frmDownloadDocumento.aspx?Tela=ext&descTipo=IPE&CodigoInstituicao=1&numProtocolo=1346692&numSequencia=871418&numVersao=1
10.629.105/0001-68,PRIO S.A.,22187,2025-03-31,Dados Econômico-Financeiros,Press-release,,Release de Resultados - 1T25 (Português),2025-05-06,AP - Apresentação,022187IPE310320250136180520-52,1,https://www.rad.cvm.gov.br/ENET/frmDownloadDocumento.aspx?Tela=ext&descTipo=IPE&CodigoInstituicao=1&numProtocolo=1372915&numSequencia=897627&numVersao=1
10.629.105/0001-68,PRIO S.A.,22187,2025-03-31,Dados Econômico-Financeiros,Press-release,,Release de Resultados - 1T25 (Inglês),2025-05-06,AP - Apresentação,022187IPE310320250186348623-58,1,https://www.rad.cvm.gov.br/ENET/frmDownloadDocumento.aspx?Tela=ext&descTipo=IPE&CodigoInstituicao=1&numProtocolo=1372923&numSequencia=897635&numVersao=1
10.629.105/0001-68,PRIO S.A.,22187,2025-06-30,Dados Econômico-Financeiros,Press-release,,Release de Resultados - 2T25 (Português),2025-08-05,AP - Apresentação,022187IPE300620250144040620-56,1,https://www.rad.cvm.gov.br/ENET/frmDownloadDocumento.aspx?Tela=ext&descTipo=IPE&CodigoInstituicao=1&numProtocolo=1408289&numSequencia=933001&numVersao=1
10.629.105/0001-68,PRIO S.A.,22187,2025-06-30,Dados Econômico-Financeiros,Press-release,,Release de Resultados - 2T25 (Inglês),2025-08-05,AP - Apresentação,022187IPE300620250112323622-91,1,https://www.rad.cvm.gov.br/ENET/frmDownloadDocumento.aspx?Tela=ext&descTipo=IPE&CodigoInstituicao=1&numProtocolo=1408290&numSequencia=933002&numVersao=1
10.629.105/0001-68,PRIO S.A.,22187,2025-09-30,Dados Econômico-Financeiros,Press-release,,Release de Resultados - 3T25 (Português),2025-11-04,AP - Apresentação,022187IPE300920250182008539-09,1,https://www.rad.cvm.gov.br/ENET/frmDownloadDocumento.aspx?Tela=ext&descTipo=IPE&CodigoInstituicao=1&numProtocolo=1439622&numSequencia=964334&numVersao=1
10.629.105/0001-68,PRIO S.A.,22187,2025-09-30,Dados Econômico-Financeiros,Press-release,,Release de Resultados - 3T25 (Inglês),2025-11-04,AP - Apresentação,022187IPE300920250181291837-75,1,https://www.rad.cvm.gov.br/ENET/frmDownloadDocumento.aspx?Tela=ext&descTipo=IPE&CodigoInstituicao=1&numProtocolo=1439626&numSequencia=964338&numVersao=1
10.629.105/0001-68,PRIO S.A.,22187,2025-05-07,Dados Econômico-Financeiros,Relatório de Agência de Rating,,Relatório de Rating (S&ampP),2025-05-07,AP - Apresentação,022187IPE070520250108372854-73,1,https://www.rad.cvm.gov.br/ENET/frmDownloadDocumento.aspx?Tela=ext&descTipo=IPE&CodigoInstituicao=1&numProtocolo=1373478&numSequencia=898190&numVersao=1
10.629.105/0001-68,PRIO S.A.,22187,2025-05-07,Dados Econômico-Financeiros,Relatório de Agência de Rating,,Relatório de Rating (Fitch),2025-05-07,AP - Apresentação,022187IPE070520250185388913-74,1,https://www.rad.cvm.gov.br/ENET/frmDownloadDocumento.aspx?Tela=ext&descTipo=IPE&CodigoInstituicao=1&numProtocolo=1373479&numSequencia=898191&numVersao=1
10.629.105/0001-68,PRIO S.A.,22187,2025-05-12,Dados Econômico-Financeiros,Relatório de Agência de Rating,,Relatório de Rating (Moody),2025-05-12,AP - Apresentação,022187IPE120520250187473512-83,1,https://www.rad.cvm.gov.br/ENET/frmDownloadDocumento.aspx?Tela=ext&descTipo=IPE&CodigoInstituicao=1&numProtocolo=1376428&numSequencia=901140&numVersao=1
10.629.105/0001-68,PRIO S.A.,22187,2025-10-01,Dados Econômico-Financeiros,Relatório de Agência de Rating,,Relatório de Rating - Fitch: Emissão de Notas Representativa de Divida e Oferta de Recompra,2025-10-01,AP - Apresentação,022187IPE011020250166349719-21,1,https://www.rad.cvm.gov.br/ENET/frmDownloadDocumento.aspx?Tela=ext&descTipo=IPE&CodigoInstituicao=1&numProtocolo=1428483&numSequencia=953195&numVersao=1
10.629.105/0001-68,PRIO S.A.,22187,2025-12-13,Dados Econômico-Financeiros,Relatório de Agência de Rating,,Relatório de Rating - S&ampP Global Upgrade Ratings da PRIO para brAAA,2025-11-13,AP - Apresentação,022187IPE131220250105230169-88,1,https://www.rad.cvm.gov.br/ENET/frmDownloadDocumento.aspx?Tela=ext&descTipo=IPE&CodigoInstituicao=1&numProtocolo=1444929&numSequencia=969641&numVersao=1
10.629.105/0001-68,PRIO S.A.,22187,2025-11-13,Dados Econômico-Financeiros,Relatório de Agência de Rating,,Relatório de Rating: S&ampP Global Prio Upgraded To BB,2025-11-13,AP - Apresentação,022187IPE131120250110371374-33,1,https://www.rad.cvm.gov.br/ENET/frmDownloadDocumento.aspx?Tela=ext&descTipo=IPE&CodigoInstituicao=1&numProtocolo=1445036&numSequencia=969748&numVersao=1
10.629.105/0001-68,PRIO S.A.,22187,2025-11-14,Dados Econômico-Financeiros,Relatório de Agência de Rating,,Relatório de Rating: Fitch Ratings eleva PRIO para BB+,2025-11-14,AP - Apresentação,022187IPE141120250161804554-71,1,https://www.rad.cvm.gov.br/ENET/frmDownloadDocumento.aspx?Tela=ext&descTipo=IPE&CodigoInstituicao=1&numProtocolo=1445972&numSequencia=970684&numVersao=1
10.629.105/0001-68,PRIO S.A.,22187,2025-01-02,Fato Relevante,,,Aumento de Capital por Exercício de Opções de Compra de Ações,2025-01-02,AP - Apresentação,022187IPE020120250104565905-86,1,https://www.rad.cvm.gov.br/ENET/frmDownloadDocumento.aspx?Tela=ext&descTipo=IPE&CodigoInstituicao=1&numProtocolo=1321008&numSequencia=845734&numVersao=1
10.629.105/0001-68,PRIO S.A.,22187,2025-02-05,Fato Relevante,,,5ª Emissão Debêntures,2025-02-05,AP - Apresentação,022187IPE050220250104569312-98,1,https://www.rad.cvm.gov.br/ENET/frmDownloadDocumento.aspx?Tela=ext&descTipo=IPE&CodigoInstituicao=1&numProtocolo=1330969&numSequencia=855695&numVersao=1
10.629.105/0001-68,PRIO S.A.,22187,2025-02-06,Fato Relevante,,,Esclarecimentos sobre notícia veiculada na mídia,2025-02-06,AP - Apresentação,022187IPE060220250104569414-27,1,https://www.rad.cvm.gov.br/ENET/frmDownloadDocumento.aspx?Tela=ext&descTipo=IPE&CodigoInstituicao=1&numProtocolo=1331530&numSequencia=856256&numVersao=1
10.629.105/0001-68,PRIO S.A.,22187,2025-02-28,Fato Relevante,,,Licença de Perfuração de Wahoo,2025-02-28,AP - Apresentação,022187IPE280220250104571612-94,1,https://www.rad.cvm.gov.br/ENET/frmDownloadDocumento.aspx?Tela=ext&descTipo=IPE&CodigoInstituicao=1&numProtocolo=1341592&numSequencia=866318&numVersao=1
10.629.105/0001-68,PRIO S.A.,22187,2025-02-28,Fato Relevante,,,Aumento de Capital Mediante Capitalização de Reserva,2025-02-28,AP - Apresentação,022187IPE280220250104571613-27,1,https://www.rad.cvm.gov.br/ENET/frmDownloadDocumento.aspx?Tela=ext&descTipo=IPE&CodigoInstituicao=1&numProtocolo=1341610&numSequencia=866336&numVersao=1
10.629.105/0001-68,PRIO S.A.,22187,2025-02-28,Fato Relevante,,,Liquidação da 5ª Emissão de Debêntures,2025-02-28,AP - Apresentação,022187IPE280220250104571613-61,1,https://www.rad.cvm.gov.br/ENET/frmDownloadDocumento.aspx?Tela=ext&descTipo=IPE&CodigoInstituicao=1&numProtocolo=1341616&numSequencia=866342&numVersao=1
10.629.105/0001-68,PRIO S.A.,22187,2025-03-13,Fato Relevante,,,Certificação de Reservas 2025,2025-03-13,AP - Apresentação,022187IPE130320250104572912-12,1,https://www.rad.cvm.gov.br/ENET/frmDownloadDocumento.aspx?Tela=ext&descTipo=IPE&CodigoInstituicao=1&numProtocolo=1346657&numSequencia=871383&numVersao=1
10.629.105/0001-68,PRIO S.A.,22187,2025-04-24,Fato Relevante,,,Anuência do Ibama para workover dos poços no Campo de Tubarão Martelo,2025-04-24,AP - Apresentação,022187IPE240420250167652782-15,1,https://www.rad.cvm.gov.br/ENET/frmDownloadDocumento.aspx?Tela=ext&descTipo=IPE&CodigoInstituicao=1&numProtocolo=1365146&numSequencia=889872&numVersao=1
10.629.105/0001-68,PRIO S.A.,22187,2025-05-01,Fato Relevante,,,Aquisição de Participações no Campo de Peregrino,2025-05-01,RE - Reapresentação Espontânea,022187IPE010520250388638434-69,3,https://www.rad.cvm.gov.br/ENET/frmDownloadDocumento.aspx?Tela=ext&descTipo=IPE&CodigoInstituicao=1&numProtocolo=1370712&numSequencia=895424&numVersao=3
10.629.105/0001-68,PRIO S.A.,22187,2025-06-23,Fato Relevante,,,6ª Emissão Debêntures,2025-06-23,AP - Apresentação,022187IPE230620250110780746-34,1,https://www.rad.cvm.gov.br/ENET/frmDownloadDocumento.aspx?Tela=ext&descTipo=IPE&CodigoInstituicao=1&numProtocolo=1393122&numSequencia=917834&numVersao=1
10.629.105/0001-68,PRIO S.A.,22187,2025-07-04,Fato Relevante,,,Aditamento 6ª Emissão Debêntures,2025-07-04,AP - Apresentação,022187IPE040720250163468245-83,1,https://www.rad.cvm.gov.br/ENET/frmDownloadDocumento.aspx?Tela=ext&descTipo=IPE&CodigoInstituicao=1&numProtocolo=1398118&numSequencia=922830&numVersao=1
10.629.105/0001-68,PRIO S.A.,22187,2025-07-16,Fato Relevante,,,Liquidação da 6ª Emissão de Debêntures,2025-07-16,AP - Apresentação,022187IPE160720250122419228-90,1,https://www.rad.cvm.gov.br/ENET/frmDownloadDocumento.aspx?Tela=ext&descTipo=IPE&CodigoInstituicao=1&numProtocolo=1401445&numSequencia=926157&numVersao=1
10.629.105/0001-68,PRIO S.A.,22187,2025-07-18,Fato Relevante,,,Licença Prévia - Wahoo,2025-07-18,AP - Apresentação,022187IPE180720250180413615-36,1,https://www.rad.cvm.gov.br/ENET/frmDownloadDocumento.aspx?Tela=ext&descTipo=IPE&CodigoInstituicao=1&numProtocolo=1402130&numSequencia=926842&numVersao=1
10.629.105/0001-68,PRIO S.A.,22187,2025-08-18,Fato Relevante,,,Parada do Campo de Peregrino,2025-08-18,AP - Apresentação,022187IPE180820250138772089-88,1,https://www.rad.cvm.gov.br/ENET/frmDownloadDocumento.aspx?Tela=ext&descTipo=IPE&CodigoInstituicao=1&numProtocolo=1414426&numSequencia=939138&numVersao=1
10.629.105/0001-68,PRIO S.A.,22187,2025-09-15,Fato Relevante,,,Licença de Instalação - Wahoo,2025-09-15,AP - Apresentação,022187IPE150920250155553997-89,1,https://www.rad.cvm.gov.br/ENET/frmDownloadDocumento.aspx?Tela=ext&descTipo=IPE&CodigoInstituicao=1&numProtocolo=1423622&numSequencia=948334&numVersao=1
10.629.105/0001-68,PRIO S.A.,22187,2025-10-01,Fato Relevante,,,Emissão de Notas Representativa de Divida e Oferta de Recompra,2025-10-01,AP - Apresentação,022187IPE011020250181710852-02,1,https://www.rad.cvm.gov.br/ENET/frmDownloadDocumento.aspx?Tela=ext&descTipo=IPE&CodigoInstituicao=1&numProtocolo=1428150&numSequencia=952862&numVersao=1
10.629.105/0001-68,PRIO S.A.,22187,2025-10-01,Fato Relevante,,,Emissão de Notas Representativa de Divida e Oferta de Recompra,2025-10-01,RE - Reapresentação Espontânea,022187IPE011020250237521269-87,2,https://www.rad.cvm.gov.br/ENET/frmDownloadDocumento.aspx?Tela=ext&descTipo=IPE&CodigoInstituicao=1&numProtocolo=1428221&numSequencia=952933&numVersao=2
10.629.105/0001-68,PRIO S.A.,22187,2025-10-06,Fato Relevante,,,Emissão de Notas Representativas de Dívida | Pricing,2025-10-06,AP - Apresentação,022187IPE061020250159538465-13,1,https://www.rad.cvm.gov.br/ENET/frmDownloadDocumento.aspx?Tela=ext&descTipo=IPE&CodigoInstituicao=1&numProtocolo=1429976&numSequencia=954688&numVersao=1
10.629.105/0001-68,PRIO S.A.,22187,2025-10-08,Fato Relevante,,,Resultado da Oferta de Recompra de Notas Representativas de Dívida,2025-10-08,AP - Apresentação,022187IPE081020250187589837-44,1,https://www.rad.cvm.gov.br/ENET/frmDownloadDocumento.aspx?Tela=ext&descTipo=IPE&CodigoInstituicao=1&numProtocolo=1430550&numSequencia=955262&numVersao=1
10.629.105/0001-68,PRIO S.A.,22187,2025-10-17,Fato Relevante,,,Retomada de Produção do Campo de Peregrino,2025-10-17,AP - Apresentação,022187IPE171020250141430880-23,1,https://www.rad.cvm.gov.br/ENET/frmDownloadDocumento.aspx?Tela=ext&descTipo=IPE&CodigoInstituicao=1&numProtocolo=1433538&numSequencia=958250&numVersao=1
10.629.105/0001-68,PRIO S.A.,22187,2025-10-28,Fato Relevante,,,Aumento de Capital Mediante Capitalização de Reserva,2025-10-28,AP - Apresentação,022187IPE281020250111469570-67,1,https://www.rad.cvm.gov.br/ENET/frmDownloadDocumento.aspx?Tela=ext&descTipo=IPE&CodigoInstituicao=1&numProtocolo=1436710&numSequencia=961422&numVersao=1
10.629.105/0001-68,PRIO S.A.,22187,2025-11-11,Fato Relevante,,,Conclusão da Aquisição de 40% e Operação do Campo de Peregrino,2025-11-11,AP - Apresentação,022187IPE111120250123513566-10,1,https://www.rad.cvm.gov.br/ENET/frmDownloadDocumento.aspx?Tela=ext&descTipo=IPE&CodigoInstituicao=1&numProtocolo=1443557&numSequencia=968269&numVersao=1
10.629.105/0001-68,PRIO S.A.,22187,2025-12-17,Fato Relevante,,,Cancelamento de Ações em Tesouraria,2025-12-17,AP - Apresentação,022187IPE171220250143629582-11,1,https://www.rad.cvm.gov.br/ENET/frmDownloadDocumento.aspx?Tela=ext&descTipo=IPE&CodigoInstituicao=1&numProtocolo=1458847&numSequencia=983559&numVersao=1
10.629.105/0001-68,PRIO S.A.,22187,2025-12-17,Fato Relevante,,,Programa de Recompra de Ações,2025-12-17,AP - Apresentação,022187IPE171220250116742405-49,1,https://www.rad.cvm.gov.br/ENET/frmDownloadDocumento.aspx?Tela=ext&descTipo=IPE&CodigoInstituicao=1&numProtocolo=1458848&numSequencia=983560&numVersao=1
10.629.105/0001-68,PRIO S.A.,22187,2025-12-17,Política de Divulgação de Ato ou Fato Relevante,,,,2025-12-18,AP - Apresentação,022187IPE171220250170936481-67,1,https://www.rad.cvm.gov.br/ENET/frmDownloadDocumento.aspx?Tela=ext&descTipo=IPE&CodigoInstituicao=1&numProtocolo=1458999&numSequencia=983711&numVersao=1
10.629.105/0001-68,PRIO S.A.,22187,2025-12-17,Política de indicação,,,,2025-12-18,AP - Apresentação,022187IPE171220250117194012-74,1,https://www.rad.cvm.gov.br/ENET/frmDownloadDocumento.aspx?Tela=ext&descTipo=IPE&CodigoInstituicao=1&numProtocolo=1459002&numSequencia=983714&numVersao=1
10.629.105/0001-68,PRIO S.A.,22187,2025-12-17,Política de Negociação de Valores Mobiliários,,,,2025-12-18,AP - Apresentação,022187IPE171220250188265616-79,1,https://www.rad.cvm.gov.br/ENET/frmDownloadDocumento.aspx?Tela=ext&descTipo=IPE&CodigoInstituicao=1&numProtocolo=1458998&numSequencia=983710&numVersao=1
10.629.105/0001-68,PRIO S.A.,22187,2025-12-17,Política de Remuneração,,,,2025-12-18,AP - Apresentação,022187IPE171220250180541207-87,1,https://www.rad.cvm.gov.br/ENET/frmDownloadDocumento.aspx?Tela=ext&descTipo=IPE&CodigoInstituicao=1&numProtocolo=1459001&numSequencia=983713&numVersao=1
10.629.105/0001-68,PRIO S.A.,22187,2025-12-17,Política de Transações entre Partes Relacionadas,,,,2025-12-18,AP - Apresentação,022187IPE171220250182176537-80,1,https://www.rad.cvm.gov.br/ENET/frmDownloadDocumento.aspx?Tela=ext&descTipo=IPE&CodigoInstituicao=1&numProtocolo=1459000&numSequencia=983712&numVersao=1
10.629.105/0001-68,PRIO S.A.,22187,2025-12-17,Regimento interno de Comitês,,,Regimento Interno Comitê de Ética e Compliance,2025-12-18,AP - Apresentação,022187IPE171220250112463961-17,1,https://www.rad.cvm.gov.br/ENET/frmDownloadDocumento.aspx?Tela=ext&descTipo=IPE&CodigoInstituicao=1&numProtocolo=1458996&numSequencia=983708&numVersao=1
10.629.105/0001-68,PRIO S.A.,22187,2025-12-17,Regimento interno de Comitês,,,Regimento Interno Comitê de Indicação,2025-12-18,AP - Apresentação,022187IPE171220250148009934-82,1,https://www.rad.cvm.gov.br/ENET/frmDownloadDocumento.aspx?Tela=ext&descTipo=IPE&CodigoInstituicao=1&numProtocolo=1459014&numSequencia=983726&numVersao=1
10.629.105/0001-68,PRIO S.A.,22187,2025-12-17,Regimento interno de Comitês,,,Regimento Interno Comitê de Sustentabilidade,2025-12-18,AP - Apresentação,022187IPE171220250170804587-41,1,https://www.rad.cvm.gov.br/ENET/frmDownloadDocumento.aspx?Tela=ext&descTipo=IPE&CodigoInstituicao=1&numProtocolo=1459015&numSequencia=983727&numVersao=1
10.629.105/0001-68,PRIO S.A.,22187,2025-12-17,Regimento interno de Comitês,,,Regimento Interno Comitê de Remuneração,2025-12-18,AP - Apresentação,022187IPE171220250197754105-33,1,https://www.rad.cvm.gov.br/ENET/frmDownloadDocumento.aspx?Tela=ext&descTipo=IPE&CodigoInstituicao=1&numProtocolo=1459016&numSequencia=983728&numVersao=1
10.629.105/0001-68,PRIO S.A.,22187,2025-12-17,Regimento Interno do Comitê de Auditoria Estatutário,,,,2025-12-18,AP - Apresentação,022187IPE171220250150302161-62,1,https://www.rad.cvm.gov.br/ENET/frmDownloadDocumento.aspx?Tela=ext&descTipo=IPE&CodigoInstituicao=1&numProtocolo=1458995&numSequencia=983707&numVersao=1
10.629.105/0001-68,PRIO S.A.,22187,2025-12-17,Regimento interno do Conselho de Administração,,,,2025-12-18,AP - Apresentação,022187IPE171220250123704017-30,1,https://www.rad.cvm.gov.br/ENET/frmDownloadDocumento.aspx?Tela=ext&descTipo=IPE&CodigoInstituicao=1&numProtocolo=1458997&numSequencia=983709&numVersao=1
10.629.105/0001-68,PRIO S.A.,22187,2024-12-31,Relatório de Sustentabilidade,,,,2025-06-30,AP - Apresentação,022187IPE311220240133005639-83,1,https://www.rad.cvm.gov.br/ENET/frmDownloadDocumento.aspx?Tela=ext&descTipo=IPE&CodigoInstituicao=1&numProtocolo=1395720&numSequencia=920432&numVersao=1
10.629.105/0001-68,PRIO S.A.,22187,2025-01-02,Reunião da Administração,Conselho de Administração,Ata,Aumento de Capital por Exercício de Opções de Compra de Ações,2025-01-02,AP - Apresentação,022187IPE020120250104565905-60,1,https://www.rad.cvm.gov.br/ENET/frmDownloadDocumento.aspx?Tela=ext&descTipo=IPE&CodigoInstituicao=1&numProtocolo=1321002&numSequencia=845728&numVersao=1
10.629.105/0001-68,PRIO S.A.,22187,2025-02-05,Reunião da Administração,Conselho de Administração,Ata,Ata RCA 5ª Emissão Debêntures,2025-02-05,AP - Apresentação,022187IPE050220250104569312-96,1,https://www.rad.cvm.gov.br/ENET/frmDownloadDocumento.aspx?Tela=ext&descTipo=IPE&CodigoInstituicao=1&numProtocolo=1330968&numSequencia=855694&numVersao=1
10.629.105/0001-68,PRIO S.A.,22187,2025-02-25,Reunião da Administração,Conselho de Administração,Ata,Aprovação de aumento do capital social da Companhia mediante capitalização de Reserva Estatutária de Investimentos.,2025-02-28,AP - Apresentação,022187IPE250220250104571613-16,1,https://www.rad.cvm.gov.br/ENET/frmDownloadDocumento.aspx?Tela=ext&descTipo=IPE&CodigoInstituicao=1&numProtocolo=1341602&numSequencia=866328&numVersao=1
10.629.105/0001-68,PRIO S.A.,22187,2025-03-12,Reunião da Administração,Conselho de Administração,Ata,Divulgação das Demonstrações Financeiras relativas ao exercício social findo em 31 de dezembro de 2024||Eleição de Diretor Estatutário (Diretor de Novos Negócios e Comercialização)||Reeleição dos membros da Diretoria Estatutária||Reeleição dos membros do Comitê de Auditoria Estatutário||Reeleição dos membros do Comitê de Indicação,2025-03-20,AP - Apresentação,022187IPE120320250104573611-25,1,https://www.rad.cvm.gov.br/ENET/frmDownloadDocumento.aspx?Tela=ext&descTipo=IPE&CodigoInstituicao=1&numProtocolo=1349398&numSequencia=874124&numVersao=1
10.629.105/0001-68,PRIO S.A.,22187,2025-03-14,Reunião da Administração,Conselho de Administração,Ata,"(i) a submissão, à Assembleia Geral Ordinária, das demonstrações financeiras relativas ao exercício social de 2024||(ii) a proposta de destinação do lucro líquido da Companhia apurado no exercício social encerrado em 31 de dezembro de 2024||(iii) a proposta de manutenção do Conselho Fiscal da Companhia e de correspondente chapa de candidatos para mandato unificado de um ano||(iv) a proposta de limite do montante da remuneração global anual dos administradores da Companhia||(v) a proposta do montante da remuneração global anual dos membros do Conselho Fiscal||(vi) a convocação da Assembleia Geral Ordinária da Companhia.",2025-03-25,AP - Apresentação,022187IPE140320250104574111-89,1,https://www.rad.cvm.gov.br/ENET/frmDownloadDocumento.aspx?Tela=ext&descTipo=IPE&CodigoInstituicao=1&numProtocolo=1351327&numSequencia=876053&numVersao=1
10.629.105/0001-68,PRIO S.A.,22187,2025-04-10,Reunião da Administração,Conselho de Administração,Ata,Deliberação a respeito da alteração do auditor externo independente da Companhia,2025-04-17,AP - Apresentação,022187IPE100420250128218656-47,1,https://www.rad.cvm.gov.br/ENET/frmDownloadDocumento.aspx?Tela=ext&descTipo=IPE&CodigoInstituicao=1&numProtocolo=1362783&numSequencia=887509&numVersao=1
10.629.105/0001-68,PRIO S.A.,22187,2025-05-06,Reunião da Administração,Conselho de Administração,Ata,"Divulgação das Informações Contábeis Intermediárias, Individuais e Consolidadas da Companhia relativas ao primeiro trimestre do exercício social de 2025",2025-05-15,AP - Apresentação,022187IPE060520250148294742-52,1,https://www.rad.cvm.gov.br/ENET/frmDownloadDocumento.aspx?Tela=ext&descTipo=IPE&CodigoInstituicao=1&numProtocolo=1378997&numSequencia=903709&numVersao=1
10.629.105/0001-68,PRIO S.A.,22187,2025-06-10,Reunião da Administração,Conselho de Administração,Ata,Manifestação da Companhia no âmbito da Audiência restrita nº 1/2025 para reforma do Regulamento de Novo Mercado,2025-06-18,AP - Apresentação,022187IPE100620250107952397-87,1,https://www.rad.cvm.gov.br/ENET/frmDownloadDocumento.aspx?Tela=ext&descTipo=IPE&CodigoInstituicao=1&numProtocolo=1391942&numSequencia=916654&numVersao=1
10.629.105/0001-68,PRIO S.A.,22187,2025-06-23,Reunião da Administração,Conselho de Administração,Ata,Ata RCA 6ª Emissão de Debêntures,2025-06-23,AP - Apresentação,022187IPE230620250158036192-78,1,https://www.rad.cvm.gov.br/ENET/frmDownloadDocumento.aspx?Tela=ext&descTipo=IPE&CodigoInstituicao=1&numProtocolo=1393117&numSequencia=917829&numVersao=1
10.629.105/0001-68,PRIO S.A.,22187,2025-07-04,Reunião da Administração,Conselho de Administração,Ata,Aditamento - 6ª Emissão Debêntures,2025-07-04,AP - Apresentação,022187IPE040720250160952926-95,1,https://www.rad.cvm.gov.br/ENET/frmDownloadDocumento.aspx?Tela=ext&descTipo=IPE&CodigoInstituicao=1&numProtocolo=1398116&numSequencia=922828&numVersao=1
10.629.105/0001-68,PRIO S.A.,22187,2025-08-05,Reunião da Administração,Conselho de Administração,Ata,"Divulgação das Informações Contábeis Intermediárias, Individuais e Consolidadas da Companhia relativas ao segundo trimestre do exercício social de 2025.",2025-08-11,AP - Apresentação,022187IPE050820250123394617-83,1,https://www.rad.cvm.gov.br/ENET/frmDownloadDocumento.aspx?Tela=ext&descTipo=IPE&CodigoInstituicao=1&numProtocolo=1411513&numSequencia=936225&numVersao=1
10.629.105/0001-68,PRIO S.A.,22187,2025-10-01,Reunião da Administração,Conselho de Administração,Ata,Aprovar (i) a emissão de Notas Representativas de Dívida e outorga de garantia fidejussória e (ii) a oferta de recompra das Notes 2026 (Tender Offer).,2025-10-01,AP - Apresentação,022187IPE011020250108901116-83,1,https://www.rad.cvm.gov.br/ENET/frmDownloadDocumento.aspx?Tela=ext&descTipo=IPE&CodigoInstituicao=1&numProtocolo=1428480&numSequencia=953192&numVersao=1
10.629.105/0001-68,PRIO S.A.,22187,2025-10-21,Reunião da Administração,Conselho de Administração,Ata,"Aprovação de aumento do capital social da Companhia, dentro do capital autorizado, mediante capitalização de Reserva Estatutária de Investimentos||Reeleição de membros de Comitês de Assessoramento da Companhia (Comitê de Ética e Compliance, Comitê de Remuneração e Comitê de Sustentabilidade)",2025-10-28,AP - Apresentação,022187IPE211020250162838237-27,1,https://www.rad.cvm.gov.br/ENET/frmDownloadDocumento.aspx?Tela=ext&descTipo=IPE&CodigoInstituicao=1&numProtocolo=1436705&numSequencia=961417&numVersao=1
10.629.105/0001-68,PRIO S.A.,22187,2025-11-04,Reunião da Administração,Conselho de Administração,Ata,"Divulgação das Informações Contábeis Intermediárias, Individuais e Consolidadas da Companhia relativas ao terceiro trimestre do exercício social de 2025.",2025-11-10,AP - Apresentação,022187IPE041120250126029113-10,1,https://www.rad.cvm.gov.br/ENET/frmDownloadDocumento.aspx?Tela=ext&descTipo=IPE&CodigoInstituicao=1&numProtocolo=1442851&numSequencia=967563&numVersao=1
10.629.105/0001-68,PRIO S.A.,22187,2025-12-17,Reunião da Administração,Conselho de Administração,Ata,"alteração da: Política de Indicação Política de Remuneração Política de Divulgação de Informações Relevantes e Negociação de Valores Mobiliários||alteração da:Política Transação com Partes Relacionadas Política Anticorrupção Política de Prevenção e Combate à Lavagem de Dinheiro e Financiamento ao Terrorismo||alteração do Código de Ética e Conduta||alteração do prazo de mandato dos membros atuais do Comitê de Auditoria Estatutário||alteração do: Regimento Interno do Comitê de Auditoria Estatutário Regimento Interno do Comitê de Remuneração||alteração do: Regimento Interno do Comitê de Indicação Regimento Interno do Comitê de Sustentabilidade e Regimento Interno da área de Auditoria Interna||alteração do: Regimento Interno do Conselho de Administração, Regimento Interno do Comitê de Ética e Compliance||cancelamento de ações mantidas em tesouraria||implementação da Política de Direitos Humanos||instituição de programa de negociação de ações de própria emissão",2025-12-17,AP - Apresentação,022187IPE171220250191849747-98,1,https://www.rad.cvm.gov.br/ENET/frmDownloadDocumento.aspx?Tela=ext&descTipo=IPE&CodigoInstituicao=1&numProtocolo=1458846&numSequencia=983558&numVersao=1
10.629.105/0001-68,PRIO S.A.,22187,2025-02-24,Reunião da Administração,Conselho Fiscal,Ata,Emissão de parecer a respeito de proposta de aumento do capital social da Companhia.,2025-02-28,AP - Apresentação,022187IPE240220250104571612-93,1,https://www.rad.cvm.gov.br/ENET/frmDownloadDocumento.aspx?Tela=ext&descTipo=IPE&CodigoInstituicao=1&numProtocolo=1341601&numSequencia=866327&numVersao=1
10.629.105/0001-68,PRIO S.A.,22187,2025-03-12,Reunião da Administração,Conselho Fiscal,Ata,Parecer acerca das Demonstrações Financeiras,2025-03-20,AP - Apresentação,022187IPE120320250104573611-09,1,https://www.rad.cvm.gov.br/ENET/frmDownloadDocumento.aspx?Tela=ext&descTipo=IPE&CodigoInstituicao=1&numProtocolo=1349392&numSequencia=874118&numVersao=1
10.629.105/0001-68,PRIO S.A.,22187,2025-05-06,Reunião da Administração,Conselho Fiscal,Ata,Aprovação do Plano de Trabalho do Conselho Fiscal para o exercício social de 2025||Eleição do Presidente do Conselho Fiscal||Parecer acerca das Demonstrações Financeiras||Verificação do cumprimento da obrigação de comunicação da substituição dos auditores externos,2025-05-15,AP - Apresentação,022187IPE060520250183312214-65,1,https://www.rad.cvm.gov.br/ENET/frmDownloadDocumento.aspx?Tela=ext&descTipo=IPE&CodigoInstituicao=1&numProtocolo=1378998&numSequencia=903710&numVersao=1
10.629.105/0001-68,PRIO S.A.,22187,2025-08-05,Reunião da Administração,Conselho Fiscal,Ata,Parecer acerca das Demonstrações Financeiras,2025-08-11,AP - Apresentação,022187IPE050820250101519301-56,1,https://www.rad.cvm.gov.br/ENET/frmDownloadDocumento.aspx?Tela=ext&descTipo=IPE&CodigoInstituicao=1&numProtocolo=1411500&numSequencia=936212&numVersao=1
10.629.105/0001-68,PRIO S.A.,22187,2025-10-20,Reunião da Administração,Conselho Fiscal,Ata,Emissão de parecer a respeito de proposta de aumento do capital social da Companhia,2025-10-28,AP - Apresentação,022187IPE201020250128145545-52,1,https://www.rad.cvm.gov.br/ENET/frmDownloadDocumento.aspx?Tela=ext&descTipo=IPE&CodigoInstituicao=1&numProtocolo=1436704&numSequencia=961416&numVersao=1
10.629.105/0001-68,PRIO S.A.,22187,2025-11-04,Reunião da Administração,Conselho Fiscal,Ata,Parecer acerca das Demonstrações Financeiras,2025-11-10,AP - Apresentação,022187IPE041120250161551019-86,1,https://www.rad.cvm.gov.br/ENET/frmDownloadDocumento.aspx?Tela=ext&descTipo=IPE&CodigoInstituicao=1&numProtocolo=1442825&numSequencia=967537&numVersao=1
10.629.105/0001-68,PRIO S.A.,22187,2024-12-01,Valores Mobiliários negociados e detidos (art. 11 da Instr. CVM nº 358),Posição Consolidada,,,2025-01-07,AP - Apresentação,022187IPE011220240104566404-44,1,https://www.rad.cvm.gov.br/ENET/frmDownloadDocumento.aspx?Tela=ext&descTipo=IPE&CodigoInstituicao=1&numProtocolo=1322738&numSequencia=847464&numVersao=1
10.629.105/0001-68,PRIO S.A.,22187,2024-12-01,Valores Mobiliários negociados e detidos (art. 11 da Instr. CVM nº 358),Posição Consolidada,,,2025-01-08,RE - Reapresentação Espontânea,022187IPE011220240204566404-44,2,https://www.rad.cvm.gov.br/ENET/frmDownloadDocumento.aspx?Tela=ext&descTipo=IPE&CodigoInstituicao=1&numProtocolo=1323129&numSequencia=847855&numVersao=2
10.629.105/0001-68,PRIO S.A.,22187,2025-01-01,Valores Mobiliários negociados e detidos (art. 11 da Instr. CVM nº 358),Posição Consolidada,,,2025-02-05,AP - Apresentação,022187IPE010120250104569304-12,1,https://www.rad.cvm.gov.br/ENET/frmDownloadDocumento.aspx?Tela=ext&descTipo=IPE&CodigoInstituicao=1&numProtocolo=1330865&numSequencia=855591&numVersao=1
10.629.105/0001-68,PRIO S.A.,22187,2025-02-01,Valores Mobiliários negociados e detidos (art. 11 da Instr. CVM nº 358),Posição Consolidada,,,2025-03-07,AP - Apresentação,022187IPE010220250104572304-16,1,https://www.rad.cvm.gov.br/ENET/frmDownloadDocumento.aspx?Tela=ext&descTipo=IPE&CodigoInstituicao=1&numProtocolo=1343845&numSequencia=868571&numVersao=1
10.629.105/0001-68,PRIO S.A.,22187,2025-03-01,Valores Mobiliários negociados e detidos (art. 11 da Instr. CVM nº 358),Posição Consolidada,,,2025-04-08,AP - Apresentação,022187IPE010320250104575503-97,1,https://www.rad.cvm.gov.br/ENET/frmDownloadDocumento.aspx?Tela=ext&descTipo=IPE&CodigoInstituicao=1&numProtocolo=1359088&numSequencia=883814&numVersao=1
10.629.105/0001-68,PRIO S.A.,22187,2025-04-01,Valores Mobiliários negociados e detidos (art. 11 da Instr. CVM nº 358),Posição Consolidada,,,2025-05-09,AP - Apresentação,022187IPE010420250166572844-23,1,https://www.rad.cvm.gov.br/ENET/frmDownloadDocumento.aspx?Tela=ext&descTipo=IPE&CodigoInstituicao=1&numProtocolo=1375554&numSequencia=900266&numVersao=1
10.629.105/0001-68,PRIO S.A.,22187,2025-05-01,Valores Mobiliários negociados e detidos (art. 11 da Instr. CVM nº 358),Posição Consolidada,,,2025-06-05,AP - Apresentação,022187IPE010520250183014768-31,1,https://www.rad.cvm.gov.br/ENET/frmDownloadDocumento.aspx?Tela=ext&descTipo=IPE&CodigoInstituicao=1&numProtocolo=1387402&numSequencia=912114&numVersao=1
10.629.105/0001-68,PRIO S.A.,22187,2025-06-01,Valores Mobiliários negociados e detidos (art. 11 da Instr. CVM nº 358),Posição Consolidada,,,2025-07-03,AP - Apresentação,022187IPE010620250164416403-48,1,https://www.rad.cvm.gov.br/ENET/frmDownloadDocumento.aspx?Tela=ext&descTipo=IPE&CodigoInstituicao=1&numProtocolo=1397794&numSequencia=922506&numVersao=1
10.629.105/0001-68,PRIO S.A.,22187,2025-07-01,Valores Mobiliários negociados e detidos (art. 11 da Instr. CVM nº 358),Posição Consolidada,,,2025-08-06,AP - Apresentação,022187IPE010720250198492975-08,1,https://www.rad.cvm.gov.br/ENET/frmDownloadDocumento.aspx?Tela=ext&descTipo=IPE&CodigoInstituicao=1&numProtocolo=1408927&numSequencia=933639&numVersao=1
10.629.105/0001-68,PRIO S.A.,22187,2025-08-01,Valores Mobiliários negociados e detidos (art. 11 da Instr. CVM nº 358),Posição Consolidada,,,2025-09-04,AP - Apresentação,022187IPE010820250117518884-95,1,https://www.rad.cvm.gov.br/ENET/frmDownloadDocumento.aspx?Tela=ext&descTipo=IPE&CodigoInstituicao=1&numProtocolo=1420288&numSequencia=945000&numVersao=1
10.629.105/0001-68,PRIO S.A.,22187,2025-09-01,Valores Mobiliários negociados e detidos (art. 11 da Instr. CVM nº 358),Posição Consolidada,,,2025-10-06,AP - Apresentação,022187IPE010920250196506414-97,1,https://www.rad.cvm.gov.br/ENET/frmDownloadDocumento.aspx?Tela=ext&descTipo=IPE&CodigoInstituicao=1&numProtocolo=1429973&numSequencia=954685&numVersao=1
10.629.105/0001-68,PRIO S.A.,22187,2025-10-01,Valores Mobiliários negociados e detidos (art. 11 da Instr. CVM nº 358),Posição Consolidada,,,2025-11-07,AP - Apresentação,022187IPE011020250174400839-95,1,https://www.rad.cvm.gov.br/ENET/frmDownloadDocumento.aspx?Tela=ext&descTipo=IPE&CodigoInstituicao=1&numProtocolo=1441978&numSequencia=966690&numVersao=1
10.629.105/0001-68,PRIO S.A.,22187,2025-11-01,Valores Mobiliários negociados e detidos (art. 11 da Instr. CVM nº 358),Posição Consolidada,,,2025-12-09,AP - Apresentação,022187IPE011120250140793434-51,1,https://www.rad.cvm.gov.br/ENET/frmDownloadDocumento.aspx?Tela=ext&descTipo=IPE&CodigoInstituicao=1&numProtocolo=1454852&numSequencia=979564&numVersao=1
10.629.105/0001-68,PRIO S.A.,22187,2024-12-01,Valores Mobiliários negociados e detidos (art. 11 da Instr. CVM nº 358),"Posição Individual - Cia, Controladas e Coligadas",,,2025-01-07,AP - Apresentação,022187IPE011220240104566404-19,1,https://www.rad.cvm.gov.br/ENET/frmDownloadDocumento.aspx?Tela=ext&descTipo=IPE&CodigoInstituicao=1&numProtocolo=1322737&numSequencia=847463&numVersao=1
10.629.105/0001-68,PRIO S.A.,22187,2025-01-01,Valores Mobiliários negociados e detidos (art. 11 da Instr. CVM nº 358),"Posição Individual - Cia, Controladas e Coligadas",,,2025-02-05,AP - Apresentação,022187IPE010120250104569304-21,1,https://www.rad.cvm.gov.br/ENET/frmDownloadDocumento.aspx?Tela=ext&descTipo=IPE&CodigoInstituicao=1&numProtocolo=1330862&numSequencia=855588&numVersao=1
10.629.105/0001-68,PRIO S.A.,22187,2025-02-01,Valores Mobiliários negociados e detidos (art. 11 da Instr. CVM nº 358),"Posição Individual - Cia, Controladas e Coligadas",,,2025-03-07,AP - Apresentação,022187IPE010220250104572303-94,1,https://www.rad.cvm.gov.br/ENET/frmDownloadDocumento.aspx?Tela=ext&descTipo=IPE&CodigoInstituicao=1&numProtocolo=1343841&numSequencia=868567&numVersao=1
10.629.105/0001-68,PRIO S.A.,22187,2025-03-01,Valores Mobiliários negociados e detidos (art. 11 da Instr. CVM nº 358),"Posição Individual - Cia, Controladas e Coligadas",,,2025-04-08,AP - Apresentação,022187IPE010320250104575503-87,1,https://www.rad.cvm.gov.br/ENET/frmDownloadDocumento.aspx?Tela=ext&descTipo=IPE&CodigoInstituicao=1&numProtocolo=1359083&numSequencia=883809&numVersao=1
10.629.105/0001-68,PRIO S.A.,22187,2025-04-01,Valores Mobiliários negociados e detidos (art. 11 da Instr. CVM nº 358),"Posição Individual - Cia, Controladas e Coligadas",,,2025-05-09,AP - Apresentação,022187IPE010420250148208958-63,1,https://www.rad.cvm.gov.br/ENET/frmDownloadDocumento.aspx?Tela=ext&descTipo=IPE&CodigoInstituicao=1&numProtocolo=1375551&numSequencia=900263&numVersao=1
10.629.105/0001-68,PRIO S.A.,22187,2025-05-01,Valores Mobiliários negociados e detidos (art. 11 da Instr. CVM nº 358),"Posição Individual - Cia, Controladas e Coligadas",,,2025-06-05,AP - Apresentação,022187IPE010520250175008538-75,1,https://www.rad.cvm.gov.br/ENET/frmDownloadDocumento.aspx?Tela=ext&descTipo=IPE&CodigoInstituicao=1&numProtocolo=1387400&numSequencia=912112&numVersao=1
10.629.105/0001-68,PRIO S.A.,22187,2025-06-01,Valores Mobiliários negociados e detidos (art. 11 da Instr. CVM nº 358),"Posição Individual - Cia, Controladas e Coligadas",,,2025-07-03,AP - Apresentação,022187IPE010620250141915114-53,1,https://www.rad.cvm.gov.br/ENET/frmDownloadDocumento.aspx?Tela=ext&descTipo=IPE&CodigoInstituicao=1&numProtocolo=1397793&numSequencia=922505&numVersao=1
10.629.105/0001-68,PRIO S.A.,22187,2025-07-01,Valores Mobiliários negociados e detidos (art. 11 da Instr. CVM nº 358),"Posição Individual - Cia, Controladas e Coligadas",,,2025-08-06,AP - Apresentação,022187IPE010720250170848537-28,1,https://www.rad.cvm.gov.br/ENET/frmDownloadDocumento.aspx?Tela=ext&descTipo=IPE&CodigoInstituicao=1&numProtocolo=1408926&numSequencia=933638&numVersao=1
10.629.105/0001-68,PRIO S.A.,22187,2025-08-01,Valores Mobiliários negociados e detidos (art. 11 da Instr. CVM nº 358),"Posição Individual - Cia, Controladas e Coligadas",,,2025-09-04,AP - Apresentação,022187IPE010820250183524720-43,1,https://www.rad.cvm.gov.br/ENET/frmDownloadDocumento.aspx?Tela=ext&descTipo=IPE&CodigoInstituicao=1&numProtocolo=1420285&numSequencia=944997&numVersao=1
10.629.105/0001-68,PRIO S.A.,22187,2025-09-01,Valores Mobiliários negociados e detidos (art. 11 da Instr. CVM nº 358),"Posição Individual - Cia, Controladas e Coligadas",,,2025-10-06,AP - Apresentação,022187IPE010920250153701003-87,1,https://www.rad.cvm.gov.br/ENET/frmDownloadDocumento.aspx?Tela=ext&descTipo=IPE&CodigoInstituicao=1&numProtocolo=1429971&numSequencia=954683&numVersao=1
10.629.105/0001-68,PRIO S.A.,22187,2025-10-01,Valores Mobiliários negociados e detidos (art. 11 da Instr. CVM nº 358),"Posição Individual - Cia, Controladas e Coligadas",,,2025-11-07,AP - Apresentação,022187IPE011020250159631787-24,1,https://www.rad.cvm.gov.br/ENET/frmDownloadDocumento.aspx?Tela=ext&descTipo=IPE&CodigoInstituicao=1&numProtocolo=1441974&numSequencia=966686&numVersao=1
10.629.105/0001-68,PRIO S.A.,22187,2025-11-01,Valores Mobiliários negociados e detidos (art. 11 da Instr. CVM nº 358),"Posição Individual - Cia, Controladas e Coligadas",,,2025-12-09,AP - Apresentação,022187IPE011120250168430043-03,1,https://www.rad.cvm.gov.br/ENET/frmDownloadDocumento.aspx?Tela=ext&descTipo=IPE&CodigoInstituicao=1&numProtocolo=1454853&numSequencia=979565&numVersao=1
10.629.105/0001-68,PRIO S.A.,22187,2026-04-17,Assembleia,AGO,Ata,Destinação dos Resultados||Eleição de Membros dos Conselhos de Administração e Fiscal||Remuneração dos Administradores e Conselheiros||Tomada de Contas-Votação do Relatório da Administração e das Demonstrações Financeiras,2026-04-17,AP - Apresentação,022187IPE170420260170832324-33,1,https://www.rad.cvm.gov.br/ENET/frmDownloadDocumento.aspx?Tela=ext&descTipo=IPE&CodigoInstituicao=1&numProtocolo=1506345&numSequencia=1031051&numVersao=1
10.629.105/0001-68,PRIO S.A.,22187,2026-04-17,Assembleia,AGO,Boletim de voto a distância,,2026-03-17,AP - Apresentação,022187IPE170420260174675865-20,1,https://www.rad.cvm.gov.br/ENET/frmDownloadDocumento.aspx?Tela=ext&descTipo=IPE&CodigoInstituicao=1&numProtocolo=1491576&numSequencia=1016282&numVersao=1
10.629.105/0001-68,PRIO S.A.,22187,2026-04-17,Assembleia,AGO,Edital de Convocação,Destinação dos Resultados||Eleição de Membros dos Conselhos de Administração e Fiscal||Remuneração dos Administradores e Conselheiros||Tomada de Contas-Votação do Relatório da Administração e das Demonstrações Financeiras,2026-03-17,AP - Apresentação,022187IPE170420260198778123-31,1,https://www.rad.cvm.gov.br/ENET/frmDownloadDocumento.aspx?Tela=ext&descTipo=IPE&CodigoInstituicao=1&numProtocolo=1491577&numSequencia=1016283&numVersao=1
10.629.105/0001-68,PRIO S.A.,22187,2026-04-17,Assembleia,AGO,Manual para participação,,2026-03-17,AP - Apresentação,022187IPE170420260194827595-40,1,https://www.rad.cvm.gov.br/ENET/frmDownloadDocumento.aspx?Tela=ext&descTipo=IPE&CodigoInstituicao=1&numProtocolo=1491589&numSequencia=1016295&numVersao=1
10.629.105/0001-68,PRIO S.A.,22187,2026-04-17,Assembleia,AGO,Mapa consolidado de voto a distância,Mapa sintético consolidado de voto a distância,2026-04-15,AP - Apresentação,022187IPE170420260119883041-66,1,https://www.rad.cvm.gov.br/ENET/frmDownloadDocumento.aspx?Tela=ext&descTipo=IPE&CodigoInstituicao=1&numProtocolo=1505328&numSequencia=1030034&numVersao=1
10.629.105/0001-68,PRIO S.A.,22187,2026-04-17,Assembleia,AGO,Mapa final de votação detalhado,Mapa Final de Votação Detalhado,2026-04-22,AP - Apresentação,022187IPE170420260117582354-10,1,https://www.rad.cvm.gov.br/ENET/frmDownloadDocumento.aspx?Tela=ext&descTipo=IPE&CodigoInstituicao=1&numProtocolo=1507248&numSequencia=1031954&numVersao=1
10.629.105/0001-68,PRIO S.A.,22187,2026-04-17,Assembleia,AGO,Mapa Final de Votação Resumido,Mapa final resumido,2026-04-17,AP - Apresentação,022187IPE170420260130366899-65,1,https://www.rad.cvm.gov.br/ENET/frmDownloadDocumento.aspx?Tela=ext&descTipo=IPE&CodigoInstituicao=1&numProtocolo=1506350&numSequencia=1031056&numVersao=1
10.629.105/0001-68,PRIO S.A.,22187,2026-04-17,Assembleia,AGO,Proposta da Administração,Comentário dos administradores sobre a situação financeira da companhia||Destinação dos Resultados||Eleição de Membros dos Conselhos de Administração e Fiscal||Remuneração dos Administradores e Conselheiros||Tomada de Contas-Votação do Relatório da Administração e das Demonstrações Financeiras,2026-03-17,AP - Apresentação,022187IPE170420260151831092-32,1,https://www.rad.cvm.gov.br/ENET/frmDownloadDocumento.aspx?Tela=ext&descTipo=IPE&CodigoInstituicao=1&numProtocolo=1491588&numSequencia=1016294&numVersao=1
10.629.105/0001-68,PRIO S.A.,22187,2026-01-02,Aviso aos Acionistas,Aumento de capital por subscrição privada deliberado em RCA,,,2026-01-02,AP - Apresentação,022187IPE020120260158570934-63,1,https://www.rad.cvm.gov.br/ENET/frmDownloadDocumento.aspx?Tela=ext&descTipo=IPE&CodigoInstituicao=1&numProtocolo=1462996&numSequencia=987702&numVersao=1
10.629.105/0001-68,PRIO S.A.,22187,2026-01-02,Aviso aos Acionistas,Aumento de capital por subscrição privada deliberado em RCA,,,2026-01-09,RE - Reapresentação Espontânea,022187IPE020120260253588158-62,2,https://www.rad.cvm.gov.br/ENET/frmDownloadDocumento.aspx?Tela=ext&descTipo=IPE&CodigoInstituicao=1&numProtocolo=1465906&numSequencia=990612&numVersao=2
10.629.105/0001-68,PRIO S.A.,22187,2026-04-17,Aviso aos Acionistas,Data prevista para a assembleia,,Data prevista para a assembleia,2026-01-13,AP - Apresentação,022187IPE170420260123070832-83,1,https://www.rad.cvm.gov.br/ENET/frmDownloadDocumento.aspx?Tela=ext&descTipo=IPE&CodigoInstituicao=1&numProtocolo=1466875&numSequencia=991581&numVersao=1
10.629.105/0001-68,PRIO S.A.,22187,2025-12-17,Código de Conduta,,,,2026-04-09,RE - Reapresentação Espontânea,022187IPE171220250203563699-60,2,https://www.rad.cvm.gov.br/ENET/frmDownloadDocumento.aspx?Tela=ext&descTipo=IPE&CodigoInstituicao=1&numProtocolo=1503134&numSequencia=1027840&numVersao=2
10.629.105/0001-68,PRIO S.A.,22187,2026-03-11,Comunicado ao Mercado,Apresentações a analistas/agentes do mercado,,Apresentação de Resultados 4T25,2026-03-11,AP - Apresentação,022187IPE110320260199262026-98,1,https://www.rad.cvm.gov.br/ENET/frmDownloadDocumento.aspx?Tela=ext&descTipo=IPE&CodigoInstituicao=1&numProtocolo=1488847&numSequencia=1013553&numVersao=1
10.629.105/0001-68,PRIO S.A.,22187,2026-05-06,Comunicado ao Mercado,Apresentações a analistas/agentes do mercado,,Apresentação de Resultados 1T26,2026-05-06,AP - Apresentação,022187IPE060520260106492277-27,1,https://www.rad.cvm.gov.br/ENET/frmDownloadDocumento.aspx?Tela=ext&descTipo=IPE&CodigoInstituicao=1&numProtocolo=1516630&numSequencia=1041336&numVersao=1
10.629.105/0001-68,PRIO S.A.,22187,2026-03-16,Comunicado ao Mercado,Aquisição/Alienação de Participação Acionária (art. 12 da Instr. CVM nº 358),"Declaração de Alienação de Participação Acionária Relevante - Art.12, §4º, da Instrução CVM nº358/02",,2026-03-16,AP - Apresentação,022187IPE160320260158644498-21,1,https://www.rad.cvm.gov.br/ENET/frmDownloadDocumento.aspx?Tela=ext&descTipo=IPE&CodigoInstituicao=1&numProtocolo=1490562&numSequencia=1015268&numVersao=1
10.629.105/0001-68,PRIO S.A.,22187,2026-03-24,Comunicado ao Mercado,Aquisição/Alienação de Participação Acionária (art. 12 da Instr. CVM nº 358),"Declaração de Alienação de Participação Acionária Relevante - Art.12, §4º, da Instrução CVM nº358/02",,2026-03-24,AP - Apresentação,022187IPE240320260163473526-30,1,https://www.rad.cvm.gov.br/ENET/frmDownloadDocumento.aspx?Tela=ext&descTipo=IPE&CodigoInstituicao=1&numProtocolo=1494473&numSequencia=1019179&numVersao=1
10.629.105/0001-68,PRIO S.A.,22187,2026-06-25,Comunicado ao Mercado,Aquisição/Alienação de Participação Acionária (art. 12 da Instr. CVM nº 358),"Declaração de Alienação de Participação Acionária Relevante - Art.12, §4º, da Instrução CVM nº358/02",,2026-06-25,AP - Apresentação,022187IPE250620260160981617-79,1,https://www.rad.cvm.gov.br/ENET/frmDownloadDocumento.aspx?Tela=ext&descTipo=IPE&CodigoInstituicao=1&numProtocolo=1538237&numSequencia=1062943&numVersao=1
10.629.105/0001-68,PRIO S.A.,22187,2026-04-13,Comunicado ao Mercado,Aquisição/Alienação de Participação Acionária (art. 12 da Instr. CVM nº 358),Declaração de Aquisição de Participação Acionária Relevante - Art.12 da Instrução CVM nº358/02,,2026-04-13,AP - Apresentação,022187IPE130420260177012719-47,1,https://www.rad.cvm.gov.br/ENET/frmDownloadDocumento.aspx?Tela=ext&descTipo=IPE&CodigoInstituicao=1&numProtocolo=1504379&numSequencia=1029085&numVersao=1
10.629.105/0001-68,PRIO S.A.,22187,2026-01-05,Comunicado ao Mercado,Outros Comunicados Não Considerados Fatos Relevantes,,Dados Operacionais - Dezembro/2025,2026-01-05,AP - Apresentação,022187IPE050120260164579526-47,1,https://www.rad.cvm.gov.br/ENET/frmDownloadDocumento.aspx?Tela=ext&descTipo=IPE&CodigoInstituicao=1&numProtocolo=1463736&numSequencia=988442&numVersao=1
10.629.105/0001-68,PRIO S.A.,22187,2026-02-03,Comunicado ao Mercado,Outros Comunicados Não Considerados Fatos Relevantes,,Dados Operacionais - Janeiro/2026,2026-02-03,AP - Apresentação,022187IPE030220260102680121-40,1,https://www.rad.cvm.gov.br/ENET/frmDownloadDocumento.aspx?Tela=ext&descTipo=IPE&CodigoInstituicao=1&numProtocolo=1472622&numSequencia=997328&numVersao=1
10.629.105/0001-68,PRIO S.A.,22187,2026-03-03,Comunicado ao Mercado,Outros Comunicados Não Considerados Fatos Relevantes,,Dados Operacionais - Fevereiro/2026,2026-03-03,AP - Apresentação,022187IPE030320260100751559-92,1,https://www.rad.cvm.gov.br/ENET/frmDownloadDocumento.aspx?Tela=ext&descTipo=IPE&CodigoInstituicao=1&numProtocolo=1484802&numSequencia=1009508&numVersao=1
10.629.105/0001-68,PRIO S.A.,22187,2026-04-01,Comunicado ao Mercado,Outros Comunicados Não Considerados Fatos Relevantes,,Dados Operacionais - Março/2026,2026-04-01,AP - Apresentação,022187IPE010420260161795902-54,1,https://www.rad.cvm.gov.br/ENET/frmDownloadDocumento.aspx?Tela=ext&descTipo=IPE&CodigoInstituicao=1&numProtocolo=1500068&numSequencia=1024774&numVersao=1
10.629.105/0001-68,PRIO S.A.,22187,2026-05-04,Comunicado ao Mercado,Outros Comunicados Não Considerados Fatos Relevantes,,Dados Operacionais - Abril/2026,2026-05-04,AP - Apresentação,022187IPE040520260102893356-81,1,https://www.rad.cvm.gov.br/ENET/frmDownloadDocumento.aspx?Tela=ext&descTipo=IPE&CodigoInstituicao=1&numProtocolo=1515430&numSequencia=1040136&numVersao=1
10.629.105/0001-68,PRIO S.A.,22187,2026-06-03,Comunicado ao Mercado,Outros Comunicados Não Considerados Fatos Relevantes,,Dados Operacionais - Maio/2026,2026-06-03,AP - Apresentação,022187IPE030620260168462496-40,1,https://www.rad.cvm.gov.br/ENET/frmDownloadDocumento.aspx?Tela=ext&descTipo=IPE&CodigoInstituicao=1&numProtocolo=1530510&numSequencia=1055216&numVersao=1
10.629.105/0001-68,PRIO S.A.,22187,2026-06-25,Comunicado ao Mercado,Outros Comunicados Não Considerados Fatos Relevantes,,Publicação do Relatório de Sustentabilidade 2025,2026-06-25,AP - Apresentação,022187IPE250620260131708442-12,1,https://www.rad.cvm.gov.br/ENET/frmDownloadDocumento.aspx?Tela=ext&descTipo=IPE&CodigoInstituicao=1&numProtocolo=1538565&numSequencia=1063271&numVersao=1
10.629.105/0001-68,PRIO S.A.,22187,2026-07-02,Comunicado ao Mercado,Outros Comunicados Não Considerados Fatos Relevantes,,Dados Operacionais - Junho/2026,2026-07-02,AP - Apresentação,022187IPE020720260182064791-64,1,https://www.rad.cvm.gov.br/ENET/frmDownloadDocumento.aspx?Tela=ext&descTipo=IPE&CodigoInstituicao=1&numProtocolo=1541251&numSequencia=1065957&numVersao=1
10.629.105/0001-68,PRIO S.A.,22187,2026-07-02,Comunicado ao Mercado,Outros Comunicados Não Considerados Fatos Relevantes,,Renúncia de Membro Suplente do Conselho Fiscal,2026-07-02,AP - Apresentação,022187IPE020720260173407536-69,1,https://www.rad.cvm.gov.br/ENET/frmDownloadDocumento.aspx?Tela=ext&descTipo=IPE&CodigoInstituicao=1&numProtocolo=1541452&numSequencia=1066158&numVersao=1
10.629.105/0001-68,PRIO S.A.,22187,2025-12-31,Dados Econômico-Financeiros,Demonstrações Financeiras Anuais Completas,,,2026-03-10,AP - Apresentação,022187IPE311220250149954749-25,1,https://www.rad.cvm.gov.br/ENET/frmDownloadDocumento.aspx?Tela=ext&descTipo=IPE&CodigoInstituicao=1&numProtocolo=1488630&numSequencia=1013336&numVersao=1
10.629.105/0001-68,PRIO S.A.,22187,2026-03-31,Dados Econômico-Financeiros,Demonstrações Financeiras Intermediárias,,Versão em português,2026-05-05,AP - Apresentação,022187IPE310320260168779852-43,1,https://www.rad.cvm.gov.br/ENET/frmDownloadDocumento.aspx?Tela=ext&descTipo=IPE&CodigoInstituicao=1&numProtocolo=1516260&numSequencia=1040966&numVersao=1
10.629.105/0001-68,PRIO S.A.,22187,2025-12-31,Dados Econômico-Financeiros,Press-release,,Release de Resultados - 4T25 &amp 2025 (Inglês),2026-03-10,AP - Apresentação,022187IPE311220250105045360-63,1,https://www.rad.cvm.gov.br/ENET/frmDownloadDocumento.aspx?Tela=ext&descTipo=IPE&CodigoInstituicao=1&numProtocolo=1488455&numSequencia=1013161&numVersao=1
10.629.105/0001-68,PRIO S.A.,22187,2025-12-31,Dados Econômico-Financeiros,Press-release,,Release de Resultados - 4T25 &amp 2025 (Português),2026-03-10,AP - Apresentação,022187IPE311220250159583112-76,1,https://www.rad.cvm.gov.br/ENET/frmDownloadDocumento.aspx?Tela=ext&descTipo=IPE&CodigoInstituicao=1&numProtocolo=1488457&numSequencia=1013163&numVersao=1
10.629.105/0001-68,PRIO S.A.,22187,2026-03-31,Dados Econômico-Financeiros,Press-release,,Release de Resultados - 1T26 (Português),2026-05-05,AP - Apresentação,022187IPE310320260151795572-11,1,https://www.rad.cvm.gov.br/ENET/frmDownloadDocumento.aspx?Tela=ext&descTipo=IPE&CodigoInstituicao=1&numProtocolo=1516148&numSequencia=1040854&numVersao=1
10.629.105/0001-68,PRIO S.A.,22187,2026-03-31,Dados Econômico-Financeiros,Press-release,,Release de Resultados - 1T26 (Inglês),2026-05-05,AP - Apresentação,022187IPE310320260162807600-05,1,https://www.rad.cvm.gov.br/ENET/frmDownloadDocumento.aspx?Tela=ext&descTipo=IPE&CodigoInstituicao=1&numProtocolo=1516199&numSequencia=1040905&numVersao=1
10.629.105/0001-68,PRIO S.A.,22187,2026-01-26,Dados Econômico-Financeiros,Relatório de Agência de Rating,,Moody Ratings upgrades PRIO to Ba2 from Ba3,2026-01-26,AP - Apresentação,022187IPE260120260117415955-43,1,https://www.rad.cvm.gov.br/ENET/frmDownloadDocumento.aspx?Tela=ext&descTipo=IPE&CodigoInstituicao=1&numProtocolo=1470025&numSequencia=994731&numVersao=1
10.629.105/0001-68,PRIO S.A.,22187,2026-01-02,Fato Relevante,,,Aumento de Capital por Exercício de Opções de Compra de Ações,2026-01-02,AP - Apresentação,022187IPE020120260137944432-97,1,https://www.rad.cvm.gov.br/ENET/frmDownloadDocumento.aspx?Tela=ext&descTipo=IPE&CodigoInstituicao=1&numProtocolo=1462998&numSequencia=987704&numVersao=1
10.629.105/0001-68,PRIO S.A.,22187,2026-01-02,Fato Relevante,,,Aumento de Capital por Exercício de Opções de Compra de Ações,2026-01-09,RE - Reapresentação Espontânea,022187IPE020120260279551302-35,2,https://www.rad.cvm.gov.br/ENET/frmDownloadDocumento.aspx?Tela=ext&descTipo=IPE&CodigoInstituicao=1&numProtocolo=1465908&numSequencia=990614&numVersao=2
10.629.105/0001-68,PRIO S.A.,22187,2026-03-03,Fato Relevante,,,Licença de Operação - Wahoo,2026-03-03,AP - Apresentação,022187IPE030320260167960596-27,1,https://www.rad.cvm.gov.br/ENET/frmDownloadDocumento.aspx?Tela=ext&descTipo=IPE&CodigoInstituicao=1&numProtocolo=1484462&numSequencia=1009168&numVersao=1
10.629.105/0001-68,PRIO S.A.,22187,2026-03-10,Fato Relevante,,,Certificação de Reservas 2026,2026-03-10,AP - Apresentação,022187IPE100320260141758093-68,1,https://www.rad.cvm.gov.br/ENET/frmDownloadDocumento.aspx?Tela=ext&descTipo=IPE&CodigoInstituicao=1&numProtocolo=1488400&numSequencia=1013106&numVersao=1
10.629.105/0001-68,PRIO S.A.,22187,2026-03-16,Fato Relevante,,,Licença de Perfuração em Frade,2026-03-16,AP - Apresentação,022187IPE160320260142410590-09,1,https://www.rad.cvm.gov.br/ENET/frmDownloadDocumento.aspx?Tela=ext&descTipo=IPE&CodigoInstituicao=1&numProtocolo=1491005&numSequencia=1015711&numVersao=1
10.629.105/0001-68,PRIO S.A.,22187,2026-03-19,Fato Relevante,,,Start-up do Campo de Wahoo,2026-03-19,AP - Apresentação,022187IPE190320260165911844-20,1,https://www.rad.cvm.gov.br/ENET/frmDownloadDocumento.aspx?Tela=ext&descTipo=IPE&CodigoInstituicao=1&numProtocolo=1492359&numSequencia=1017065&numVersao=1
10.629.105/0001-68,PRIO S.A.,22187,2026-03-23,Fato Relevante,,,Produção do Primeiro Poço de Wahoo,2026-03-23,AP - Apresentação,022187IPE230320260153335789-68,1,https://www.rad.cvm.gov.br/ENET/frmDownloadDocumento.aspx?Tela=ext&descTipo=IPE&CodigoInstituicao=1&numProtocolo=1493458&numSequencia=1018164&numVersao=1
10.629.105/0001-68,PRIO S.A.,22187,2026-03-27,Fato Relevante,,,Produção do segundo poço de Wahoo,2026-03-27,AP - Apresentação,022187IPE270320260141534597-89,1,https://www.rad.cvm.gov.br/ENET/frmDownloadDocumento.aspx?Tela=ext&descTipo=IPE&CodigoInstituicao=1&numProtocolo=1496355&numSequencia=1021061&numVersao=1
10.629.105/0001-68,PRIO S.A.,22187,2026-04-06,Fato Relevante,,,Produção do Terceiro Poço de Wahoo,2026-04-06,AP - Apresentação,022187IPE060420260186727141-27,1,https://www.rad.cvm.gov.br/ENET/frmDownloadDocumento.aspx?Tela=ext&descTipo=IPE&CodigoInstituicao=1&numProtocolo=1501613&numSequencia=1026319&numVersao=1
10.629.105/0001-68,PRIO S.A.,22187,2026-05-05,Fato Relevante,,,Alteração na Diretoria de Operações,2026-05-05,AP - Apresentação,022187IPE050520260121699357-87,1,https://www.rad.cvm.gov.br/ENET/frmDownloadDocumento.aspx?Tela=ext&descTipo=IPE&CodigoInstituicao=1&numProtocolo=1516112&numSequencia=1040818&numVersao=1
10.629.105/0001-68,PRIO S.A.,22187,2026-06-16,Fato Relevante,,,Produção do Quarto Poço de Wahoo,2026-06-16,AP - Apresentação,022187IPE160620260123662523-48,1,https://www.rad.cvm.gov.br/ENET/frmDownloadDocumento.aspx?Tela=ext&descTipo=IPE&CodigoInstituicao=1&numProtocolo=1535182&numSequencia=1059888&numVersao=1
10.629.105/0001-68,PRIO S.A.,22187,2025-12-31,Relatório de Sustentabilidade,,,,2026-06-25,AP - Apresentação,022187IPE311220250147364112-83,1,https://www.rad.cvm.gov.br/ENET/frmDownloadDocumento.aspx?Tela=ext&descTipo=IPE&CodigoInstituicao=1&numProtocolo=1538564&numSequencia=1063270&numVersao=1
10.629.105/0001-68,PRIO S.A.,22187,2026-01-02,Reunião da Administração,Conselho de Administração,Ata,Aumento de Capital por Exercício de Opções de Compra de Ações,2026-01-02,AP - Apresentação,022187IPE020120260172870696-41,1,https://www.rad.cvm.gov.br/ENET/frmDownloadDocumento.aspx?Tela=ext&descTipo=IPE&CodigoInstituicao=1&numProtocolo=1462992&numSequencia=987698&numVersao=1
10.629.105/0001-68,PRIO S.A.,22187,2026-01-02,Reunião da Administração,Conselho de Administração,Ata,Aumento de Capital por Exercício de Opções de Compra de Ações,2026-01-09,RE - Reapresentação Espontânea,022187IPE020120260290769575-06,2,https://www.rad.cvm.gov.br/ENET/frmDownloadDocumento.aspx?Tela=ext&descTipo=IPE&CodigoInstituicao=1&numProtocolo=1465902&numSequencia=990608&numVersao=2
10.629.105/0001-68,PRIO S.A.,22187,2026-03-10,Reunião da Administração,Conselho de Administração,Ata,(i) Alteração da composição do Comitê de Ética e Compliance||(ii) Aprovação do Plano Anual de Auditoria||(iii) Divulgação de demonstrações financeiras do exercício social encerrado em 31 de dezembro de 2025,2026-03-19,AP - Apresentação,022187IPE100320260131230659-92,1,https://www.rad.cvm.gov.br/ENET/frmDownloadDocumento.aspx?Tela=ext&descTipo=IPE&CodigoInstituicao=1&numProtocolo=1492689&numSequencia=1017395&numVersao=1
10.629.105/0001-68,PRIO S.A.,22187,2026-03-16,Reunião da Administração,Conselho de Administração,Ata,"Convocação da Assembleia Geral Ordinária da Companhia.||Proposta de chapa para compor o Conselho de Administração||Proposta de destinação do lucro líquido da Companhia apurado no exercício social encerrado em 31 de dezembro de 2025||Proposta de fixação do número de membros do Conselho de Administração||Proposta de limite do montante da remuneração global anual dos administradores da Companhia||Proposta de manutenção do Conselho Fiscal da Companhia e de correspondente chapa de candidatos para mandato unificado de um ano||Proposta do montante da remuneração global anual dos membros do Conselho Fiscal||Submissão, à Assembleia Geral Ordinária, das demonstrações financeiras relativas ao exercício social de 2025",2026-03-19,AP - Apresentação,022187IPE160320260103281318-63,1,https://www.rad.cvm.gov.br/ENET/frmDownloadDocumento.aspx?Tela=ext&descTipo=IPE&CodigoInstituicao=1&numProtocolo=1492706&numSequencia=1017412&numVersao=1
10.629.105/0001-68,PRIO S.A.,22187,2026-05-04,Reunião da Administração,Conselho de Administração,Ata,"Divulgação das Informações Contábeis Intermediárias, Individuais e Consolidadas da Companhia relativas ao primeiro trimestre do exercício social de 2026||Eleição de Diretor(es)||Eleição do Presidente e do Vice-Presidente do Conselho de Administração da Companhia",2026-05-12,AP - Apresentação,022187IPE040520260166393751-57,1,https://www.rad.cvm.gov.br/ENET/frmDownloadDocumento.aspx?Tela=ext&descTipo=IPE&CodigoInstituicao=1&numProtocolo=1520753&numSequencia=1045459&numVersao=1
10.629.105/0001-68,PRIO S.A.,22187,2026-03-10,Reunião da Administração,Conselho Fiscal,Ata,Parecer acerca das Demonstrações Financeiras,2026-03-19,AP - Apresentação,022187IPE100320260160432440-64,1,https://www.rad.cvm.gov.br/ENET/frmDownloadDocumento.aspx?Tela=ext&descTipo=IPE&CodigoInstituicao=1&numProtocolo=1492687&numSequencia=1017393&numVersao=1
10.629.105/0001-68,PRIO S.A.,22187,2026-05-04,Reunião da Administração,Conselho Fiscal,Ata,Eleição do Presidente do Conselho Fiscal da Companhia||Parecer acerca das Demonstrações Financeiras,2026-05-12,AP - Apresentação,022187IPE040520260114737846-67,1,https://www.rad.cvm.gov.br/ENET/frmDownloadDocumento.aspx?Tela=ext&descTipo=IPE&CodigoInstituicao=1&numProtocolo=1520757&numSequencia=1045463&numVersao=1
10.629.105/0001-68,PRIO S.A.,22187,2025-12-01,Valores Mobiliários negociados e detidos (art. 11 da Instr. CVM nº 358),Posição Consolidada,,,2026-01-07,AP - Apresentação,022187IPE011220250197807937-58,1,https://www.rad.cvm.gov.br/ENET/frmDownloadDocumento.aspx?Tela=ext&descTipo=IPE&CodigoInstituicao=1&numProtocolo=1464815&numSequencia=989521&numVersao=1
10.629.105/0001-68,PRIO S.A.,22187,2026-01-01,Valores Mobiliários negociados e detidos (art. 11 da Instr. CVM nº 358),Posição Consolidada,,,2026-02-09,AP - Apresentação,022187IPE010120260138020295-53,1,https://www.rad.cvm.gov.br/ENET/frmDownloadDocumento.aspx?Tela=ext&descTipo=IPE&CodigoInstituicao=1&numProtocolo=1475091&numSequencia=999797&numVersao=1
10.629.105/0001-68,PRIO S.A.,22187,2026-02-01,Valores Mobiliários negociados e detidos (art. 11 da Instr. CVM nº 358),Posição Consolidada,,,2026-03-05,AP - Apresentação,022187IPE010220260131981440-23,1,https://www.rad.cvm.gov.br/ENET/frmDownloadDocumento.aspx?Tela=ext&descTipo=IPE&CodigoInstituicao=1&numProtocolo=1486118&numSequencia=1010824&numVersao=1
10.629.105/0001-68,PRIO S.A.,22187,2026-02-01,Valores Mobiliários negociados e detidos (art. 11 da Instr. CVM nº 358),Posição Consolidada,,,2026-04-10,RE - Reapresentação Espontânea,022187IPE010220260270151179-91,2,https://www.rad.cvm.gov.br/ENET/frmDownloadDocumento.aspx?Tela=ext&descTipo=IPE&CodigoInstituicao=1&numProtocolo=1503855&numSequencia=1028561&numVersao=2
10.629.105/0001-68,PRIO S.A.,22187,2026-03-01,Valores Mobiliários negociados e detidos (art. 11 da Instr. CVM nº 358),Posição Consolidada,,,2026-04-10,AP - Apresentação,022187IPE010320260133177813-92,1,https://www.rad.cvm.gov.br/ENET/frmDownloadDocumento.aspx?Tela=ext&descTipo=IPE&CodigoInstituicao=1&numProtocolo=1503861&numSequencia=1028567&numVersao=1
10.629.105/0001-68,PRIO S.A.,22187,2026-04-01,Valores Mobiliários negociados e detidos (art. 11 da Instr. CVM nº 358),Posição Consolidada,,,2026-05-07,AP - Apresentação,022187IPE010420260149483667-79,1,https://www.rad.cvm.gov.br/ENET/frmDownloadDocumento.aspx?Tela=ext&descTipo=IPE&CodigoInstituicao=1&numProtocolo=1517988&numSequencia=1042694&numVersao=1
10.629.105/0001-68,PRIO S.A.,22187,2026-05-01,Valores Mobiliários negociados e detidos (art. 11 da Instr. CVM nº 358),Posição Consolidada,,,2026-06-09,AP - Apresentação,022187IPE010520260178468026-43,1,https://www.rad.cvm.gov.br/ENET/frmDownloadDocumento.aspx?Tela=ext&descTipo=IPE&CodigoInstituicao=1&numProtocolo=1532498&numSequencia=1057204&numVersao=1
10.629.105/0001-68,PRIO S.A.,22187,2025-12-01,Valores Mobiliários negociados e detidos (art. 11 da Instr. CVM nº 358),"Posição Individual - Cia, Controladas e Coligadas",,,2026-01-07,AP - Apresentação,022187IPE011220250124888734-93,1,https://www.rad.cvm.gov.br/ENET/frmDownloadDocumento.aspx?Tela=ext&descTipo=IPE&CodigoInstituicao=1&numProtocolo=1464808&numSequencia=989514&numVersao=1
10.629.105/0001-68,PRIO S.A.,22187,2026-01-01,Valores Mobiliários negociados e detidos (art. 11 da Instr. CVM nº 358),"Posição Individual - Cia, Controladas e Coligadas",,,2026-02-10,RE - Reapresentação Espontânea,022187IPE010120260201161411-20,2,https://www.rad.cvm.gov.br/ENET/frmDownloadDocumento.aspx?Tela=ext&descTipo=IPE&CodigoInstituicao=1&numProtocolo=1475365&numSequencia=1000071&numVersao=2
10.629.105/0001-68,PRIO S.A.,22187,2026-02-01,Valores Mobiliários negociados e detidos (art. 11 da Instr. CVM nº 358),"Posição Individual - Cia, Controladas e Coligadas",,,2026-03-05,AP - Apresentação,022187IPE010220260172694265-38,1,https://www.rad.cvm.gov.br/ENET/frmDownloadDocumento.aspx?Tela=ext&descTipo=IPE&CodigoInstituicao=1&numProtocolo=1486116&numSequencia=1010822&numVersao=1
10.629.105/0001-68,PRIO S.A.,22187,2026-03-01,Valores Mobiliários negociados e detidos (art. 11 da Instr. CVM nº 358),"Posição Individual - Cia, Controladas e Coligadas",,,2026-04-10,AP - Apresentação,022187IPE010320260108077699-98,1,https://www.rad.cvm.gov.br/ENET/frmDownloadDocumento.aspx?Tela=ext&descTipo=IPE&CodigoInstituicao=1&numProtocolo=1503869&numSequencia=1028575&numVersao=1
10.629.105/0001-68,PRIO S.A.,22187,2026-04-01,Valores Mobiliários negociados e detidos (art. 11 da Instr. CVM nº 358),"Posição Individual - Cia, Controladas e Coligadas",,,2026-05-07,AP - Apresentação,022187IPE010420260189594107-12,1,https://www.rad.cvm.gov.br/ENET/frmDownloadDocumento.aspx?Tela=ext&descTipo=IPE&CodigoInstituicao=1&numProtocolo=1517985&numSequencia=1042691&numVersao=1
10.629.105/0001-68,PRIO S.A.,22187,2026-05-01,Valores Mobiliários negociados e detidos (art. 11 da Instr. CVM nº 358),"Posição Individual - Cia, Controladas e Coligadas",,,2026-06-09,AP - Apresentação,022187IPE010520260164001972-02,1,https://www.rad.cvm.gov.br/ENET/frmDownloadDocumento.aspx?Tela=ext&descTipo=IPE&CodigoInstituicao=1&numProtocolo=1532499&numSequencia=1057205&numVersao=1
