ts,Open,High,Low,Close,Volume
2026-07-10 10:00:00-03:00,56.290000915527344,56.290000915527344,55.880001068115234,56.0099983215332,0
2026-07-10 10:05:00-03:00,56.0099983215332,56.09000015258789,55.529998779296875,55.59000015258789,111400
2026-07-10 10:10:00-03:00,55.56999969482422,55.59000015258789,55.15999984741211,55.31999969482422,246300
2026-07-10 10:15:00-03:00,55.369998931884766,55.47999954223633,55.310001373291016,55.38999938964844,118500
2026-07-10 10:20:00-03:00,55.38999938964844,55.650001525878906,55.380001068115234,55.4900016784668,140700
2026-07-10 10:25:00-03:00,55.5,55.58000183105469,55.43000030517578,55.5099983215332,66400
2026-07-10 10:30:00-03:00,55.470001220703125,55.54999923706055,55.45000076293945,55.529998779296875,52000
2026-07-10 10:35:00-03:00,55.529998779296875,55.68000030517578,55.4900016784668,55.65999984741211,121700
2026-07-10 10:40:00-03:00,55.650001525878906,55.70000076293945,55.5,55.599998474121094,112700
2026-07-10 10:45:00-03:00,55.599998474121094,55.650001525878906,55.459999084472656,55.58000183105469,106800
2026-07-10 10:50:00-03:00,55.56999969482422,55.650001525878906,55.47999954223633,55.630001068115234,67600
2026-07-10 10:55:00-03:00,55.619998931884766,55.70000076293945,55.54999923706055,55.560001373291016,66600
2026-07-10 11:00:00-03:00,55.560001373291016,55.650001525878906,55.349998474121094,55.380001068115234,155200
2026-07-10 11:05:00-03:00,55.400001525878906,55.41999816894531,55.15999984741211,55.18000030517578,145200
2026-07-10 11:10:00-03:00,55.20000076293945,55.27000045776367,55.150001525878906,55.2400016784668,59800
2026-07-10 11:15:00-03:00,55.27000045776367,55.29999923706055,55.2400016784668,55.290000915527344,41600
2026-07-10 11:20:00-03:00,55.290000915527344,55.33000183105469,55.2599983215332,55.29999923706055,26100
2026-07-10 11:25:00-03:00,55.31999969482422,55.38999938964844,55.2599983215332,55.2599983215332,39600
2026-07-10 11:30:00-03:00,55.29999923706055,55.97999954223633,55.15999984741211,55.18000030517578,307300
2026-07-10 11:35:00-03:00,55.15999984741211,55.27000045776367,55.11000061035156,55.220001220703125,362100
2026-07-10 11:40:00-03:00,55.25,55.540000915527344,55.18000030517578,55.439998626708984,418400
2026-07-10 11:45:00-03:00,55.43000030517578,55.540000915527344,55.40999984741211,55.529998779296875,52000
2026-07-10 11:50:00-03:00,55.540000915527344,55.66999816894531,55.540000915527344,55.650001525878906,59500
2026-07-10 11:55:00-03:00,55.650001525878906,55.65999984741211,55.560001373291016,55.59000015258789,65600
2026-07-10 12:00:00-03:00,55.59000015258789,55.59000015258789,55.40999984741211,55.540000915527344,50800
2026-07-10 12:05:00-03:00,55.529998779296875,55.560001373291016,55.40999984741211,55.5099983215332,83600
2026-07-10 12:10:00-03:00,55.5099983215332,55.529998779296875,55.40999984741211,55.43000030517578,16200
2026-07-10 12:15:00-03:00,55.40999984741211,55.43000030517578,55.349998474121094,55.380001068115234,26100
2026-07-10 12:20:00-03:00,55.36000061035156,55.43000030517578,55.34000015258789,55.369998931884766,25200
2026-07-10 12:25:00-03:00,55.380001068115234,55.38999938964844,55.290000915527344,55.380001068115234,34300
2026-07-10 12:30:00-03:00,55.380001068115234,55.43000030517578,55.380001068115234,55.38999938964844,21600
2026-07-10 12:35:00-03:00,55.38999938964844,55.38999938964844,55.34000015258789,55.369998931884766,15400
2026-07-10 12:40:00-03:00,55.36000061035156,55.380001068115234,55.2400016784668,55.290000915527344,46500
2026-07-10 12:45:00-03:00,55.290000915527344,55.29999923706055,55.16999816894531,55.16999816894531,42200
2026-07-10 12:50:00-03:00,55.18000030517578,55.220001220703125,55.119998931884766,55.20000076293945,49100
2026-07-10 12:55:00-03:00,55.189998626708984,55.20000076293945,55.15999984741211,55.20000076293945,18900
2026-07-10 13:00:00-03:00,55.189998626708984,55.20000076293945,55.040000915527344,55.060001373291016,47300
2026-07-10 13:05:00-03:00,55.060001373291016,55.22999954223633,55.060001373291016,55.22999954223633,42600
2026-07-10 13:10:00-03:00,55.22999954223633,55.29999923706055,55.209999084472656,55.290000915527344,28500
2026-07-10 13:15:00-03:00,55.290000915527344,55.33000183105469,55.279998779296875,55.33000183105469,28800
2026-07-10 13:20:00-03:00,55.33000183105469,55.40999984741211,55.33000183105469,55.380001068115234,44300
2026-07-10 13:25:00-03:00,55.369998931884766,55.470001220703125,55.349998474121094,55.470001220703125,35100
2026-07-10 13:30:00-03:00,55.439998626708984,55.459999084472656,55.400001525878906,55.43000030517578,28100
2026-07-10 13:35:00-03:00,55.43000030517578,55.47999954223633,55.380001068115234,55.47999954223633,28600
2026-07-10 13:40:00-03:00,55.459999084472656,55.47999954223633,55.18000030517578,55.349998474121094,85300
2026-07-10 13:45:00-03:00,55.36000061035156,55.43000030517578,55.36000061035156,55.38999938964844,28800
2026-07-10 13:50:00-03:00,55.38999938964844,55.439998626708984,55.38999938964844,55.439998626708984,31200
2026-07-10 13:55:00-03:00,55.439998626708984,55.47999954223633,55.41999816894531,55.459999084472656,26900
2026-07-10 14:00:00-03:00,55.459999084472656,55.470001220703125,55.400001525878906,55.41999816894531,27500
2026-07-10 14:05:00-03:00,55.41999816894531,55.459999084472656,55.380001068115234,55.43000030517578,36800
2026-07-10 14:10:00-03:00,55.43000030517578,55.45000076293945,55.369998931884766,55.380001068115234,49700
2026-07-10 14:15:00-03:00,55.380001068115234,55.41999816894531,55.36000061035156,55.36000061035156,29300
2026-07-10 14:20:00-03:00,55.400001525878906,55.40999984741211,55.310001373291016,55.369998931884766,44200
2026-07-10 14:25:00-03:00,55.369998931884766,55.38999938964844,55.369998931884766,55.369998931884766,17900
2026-07-10 14:30:00-03:00,55.380001068115234,55.41999816894531,55.369998931884766,55.41999816894531,32600
2026-07-10 14:35:00-03:00,55.41999816894531,55.43000030517578,55.38999938964844,55.400001525878906,16700
2026-07-10 14:40:00-03:00,55.38999938964844,55.400001525878906,55.31999969482422,55.380001068115234,32100
2026-07-10 14:45:00-03:00,55.380001068115234,55.380001068115234,55.290000915527344,55.31999969482422,33000
2026-07-10 14:50:00-03:00,55.31999969482422,55.369998931884766,55.209999084472656,55.369998931884766,33800
2026-07-10 14:55:00-03:00,55.380001068115234,55.40999984741211,55.33000183105469,55.34000015258789,29400
2026-07-10 15:00:00-03:00,55.349998474121094,55.439998626708984,55.349998474121094,55.41999816894531,50600
2026-07-10 15:05:00-03:00,55.439998626708984,55.470001220703125,55.400001525878906,55.400001525878906,57000
2026-07-10 15:10:00-03:00,55.41999816894531,55.41999816894531,55.33000183105469,55.36000061035156,57300
2026-07-10 15:15:00-03:00,55.34000015258789,55.54999923706055,55.27000045776367,55.31999969482422,275600
2026-07-10 15:20:00-03:00,55.310001373291016,55.33000183105469,55.27000045776367,55.279998779296875,30300
2026-07-10 15:25:00-03:00,55.290000915527344,55.38999938964844,55.25,55.38999938964844,71200
2026-07-10 15:30:00-03:00,55.38999938964844,55.5,55.380001068115234,55.47999954223633,55100
2026-07-10 15:35:00-03:00,55.5,55.5,55.439998626708984,55.459999084472656,61600
2026-07-10 15:40:00-03:00,55.4900016784668,55.529998779296875,55.459999084472656,55.5099983215332,68300
2026-07-10 15:45:00-03:00,55.5,55.540000915527344,55.4900016784668,55.5099983215332,38800
2026-07-10 15:50:00-03:00,55.52000045776367,55.529998779296875,55.470001220703125,55.52000045776367,30000
2026-07-10 15:55:00-03:00,55.5099983215332,55.54999923706055,55.47999954223633,55.5099983215332,32800
2026-07-10 16:00:00-03:00,55.52000045776367,55.540000915527344,55.47999954223633,55.5099983215332,86200
2026-07-10 16:05:00-03:00,55.52000045776367,55.54999923706055,55.5099983215332,55.54999923706055,38900
2026-07-10 16:10:00-03:00,55.54999923706055,55.54999923706055,55.459999084472656,55.470001220703125,55000
2026-07-10 16:15:00-03:00,55.470001220703125,55.52000045776367,55.470001220703125,55.5099983215332,46700
2026-07-10 16:20:00-03:00,55.5099983215332,55.540000915527344,55.4900016784668,55.4900016784668,64500
2026-07-10 16:25:00-03:00,55.4900016784668,55.54999923706055,55.459999084472656,55.52000045776367,137000
2026-07-10 16:30:00-03:00,55.5099983215332,55.54999923706055,55.47999954223633,55.529998779296875,144200
2026-07-10 16:35:00-03:00,55.540000915527344,55.54999923706055,55.470001220703125,55.47999954223633,170300
2026-07-10 16:40:00-03:00,55.470001220703125,55.5,55.369998931884766,55.38999938964844,99900
2026-07-10 16:45:00-03:00,55.38999938964844,55.43000030517578,55.34000015258789,55.43000030517578,106100
2026-07-10 16:50:00-03:00,55.439998626708984,55.459999084472656,55.36000061035156,55.400001525878906,111800
2026-07-13 10:05:00-03:00,56.5,56.5099983215332,55.849998474121094,56.09000015258789,131700
2026-07-13 10:10:00-03:00,56.099998474121094,56.18000030517578,56.029998779296875,56.150001525878906,126600
2026-07-13 10:15:00-03:00,56.15999984741211,56.34000015258789,56.13999938964844,56.189998626708984,68400
2026-07-13 10:20:00-03:00,56.15999984741211,56.16999816894531,55.83000183105469,55.86000061035156,109800
2026-07-13 10:25:00-03:00,55.869998931884766,55.970001220703125,55.849998474121094,55.900001525878906,42400
2026-07-13 10:30:00-03:00,55.88999938964844,55.970001220703125,55.72999954223633,55.970001220703125,70300
2026-07-13 10:35:00-03:00,55.970001220703125,56.08000183105469,55.900001525878906,55.90999984741211,91200
2026-07-13 10:40:00-03:00,55.90999984741211,55.90999984741211,55.7400016784668,55.779998779296875,61800
2026-07-13 10:45:00-03:00,55.779998779296875,55.779998779296875,55.650001525878906,55.70000076293945,56100
2026-07-13 10:50:00-03:00,55.70000076293945,55.7599983215332,55.66999816894531,55.689998626708984,43500
2026-07-13 10:55:00-03:00,55.66999816894531,55.790000915527344,55.63999938964844,55.77000045776367,70900
2026-07-13 11:00:00-03:00,55.779998779296875,55.81999969482422,55.75,55.79999923706055,63000
2026-07-13 11:05:00-03:00,55.79999923706055,55.91999816894531,55.79999923706055,55.86000061035156,142100
2026-07-13 11:10:00-03:00,55.869998931884766,55.970001220703125,55.849998474121094,55.939998626708984,170500
2026-07-13 11:15:00-03:00,55.939998626708984,56.279998779296875,55.91999816894531,56.040000915527344,218700
2026-07-13 11:20:00-03:00,56.040000915527344,56.22999954223633,56.029998779296875,56.08000183105469,689100
2026-07-13 11:25:00-03:00,56.06999969482422,56.15999984741211,56.029998779296875,56.099998474121094,108800
2026-07-13 11:30:00-03:00,56.06999969482422,56.189998626708984,56.02000045776367,56.16999816894531,65900
2026-07-13 11:35:00-03:00,56.15999984741211,56.209999084472656,56.13999938964844,56.18000030517578,530600
2026-07-13 11:40:00-03:00,56.189998626708984,56.36000061035156,56.18000030517578,56.310001373291016,81600
2026-07-13 11:45:00-03:00,56.31999969482422,56.47999954223633,56.2599983215332,56.2599983215332,102500
2026-07-13 11:50:00-03:00,56.290000915527344,56.290000915527344,56.040000915527344,56.099998474121094,86900
2026-07-13 11:55:00-03:00,56.099998474121094,56.150001525878906,56.060001373291016,56.099998474121094,36200
2026-07-13 12:00:00-03:00,56.11000061035156,56.15999984741211,56.099998474121094,56.13999938964844,39900
2026-07-13 12:05:00-03:00,56.150001525878906,56.189998626708984,56.130001068115234,56.18000030517578,36700
2026-07-13 12:10:00-03:00,56.18000030517578,56.209999084472656,56.06999969482422,56.150001525878906,75000
2026-07-13 12:15:00-03:00,56.150001525878906,56.209999084472656,56.130001068115234,56.16999816894531,36600
2026-07-13 12:20:00-03:00,56.16999816894531,56.18000030517578,56.130001068115234,56.16999816894531,29000
2026-07-13 12:25:00-03:00,56.15999984741211,56.16999816894531,56.04999923706055,56.11000061035156,31700
2026-07-13 12:30:00-03:00,56.119998931884766,56.189998626708984,56.11000061035156,56.15999984741211,30800
2026-07-13 12:35:00-03:00,56.16999816894531,56.2400016784668,56.16999816894531,56.220001220703125,153000
2026-07-13 12:40:00-03:00,56.22999954223633,56.27000045776367,56.20000076293945,56.2599983215332,35500
2026-07-13 12:45:00-03:00,56.2599983215332,56.34000015258789,56.220001220703125,56.33000183105469,63500
2026-07-13 12:50:00-03:00,56.310001373291016,56.380001068115234,56.279998779296875,56.34000015258789,176400
2026-07-13 12:55:00-03:00,56.36000061035156,56.36000061035156,56.279998779296875,56.279998779296875,30200
2026-07-13 13:00:00-03:00,56.279998779296875,56.349998474121094,56.279998779296875,56.31999969482422,37200
2026-07-13 13:05:00-03:00,56.31999969482422,56.369998931884766,56.279998779296875,56.29999923706055,48500
2026-07-13 13:10:00-03:00,56.29999923706055,56.439998626708984,56.279998779296875,56.400001525878906,76400
2026-07-13 13:15:00-03:00,56.400001525878906,56.41999816894531,56.33000183105469,56.38999938964844,25900
2026-07-13 13:20:00-03:00,56.380001068115234,56.400001525878906,56.29999923706055,56.36000061035156,45500
2026-07-13 13:25:00-03:00,56.380001068115234,56.439998626708984,56.33000183105469,56.43000030517578,62500
2026-07-13 13:30:00-03:00,56.41999816894531,56.45000076293945,56.33000183105469,56.36000061035156,61700
2026-07-13 13:35:00-03:00,56.38999938964844,56.41999816894531,56.349998474121094,56.380001068115234,22100
2026-07-13 13:40:00-03:00,56.38999938964844,56.41999816894531,56.349998474121094,56.369998931884766,25500
2026-07-13 13:45:00-03:00,56.380001068115234,56.43000030517578,56.349998474121094,56.41999816894531,32900
2026-07-13 13:50:00-03:00,56.41999816894531,56.61000061035156,56.40999984741211,56.5099983215332,152100
2026-07-13 13:55:00-03:00,56.5,56.599998474121094,56.45000076293945,56.599998474121094,63400
2026-07-13 14:00:00-03:00,56.599998474121094,56.61000061035156,56.5,56.52000045776367,240500
2026-07-13 14:05:00-03:00,56.5,56.560001373291016,56.5,56.54999923706055,23700
2026-07-13 14:10:00-03:00,56.540000915527344,56.59000015258789,56.529998779296875,56.58000183105469,31400
2026-07-13 14:15:00-03:00,56.560001373291016,56.599998474121094,56.560001373291016,56.59000015258789,14500
2026-07-13 14:20:00-03:00,56.59000015258789,56.59000015258789,56.5,56.5099983215332,40000
2026-07-13 14:25:00-03:00,56.5099983215332,56.58000183105469,56.5,56.560001373291016,142800
2026-07-13 14:30:00-03:00,56.560001373291016,56.630001068115234,56.529998779296875,56.599998474121094,35300
2026-07-13 14:35:00-03:00,56.599998474121094,56.630001068115234,56.560001373291016,56.61000061035156,38100
2026-07-13 14:40:00-03:00,56.619998931884766,56.720001220703125,56.61000061035156,56.709999084472656,105400
2026-07-13 14:45:00-03:00,56.720001220703125,56.77000045776367,56.68000030517578,56.75,257200
2026-07-13 14:50:00-03:00,56.7599983215332,57.11000061035156,56.7400016784668,57.06999969482422,548100
2026-07-13 14:55:00-03:00,57.06999969482422,57.209999084472656,56.900001525878906,57.0099983215332,280300
2026-07-13 15:00:00-03:00,57.029998779296875,57.040000915527344,56.91999816894531,57.02000045776367,87400
2026-07-13 15:05:00-03:00,57.0099983215332,57.5099983215332,57.0099983215332,57.380001068115234,187800
2026-07-13 15:10:00-03:00,57.380001068115234,57.380001068115234,57.220001220703125,57.220001220703125,82800
2026-07-13 15:15:00-03:00,57.220001220703125,57.369998931884766,57.209999084472656,57.36000061035156,46500
2026-07-13 15:20:00-03:00,57.369998931884766,57.470001220703125,57.34000015258789,57.380001068115234,80600
2026-07-13 15:25:00-03:00,57.380001068115234,57.4900016784668,57.310001373291016,57.400001525878906,100200
2026-07-13 15:30:00-03:00,57.41999816894531,57.52000045776367,57.40999984741211,57.40999984741211,61200
2026-07-13 15:35:00-03:00,57.40999984741211,57.41999816894531,57.31999969482422,57.349998474121094,68100
2026-07-13 15:40:00-03:00,57.36000061035156,57.36000061035156,57.220001220703125,57.220001220703125,83400
2026-07-13 15:45:00-03:00,57.2400016784668,57.25,57.119998931884766,57.130001068115234,90400
2026-07-13 15:50:00-03:00,57.130001068115234,57.189998626708984,57.060001373291016,57.15999984741211,66500
2026-07-13 15:55:00-03:00,57.16999816894531,57.22999954223633,57.13999938964844,57.189998626708984,55500
2026-07-13 16:00:00-03:00,57.189998626708984,57.279998779296875,57.150001525878906,57.189998626708984,84700
2026-07-13 16:05:00-03:00,57.189998626708984,57.22999954223633,57.11000061035156,57.16999816894531,45600
2026-07-13 16:10:00-03:00,57.16999816894531,57.2400016784668,57.119998931884766,57.20000076293945,46100
2026-07-13 16:15:00-03:00,57.220001220703125,57.220001220703125,57.119998931884766,57.16999816894531,86400
2026-07-13 16:20:00-03:00,57.15999984741211,57.20000076293945,57.11000061035156,57.20000076293945,225200
2026-07-13 16:25:00-03:00,57.189998626708984,57.22999954223633,57.15999984741211,57.20000076293945,46100
2026-07-13 16:30:00-03:00,57.20000076293945,57.22999954223633,57.060001373291016,57.18000030517578,222100
2026-07-13 16:35:00-03:00,57.18000030517578,57.29999923706055,57.18000030517578,57.25,116900
2026-07-13 16:40:00-03:00,57.25,57.290000915527344,57.150001525878906,57.16999816894531,73300
2026-07-13 16:45:00-03:00,57.16999816894531,57.2400016784668,57.16999816894531,57.18000030517578,67400
2026-07-13 16:50:00-03:00,57.189998626708984,57.470001220703125,57.11000061035156,57.470001220703125,182600
2026-07-14 10:00:00-03:00,57.83000183105469,57.939998626708984,57.5099983215332,57.720001220703125,0
2026-07-14 10:05:00-03:00,57.70000076293945,57.900001525878906,57.349998474121094,57.400001525878906,222700
2026-07-14 10:10:00-03:00,57.400001525878906,57.75,57.27000045776367,57.279998779296875,194900
2026-07-14 10:15:00-03:00,57.29999923706055,57.61000061035156,57.27000045776367,57.43000030517578,85900
2026-07-14 10:20:00-03:00,57.43000030517578,57.529998779296875,57.31999969482422,57.400001525878906,69800
2026-07-14 10:25:00-03:00,57.38999938964844,57.43000030517578,57.29999923706055,57.36000061035156,60600
2026-07-14 10:30:00-03:00,57.36000061035156,57.38999938964844,57.15999984741211,57.20000076293945,115600
2026-07-14 10:35:00-03:00,57.20000076293945,57.220001220703125,56.9900016784668,57.06999969482422,156700
2026-07-14 10:40:00-03:00,57.040000915527344,57.20000076293945,56.97999954223633,57.06999969482422,131800
2026-07-14 10:45:00-03:00,57.040000915527344,57.150001525878906,56.939998626708984,57.150001525878906,108000
2026-07-14 10:50:00-03:00,57.11000061035156,57.310001373291016,57.02000045776367,57.2599983215332,74700
2026-07-14 10:55:00-03:00,57.220001220703125,57.38999938964844,57.220001220703125,57.29999923706055,105800
2026-07-14 11:00:00-03:00,57.29999923706055,57.38999938964844,57.2400016784668,57.38999938964844,153100
2026-07-14 11:05:00-03:00,57.38999938964844,57.45000076293945,57.16999816894531,57.189998626708984,168800
2026-07-14 11:10:00-03:00,57.20000076293945,57.380001068115234,57.119998931884766,57.119998931884766,144000
2026-07-14 11:15:00-03:00,57.11000061035156,57.27000045776367,57.08000183105469,57.119998931884766,222100
2026-07-14 11:20:00-03:00,57.119998931884766,57.189998626708984,57.040000915527344,57.15999984741211,73400
2026-07-14 11:25:00-03:00,57.150001525878906,57.189998626708984,56.959999084472656,57.060001373291016,54000
2026-07-14 11:30:00-03:00,57.060001373291016,57.20000076293945,56.95000076293945,57.029998779296875,206500
2026-07-14 11:35:00-03:00,57.060001373291016,57.060001373291016,56.849998474121094,56.91999816894531,120300
2026-07-14 11:40:00-03:00,56.91999816894531,57.0099983215332,56.79999923706055,56.959999084472656,117300
2026-07-14 11:45:00-03:00,56.959999084472656,57.0099983215332,56.81999969482422,56.970001220703125,42700
2026-07-14 11:50:00-03:00,57.0,57.0,56.560001373291016,56.599998474121094,77400
2026-07-14 11:55:00-03:00,56.58000183105469,56.630001068115234,56.380001068115234,56.43000030517578,81600
2026-07-14 12:00:00-03:00,56.43000030517578,56.619998931884766,56.43000030517578,56.529998779296875,120300
2026-07-14 12:05:00-03:00,56.560001373291016,56.63999938964844,56.470001220703125,56.52000045776367,91400
2026-07-14 12:10:00-03:00,56.5099983215332,56.689998626708984,56.4900016784668,56.650001525878906,300900
2026-07-14 12:15:00-03:00,56.65999984741211,56.84000015258789,56.61000061035156,56.68000030517578,119000
2026-07-14 12:20:00-03:00,56.689998626708984,56.70000076293945,56.5099983215332,56.630001068115234,44000
2026-07-14 12:25:00-03:00,56.63999938964844,56.68000030517578,56.56999969482422,56.630001068115234,47100
2026-07-14 12:30:00-03:00,56.63999938964844,56.79999923706055,56.630001068115234,56.779998779296875,46500
2026-07-14 12:35:00-03:00,56.779998779296875,56.900001525878906,56.7599983215332,56.88999938964844,359900
2026-07-14 12:40:00-03:00,56.88999938964844,57.040000915527344,56.880001068115234,57.040000915527344,50400
2026-07-14 12:45:00-03:00,57.04999923706055,57.060001373291016,56.97999954223633,57.029998779296875,41700
2026-07-14 12:50:00-03:00,57.040000915527344,57.040000915527344,56.91999816894531,57.0,41600
2026-07-14 12:55:00-03:00,57.0,57.09000015258789,57.0,57.040000915527344,197700
2026-07-14 13:00:00-03:00,57.0099983215332,57.04999923706055,56.90999984741211,57.0,55800
2026-07-14 13:05:00-03:00,56.970001220703125,57.0099983215332,56.93000030517578,57.0099983215332,27400
2026-07-14 13:10:00-03:00,57.0099983215332,57.02000045776367,56.900001525878906,56.90999984741211,43300
2026-07-14 13:15:00-03:00,56.90999984741211,56.90999984741211,56.79999923706055,56.90999984741211,33800
2026-07-14 13:20:00-03:00,56.900001525878906,57.029998779296875,56.900001525878906,57.029998779296875,26100
2026-07-14 13:25:00-03:00,57.02000045776367,57.060001373291016,57.0,57.029998779296875,29300
2026-07-14 13:30:00-03:00,57.02000045776367,57.08000183105469,57.0,57.0099983215332,51700
2026-07-14 13:35:00-03:00,57.0099983215332,57.04999923706055,57.0,57.040000915527344,71800
2026-07-14 13:40:00-03:00,57.040000915527344,57.08000183105469,57.0,57.029998779296875,49700
2026-07-14 13:45:00-03:00,57.040000915527344,57.099998474121094,57.040000915527344,57.06999969482422,1177400
2026-07-14 13:50:00-03:00,57.09000015258789,57.09000015258789,57.0,57.0099983215332,43900
2026-07-14 13:55:00-03:00,57.0099983215332,57.08000183105469,57.0,57.040000915527344,37300
2026-07-14 14:00:00-03:00,57.040000915527344,57.04999923706055,57.0,57.0099983215332,110000
2026-07-14 14:05:00-03:00,57.0099983215332,57.0099983215332,56.90999984741211,56.93000030517578,38300
2026-07-14 14:10:00-03:00,56.93000030517578,56.93000030517578,56.72999954223633,56.86000061035156,61100
2026-07-14 14:15:00-03:00,56.880001068115234,56.88999938964844,56.790000915527344,56.849998474121094,25000
2026-07-14 14:20:00-03:00,56.84000015258789,56.97999954223633,56.79999923706055,56.97999954223633,37900
2026-07-14 14:25:00-03:00,56.97999954223633,57.0099983215332,56.90999984741211,56.97999954223633,49700
2026-07-14 14:30:00-03:00,56.95000076293945,56.970001220703125,56.91999816894531,56.959999084472656,20200
2026-07-14 14:35:00-03:00,56.959999084472656,57.029998779296875,56.93000030517578,56.959999084472656,38600
2026-07-14 14:40:00-03:00,56.970001220703125,57.0099983215332,56.939998626708984,56.970001220703125,41000
2026-07-14 14:45:00-03:00,56.970001220703125,56.970001220703125,56.81999969482422,56.95000076293945,33000
2026-07-14 14:50:00-03:00,56.939998626708984,56.95000076293945,56.88999938964844,56.95000076293945,27800
2026-07-14 14:55:00-03:00,56.939998626708984,56.95000076293945,56.88999938964844,56.93000030517578,36100
2026-07-14 15:00:00-03:00,56.939998626708984,57.02000045776367,56.90999984741211,56.9900016784668,48100
2026-07-14 15:05:00-03:00,56.9900016784668,57.02000045776367,56.97999954223633,57.0099983215332,66900
2026-07-14 15:10:00-03:00,57.0099983215332,57.0099983215332,56.90999984741211,56.939998626708984,52000
2026-07-14 15:15:00-03:00,56.939998626708984,56.97999954223633,56.939998626708984,56.959999084472656,28000
2026-07-14 15:20:00-03:00,56.95000076293945,56.970001220703125,56.93000030517578,56.95000076293945,26500
2026-07-14 15:25:00-03:00,56.939998626708984,56.97999954223633,56.93000030517578,56.97999954223633,30400
2026-07-14 15:30:00-03:00,56.97999954223633,56.9900016784668,56.93000030517578,56.939998626708984,38600
2026-07-14 15:35:00-03:00,56.939998626708984,56.97999954223633,56.91999816894531,56.91999816894531,35500
2026-07-14 15:40:00-03:00,56.91999816894531,57.099998474121094,56.91999816894531,57.060001373291016,60100
2026-07-14 15:45:00-03:00,57.04999923706055,57.060001373291016,56.95000076293945,56.970001220703125,46600
2026-07-14 15:50:00-03:00,56.97999954223633,57.02000045776367,56.95000076293945,57.0099983215332,56100
2026-07-14 15:55:00-03:00,57.0099983215332,57.09000015258789,56.9900016784668,57.060001373291016,71700
2026-07-14 16:00:00-03:00,57.08000183105469,57.220001220703125,57.08000183105469,57.220001220703125,71700
2026-07-14 16:05:00-03:00,57.209999084472656,57.279998779296875,57.18000030517578,57.27000045776367,61000
2026-07-14 16:10:00-03:00,57.27000045776367,57.349998474121094,57.2599983215332,57.290000915527344,66100
2026-07-14 16:15:00-03:00,57.31999969482422,57.459999084472656,57.290000915527344,57.41999816894531,160200
2026-07-14 16:20:00-03:00,57.439998626708984,57.439998626708984,57.369998931884766,57.400001525878906,66200
2026-07-14 16:25:00-03:00,57.400001525878906,57.41999816894531,57.2599983215332,57.29999923706055,69800
2026-07-14 16:30:00-03:00,57.290000915527344,57.45000076293945,57.290000915527344,57.43000030517578,60900
2026-07-14 16:35:00-03:00,57.40999984741211,57.47999954223633,57.400001525878906,57.439998626708984,71400
2026-07-14 16:40:00-03:00,57.41999816894531,57.459999084472656,57.400001525878906,57.45000076293945,47600
2026-07-14 16:45:00-03:00,57.43000030517578,57.599998474121094,57.400001525878906,57.58000183105469,156900
2026-07-14 16:50:00-03:00,57.58000183105469,57.619998931884766,57.41999816894531,57.599998474121094,93300
2026-07-15 10:05:00-03:00,57.380001068115234,57.4900016784668,57.0099983215332,57.29999923706055,109200
2026-07-15 10:10:00-03:00,57.27000045776367,57.5,57.16999816894531,57.20000076293945,74400
2026-07-15 10:15:00-03:00,57.2400016784668,57.2400016784668,57.060001373291016,57.09000015258789,26200
2026-07-15 10:20:00-03:00,57.11000061035156,57.27000045776367,57.060001373291016,57.27000045776367,44100
2026-07-15 10:25:00-03:00,57.2599983215332,57.439998626708984,57.20000076293945,57.369998931884766,70600
2026-07-15 10:30:00-03:00,57.369998931884766,57.369998931884766,57.2400016784668,57.27000045776367,53500
2026-07-15 10:35:00-03:00,57.290000915527344,57.349998474121094,57.209999084472656,57.290000915527344,42800
2026-07-15 10:40:00-03:00,57.2599983215332,57.400001525878906,57.25,57.25,25100
2026-07-15 10:45:00-03:00,57.25,57.400001525878906,57.2400016784668,57.380001068115234,28600
2026-07-15 10:50:00-03:00,57.369998931884766,57.380001068115234,57.16999816894531,57.33000183105469,60600
2026-07-15 10:55:00-03:00,57.31999969482422,57.349998474121094,57.15999984741211,57.20000076293945,98300
2026-07-15 11:00:00-03:00,57.20000076293945,57.380001068115234,57.18000030517578,57.36000061035156,71300
2026-07-15 11:05:00-03:00,57.369998931884766,57.400001525878906,57.20000076293945,57.22999954223633,54700
2026-07-15 11:10:00-03:00,57.2400016784668,57.31999969482422,57.16999816894531,57.310001373291016,170500
2026-07-15 11:15:00-03:00,57.31999969482422,57.34000015258789,57.2400016784668,57.27000045776367,21600
2026-07-15 11:20:00-03:00,57.27000045776367,57.310001373291016,57.150001525878906,57.150001525878906,24200
2026-07-15 11:25:00-03:00,57.16999816894531,57.2400016784668,57.060001373291016,57.220001220703125,48200
2026-07-15 11:30:00-03:00,57.209999084472656,57.22999954223633,57.119998931884766,57.189998626708984,19300
2026-07-15 11:35:00-03:00,57.189998626708984,57.400001525878906,57.09000015258789,57.369998931884766,92300
2026-07-15 11:40:00-03:00,57.369998931884766,57.45000076293945,57.369998931884766,57.38999938964844,41400
2026-07-15 11:45:00-03:00,57.380001068115234,57.38999938964844,57.27000045776367,57.279998779296875,44600
2026-07-15 11:50:00-03:00,57.27000045776367,57.29999923706055,57.220001220703125,57.29999923706055,54700
2026-07-15 11:55:00-03:00,57.29999923706055,57.47999954223633,57.29999923706055,57.439998626708984,166500
2026-07-15 12:00:00-03:00,57.45000076293945,57.45000076293945,57.40999984741211,57.43000030517578,85100
2026-07-15 12:05:00-03:00,57.43000030517578,57.4900016784668,57.40999984741211,57.47999954223633,29100
2026-07-15 12:10:00-03:00,57.47999954223633,57.560001373291016,57.47999954223633,57.52000045776367,54200
2026-07-15 12:15:00-03:00,57.529998779296875,57.68000030517578,57.52000045776367,57.650001525878906,88400
2026-07-15 12:20:00-03:00,57.630001068115234,57.66999816894531,57.5,57.52000045776367,36700
2026-07-15 12:25:00-03:00,57.529998779296875,57.54999923706055,57.369998931884766,57.43000030517578,53600
2026-07-15 12:30:00-03:00,57.43000030517578,57.45000076293945,57.27000045776367,57.31999969482422,51400
2026-07-15 12:35:00-03:00,57.310001373291016,57.369998931884766,57.29999923706055,57.349998474121094,28100
2026-07-15 12:40:00-03:00,57.349998474121094,57.349998474121094,57.150001525878906,57.15999984741211,76600
2026-07-15 12:45:00-03:00,57.15999984741211,57.209999084472656,57.119998931884766,57.20000076293945,20300
2026-07-15 12:50:00-03:00,57.18000030517578,57.2400016784668,57.13999938964844,57.22999954223633,36000
2026-07-15 12:55:00-03:00,57.209999084472656,57.25,57.150001525878906,57.15999984741211,20000
2026-07-15 13:00:00-03:00,57.18000030517578,57.27000045776367,57.18000030517578,57.209999084472656,23100
2026-07-15 13:05:00-03:00,57.209999084472656,57.29999923706055,57.15999984741211,57.25,46700
2026-07-15 13:10:00-03:00,57.25,57.31999969482422,57.18000030517578,57.209999084472656,43500
2026-07-15 13:15:00-03:00,57.209999084472656,57.25,57.18000030517578,57.220001220703125,20100
2026-07-15 13:20:00-03:00,57.220001220703125,57.290000915527344,57.209999084472656,57.2599983215332,17900
2026-07-15 13:25:00-03:00,57.2599983215332,57.29999923706055,57.22999954223633,57.2400016784668,21400
2026-07-15 13:30:00-03:00,57.2400016784668,57.290000915527344,57.20000076293945,57.209999084472656,25400
2026-07-15 13:35:00-03:00,57.209999084472656,57.290000915527344,57.20000076293945,57.290000915527344,19000
2026-07-15 13:40:00-03:00,57.290000915527344,57.310001373291016,57.2400016784668,57.27000045776367,20400
2026-07-15 13:45:00-03:00,57.2400016784668,57.29999923706055,57.11000061035156,57.22999954223633,60000
2026-07-15 13:50:00-03:00,57.2400016784668,57.29999923706055,57.220001220703125,57.290000915527344,21500
2026-07-15 13:55:00-03:00,57.2599983215332,57.34000015258789,57.18000030517578,57.33000183105469,45300
2026-07-15 14:00:00-03:00,57.29999923706055,57.29999923706055,57.220001220703125,57.27000045776367,33700
2026-07-15 14:05:00-03:00,57.2400016784668,57.349998474121094,57.2400016784668,57.33000183105469,31900
2026-07-15 14:10:00-03:00,57.31999969482422,57.369998931884766,57.2599983215332,57.31999969482422,36700
2026-07-15 14:15:00-03:00,57.29999923706055,57.34000015258789,57.27000045776367,57.31999969482422,31400
2026-07-15 14:20:00-03:00,57.29999923706055,57.31999969482422,57.2599983215332,57.2599983215332,25500
2026-07-15 14:25:00-03:00,57.2599983215332,57.290000915527344,57.189998626708984,57.25,34700
2026-07-15 14:30:00-03:00,57.220001220703125,57.279998779296875,57.209999084472656,57.27000045776367,36800
2026-07-15 14:35:00-03:00,57.2599983215332,57.34000015258789,57.25,57.27000045776367,38100
2026-07-15 14:40:00-03:00,57.25,57.400001525878906,57.25,57.400001525878906,52800
2026-07-15 14:45:00-03:00,57.38999938964844,57.540000915527344,57.38999938964844,57.52000045776367,119500
2026-07-15 14:50:00-03:00,57.5,57.54999923706055,57.47999954223633,57.540000915527344,38200
2026-07-15 14:55:00-03:00,57.540000915527344,57.599998474121094,57.540000915527344,57.54999923706055,38900
2026-07-15 15:00:00-03:00,57.540000915527344,57.599998474121094,57.529998779296875,57.58000183105469,37500
2026-07-15 15:05:00-03:00,57.58000183105469,57.66999816894531,57.58000183105469,57.66999816894531,47100
2026-07-15 15:10:00-03:00,57.65999984741211,57.75,57.65999984741211,57.72999954223633,71700
2026-07-15 15:15:00-03:00,57.70000076293945,57.75,57.619998931884766,57.68000030517578,54200
2026-07-15 15:20:00-03:00,57.650001525878906,57.75,57.650001525878906,57.720001220703125,90500
2026-07-15 15:25:00-03:00,57.709999084472656,57.79999923706055,57.709999084472656,57.7599983215332,41000
2026-07-15 15:30:00-03:00,57.7599983215332,57.83000183105469,57.7599983215332,57.83000183105469,31000
2026-07-15 15:35:00-03:00,57.810001373291016,57.849998474121094,57.79999923706055,57.849998474121094,29800
2026-07-15 15:40:00-03:00,57.84000015258789,57.880001068115234,57.810001373291016,57.849998474121094,35000
2026-07-15 15:45:00-03:00,57.810001373291016,57.86000061035156,57.77000045776367,57.86000061035156,35600
2026-07-15 15:50:00-03:00,57.81999969482422,57.849998474121094,57.779998779296875,57.81999969482422,35800
2026-07-15 15:55:00-03:00,57.81999969482422,57.869998931884766,57.810001373291016,57.869998931884766,26400
2026-07-15 16:00:00-03:00,57.849998474121094,57.900001525878906,57.84000015258789,57.900001525878906,39000
2026-07-15 16:05:00-03:00,57.880001068115234,57.90999984741211,57.880001068115234,57.90999984741211,33600
2026-07-15 16:10:00-03:00,57.900001525878906,57.90999984741211,57.83000183105469,57.869998931884766,40700
2026-07-15 16:15:00-03:00,57.849998474121094,57.900001525878906,57.84000015258789,57.900001525878906,30700
2026-07-15 16:20:00-03:00,57.869998931884766,57.90999984741211,57.849998474121094,57.880001068115234,73600
2026-07-15 16:25:00-03:00,57.86000061035156,57.88999938964844,57.83000183105469,57.86000061035156,41000
2026-07-15 16:30:00-03:00,57.86000061035156,57.88999938964844,57.7400016784668,57.880001068115234,101500
2026-07-15 16:35:00-03:00,57.869998931884766,57.88999938964844,57.779998779296875,57.86000061035156,63900
2026-07-15 16:40:00-03:00,57.849998474121094,57.880001068115234,57.79999923706055,57.83000183105469,52900
2026-07-15 16:45:00-03:00,57.81999969482422,57.81999969482422,57.7599983215332,57.79999923706055,73100
2026-07-15 16:50:00-03:00,57.790000915527344,57.81999969482422,57.7400016784668,57.75,68900
2026-07-15 16:55:00-03:00,57.75,57.75,57.75,57.75,100
2026-07-16 10:05:00-03:00,57.220001220703125,57.650001525878906,57.220001220703125,57.4900016784668,87500
2026-07-16 10:10:00-03:00,57.470001220703125,57.529998779296875,57.400001525878906,57.529998779296875,43500
2026-07-16 10:15:00-03:00,57.52000045776367,57.619998931884766,57.4900016784668,57.54999923706055,37700
2026-07-16 10:20:00-03:00,57.560001373291016,57.599998474121094,57.41999816894531,57.54999923706055,49000
2026-07-16 10:25:00-03:00,57.59000015258789,57.75,57.529998779296875,57.7400016784668,69300
2026-07-16 10:30:00-03:00,57.77000045776367,57.810001373291016,57.70000076293945,57.7599983215332,24200
2026-07-16 10:35:00-03:00,57.72999954223633,57.72999954223633,57.470001220703125,57.5,42000
2026-07-16 10:40:00-03:00,57.52000045776367,57.630001068115234,57.5099983215332,57.54999923706055,20600
2026-07-16 10:45:00-03:00,57.54999923706055,57.54999923706055,57.40999984741211,57.40999984741211,35300
2026-07-16 10:50:00-03:00,57.43000030517578,57.560001373291016,57.400001525878906,57.43000030517578,37700
2026-07-16 10:55:00-03:00,57.439998626708984,57.4900016784668,57.400001525878906,57.459999084472656,17300
2026-07-16 11:00:00-03:00,57.470001220703125,57.650001525878906,57.459999084472656,57.599998474121094,69300
2026-07-16 11:05:00-03:00,57.599998474121094,57.599998474121094,57.54999923706055,57.59000015258789,17700
2026-07-16 11:10:00-03:00,57.58000183105469,57.599998474121094,57.54999923706055,57.54999923706055,77500
2026-07-16 11:15:00-03:00,57.54999923706055,57.59000015258789,57.54999923706055,57.54999923706055,77200
2026-07-16 11:20:00-03:00,57.54999923706055,57.63999938964844,57.54999923706055,57.599998474121094,25300
2026-07-16 11:25:00-03:00,57.61000061035156,57.61000061035156,57.54999923706055,57.54999923706055,33400
2026-07-16 11:30:00-03:00,57.54999923706055,57.59000015258789,57.54999923706055,57.59000015258789,60000
2026-07-16 11:35:00-03:00,57.58000183105469,57.63999938964844,57.54999923706055,57.63999938964844,15800
2026-07-16 11:40:00-03:00,57.630001068115234,57.7400016784668,57.59000015258789,57.689998626708984,69100
2026-07-16 11:45:00-03:00,57.689998626708984,57.75,57.650001525878906,57.66999816894531,20000
2026-07-16 11:50:00-03:00,57.66999816894531,57.77000045776367,57.66999816894531,57.77000045776367,17900
2026-07-16 11:55:00-03:00,57.77000045776367,57.779998779296875,57.65999984741211,57.77000045776367,31500
2026-07-16 12:00:00-03:00,57.75,57.75,57.66999816894531,57.689998626708984,24300
2026-07-16 12:05:00-03:00,57.709999084472656,57.720001220703125,57.56999969482422,57.61000061035156,42000
2026-07-16 12:10:00-03:00,57.630001068115234,57.63999938964844,57.56999969482422,57.58000183105469,12800
2026-07-16 12:15:00-03:00,57.56999969482422,57.66999816894531,57.56999969482422,57.63999938964844,56900
2026-07-16 12:20:00-03:00,57.650001525878906,57.66999816894531,57.400001525878906,57.43000030517578,78400
2026-07-16 12:25:00-03:00,57.43000030517578,57.45000076293945,57.40999984741211,57.45000076293945,25300
2026-07-16 12:30:00-03:00,57.45000076293945,57.470001220703125,57.40999984741211,57.45000076293945,31300
2026-07-16 12:35:00-03:00,57.439998626708984,57.45000076293945,57.310001373291016,57.45000076293945,41200
2026-07-16 12:40:00-03:00,57.41999816894531,57.529998779296875,57.41999816894531,57.52000045776367,25000
2026-07-16 12:45:00-03:00,57.52000045776367,57.61000061035156,57.52000045776367,57.599998474121094,27600
2026-07-16 12:50:00-03:00,57.58000183105469,57.75,57.58000183105469,57.650001525878906,53100
2026-07-16 12:55:00-03:00,57.65999984741211,57.70000076293945,57.540000915527344,57.56999969482422,18700
2026-07-16 13:00:00-03:00,57.56999969482422,57.59000015258789,57.52000045776367,57.540000915527344,11200
2026-07-16 13:05:00-03:00,57.529998779296875,57.70000076293945,57.5,57.70000076293945,30100
2026-07-16 13:10:00-03:00,57.689998626708984,57.689998626708984,57.619998931884766,57.66999816894531,11200
2026-07-16 13:15:00-03:00,57.650001525878906,57.88999938964844,57.650001525878906,57.849998474121094,80200
2026-07-16 13:20:00-03:00,57.849998474121094,57.95000076293945,57.79999923706055,57.84000015258789,46100
2026-07-16 13:25:00-03:00,57.84000015258789,57.84000015258789,57.7400016784668,57.779998779296875,25800
2026-07-16 13:30:00-03:00,57.77000045776367,57.81999969482422,57.75,57.79999923706055,18500
2026-07-16 13:35:00-03:00,57.790000915527344,57.79999923706055,57.75,57.79999923706055,12200
2026-07-16 13:40:00-03:00,57.79999923706055,57.849998474121094,57.77000045776367,57.84000015258789,18100
2026-07-16 13:45:00-03:00,57.81999969482422,57.849998474121094,57.720001220703125,57.72999954223633,26000
2026-07-16 13:50:00-03:00,57.720001220703125,57.72999954223633,57.61000061035156,57.63999938964844,32700
2026-07-16 13:55:00-03:00,57.63999938964844,57.63999938964844,57.56999969482422,57.58000183105469,18300
2026-07-16 14:00:00-03:00,57.58000183105469,57.59000015258789,57.4900016784668,57.5,34600
2026-07-16 14:05:00-03:00,57.5,57.54999923706055,57.45000076293945,57.5099983215332,43600
2026-07-16 14:10:00-03:00,57.4900016784668,57.54999923706055,57.439998626708984,57.459999084472656,36900
2026-07-16 14:15:00-03:00,57.45000076293945,57.47999954223633,57.400001525878906,57.41999816894531,77000
2026-07-16 14:20:00-03:00,57.41999816894531,57.45000076293945,57.380001068115234,57.38999938964844,16200
2026-07-16 14:25:00-03:00,57.38999938964844,57.400001525878906,57.310001373291016,57.310001373291016,29900
2026-07-16 14:30:00-03:00,57.310001373291016,57.40999984741211,57.2599983215332,57.369998931884766,57700
2026-07-16 14:35:00-03:00,57.369998931884766,57.4900016784668,57.369998931884766,57.4900016784668,29600
2026-07-16 14:40:00-03:00,57.4900016784668,57.4900016784668,57.380001068115234,57.459999084472656,20500
2026-07-16 14:45:00-03:00,57.45000076293945,57.54999923706055,57.45000076293945,57.54999923706055,17900
2026-07-16 14:50:00-03:00,57.52000045776367,57.59000015258789,57.439998626708984,57.5,27400
2026-07-16 14:55:00-03:00,57.4900016784668,57.540000915527344,57.38999938964844,57.5099983215332,52500
2026-07-16 15:00:00-03:00,57.52000045776367,57.599998474121094,57.47999954223633,57.5099983215332,80800
2026-07-16 15:05:00-03:00,57.4900016784668,57.5099983215332,57.43000030517578,57.47999954223633,34400
2026-07-16 15:10:00-03:00,57.47999954223633,57.540000915527344,57.459999084472656,57.4900016784668,24100
2026-07-16 15:15:00-03:00,57.4900016784668,57.529998779296875,57.40999984741211,57.45000076293945,27900
2026-07-16 15:20:00-03:00,57.439998626708984,57.459999084472656,57.40999984741211,57.459999084472656,37600
2026-07-16 15:25:00-03:00,57.439998626708984,57.470001220703125,57.41999816894531,57.439998626708984,21700
2026-07-16 15:30:00-03:00,57.439998626708984,57.4900016784668,57.41999816894531,57.470001220703125,26200
2026-07-16 15:35:00-03:00,57.459999084472656,57.5099983215332,57.459999084472656,57.5,24000
2026-07-16 15:40:00-03:00,57.5,57.540000915527344,57.470001220703125,57.470001220703125,27800
2026-07-16 15:45:00-03:00,57.470001220703125,57.47999954223633,57.25,57.27000045776367,64900
2026-07-16 15:50:00-03:00,57.25,57.279998779296875,57.18000030517578,57.209999084472656,29800
2026-07-16 15:55:00-03:00,57.22999954223633,57.2599983215332,57.20000076293945,57.25,24700
2026-07-16 16:00:00-03:00,57.2400016784668,57.25,57.189998626708984,57.189998626708984,26300
2026-07-16 16:05:00-03:00,57.189998626708984,57.209999084472656,57.11000061035156,57.130001068115234,36100
2026-07-16 16:10:00-03:00,57.150001525878906,57.2400016784668,57.130001068115234,57.18000030517578,33700
2026-07-16 16:15:00-03:00,57.18000030517578,57.209999084472656,57.16999816894531,57.209999084472656,31300
2026-07-16 16:20:00-03:00,57.209999084472656,57.220001220703125,57.099998474121094,57.130001068115234,46400
2026-07-16 16:25:00-03:00,57.150001525878906,57.16999816894531,57.119998931884766,57.13999938964844,30000
2026-07-16 16:30:00-03:00,57.13999938964844,57.25,57.13999938964844,57.25,32400
2026-07-16 16:35:00-03:00,57.25,57.31999969482422,57.150001525878906,57.150001525878906,81500
2026-07-16 16:40:00-03:00,57.150001525878906,57.16999816894531,57.0,57.06999969482422,130700
2026-07-16 16:45:00-03:00,57.06999969482422,57.15999984741211,57.04999923706055,57.099998474121094,61900
2026-07-16 16:50:00-03:00,57.119998931884766,57.189998626708984,57.0,57.06999969482422,157400
2026-07-17 10:00:00-03:00,57.20000076293945,57.65999984741211,57.20000076293945,57.560001373291016,0
2026-07-17 10:05:00-03:00,57.4900016784668,57.65999984741211,57.369998931884766,57.4900016784668,122100
2026-07-17 10:10:00-03:00,57.4900016784668,57.560001373291016,57.25,57.279998779296875,157400
2026-07-17 10:15:00-03:00,57.29999923706055,57.380001068115234,57.2400016784668,57.33000183105469,47700
2026-07-17 10:20:00-03:00,57.310001373291016,57.380001068115234,57.22999954223633,57.29999923706055,74700
2026-07-17 10:25:00-03:00,57.29999923706055,57.43000030517578,57.29999923706055,57.349998474121094,51500
2026-07-17 10:30:00-03:00,57.31999969482422,57.31999969482422,57.06999969482422,57.22999954223633,100400
2026-07-17 10:35:00-03:00,57.22999954223633,57.31999969482422,57.119998931884766,57.18000030517578,89400
2026-07-17 10:40:00-03:00,57.18000030517578,57.529998779296875,57.18000030517578,57.529998779296875,160500
2026-07-17 10:45:00-03:00,57.540000915527344,57.90999984741211,57.52000045776367,57.88999938964844,269800
2026-07-17 10:50:00-03:00,57.880001068115234,57.900001525878906,57.77000045776367,57.77000045776367,51000
2026-07-17 10:55:00-03:00,57.77000045776367,57.90999984741211,57.7400016784668,57.88999938964844,99900
2026-07-17 11:00:00-03:00,57.869998931884766,58.0,57.790000915527344,57.95000076293945,77900
2026-07-17 11:05:00-03:00,57.95000076293945,58.0,57.59000015258789,57.650001525878906,77300
2026-07-17 11:10:00-03:00,57.63999938964844,57.63999938964844,57.470001220703125,57.560001373291016,185100
2026-07-17 11:15:00-03:00,57.560001373291016,57.56999969482422,57.45000076293945,57.4900016784668,54500
2026-07-17 11:20:00-03:00,57.4900016784668,57.54999923706055,57.4900016784668,57.52000045776367,20300
2026-07-17 11:25:00-03:00,57.529998779296875,57.63999938964844,57.5,57.63999938964844,44900
2026-07-17 11:30:00-03:00,57.630001068115234,57.720001220703125,57.599998474121094,57.68000030517578,49600
2026-07-17 11:35:00-03:00,57.66999816894531,57.689998626708984,57.599998474121094,57.61000061035156,123200
2026-07-17 11:40:00-03:00,57.619998931884766,57.7400016784668,57.619998931884766,57.720001220703125,69900
2026-07-17 11:45:00-03:00,57.75,57.75,57.68000030517578,57.68000030517578,19800
2026-07-17 11:50:00-03:00,57.66999816894531,57.72999954223633,57.619998931884766,57.720001220703125,14200
2026-07-17 11:55:00-03:00,57.72999954223633,57.72999954223633,57.54999923706055,57.59000015258789,31800
2026-07-17 12:00:00-03:00,57.58000183105469,57.630001068115234,57.4900016784668,57.52000045776367,33700
2026-07-17 12:05:00-03:00,57.52000045776367,57.59000015258789,57.5,57.54999923706055,21500
2026-07-17 12:10:00-03:00,57.56999969482422,57.58000183105469,57.4900016784668,57.540000915527344,20400
2026-07-17 12:15:00-03:00,57.540000915527344,57.58000183105469,57.43000030517578,57.439998626708984,27800
2026-07-17 12:20:00-03:00,57.439998626708984,57.560001373291016,57.400001525878906,57.560001373291016,21500
2026-07-17 12:25:00-03:00,57.56999969482422,57.630001068115234,57.560001373291016,57.58000183105469,99500
2026-07-17 12:30:00-03:00,57.58000183105469,57.63999938964844,57.529998779296875,57.56999969482422,278900
2026-07-17 12:35:00-03:00,57.56999969482422,57.619998931884766,57.54999923706055,57.59000015258789,18000
2026-07-17 12:40:00-03:00,57.59000015258789,57.61000061035156,57.54999923706055,57.58000183105469,20800
2026-07-17 12:45:00-03:00,57.58000183105469,57.66999816894531,57.54999923706055,57.54999923706055,30600
2026-07-17 12:50:00-03:00,57.54999923706055,57.56999969482422,57.5099983215332,57.54999923706055,19100
2026-07-17 12:55:00-03:00,57.56999969482422,57.58000183105469,57.5099983215332,57.52000045776367,44800
2026-07-17 13:00:00-03:00,57.52000045776367,57.630001068115234,57.52000045776367,57.619998931884766,22900
2026-07-17 13:05:00-03:00,57.630001068115234,57.66999816894531,57.61000061035156,57.63999938964844,23100
2026-07-17 13:10:00-03:00,57.66999816894531,57.66999816894531,57.59000015258789,57.599998474121094,21900
2026-07-17 13:15:00-03:00,57.59000015258789,57.63999938964844,57.59000015258789,57.63999938964844,32900
2026-07-17 13:20:00-03:00,57.630001068115234,57.65999984741211,57.59000015258789,57.65999984741211,23600
2026-07-17 13:25:00-03:00,57.66999816894531,57.70000076293945,57.61000061035156,57.68000030517578,36100
2026-07-17 13:30:00-03:00,57.68000030517578,57.68000030517578,57.630001068115234,57.66999816894531,19800
2026-07-17 13:35:00-03:00,57.689998626708984,57.689998626708984,57.61000061035156,57.61000061035156,10600
2026-07-17 13:40:00-03:00,57.61000061035156,57.619998931884766,57.56999969482422,57.61000061035156,10500
2026-07-17 13:45:00-03:00,57.61000061035156,57.61000061035156,57.560001373291016,57.599998474121094,16100
2026-07-17 13:50:00-03:00,57.61000061035156,57.61000061035156,57.5099983215332,57.560001373291016,22700
2026-07-17 13:55:00-03:00,57.560001373291016,57.56999969482422,57.54999923706055,57.54999923706055,11900
2026-07-17 14:00:00-03:00,57.54999923706055,57.619998931884766,57.54999923706055,57.61000061035156,20400
2026-07-17 14:05:00-03:00,57.619998931884766,57.65999984741211,57.61000061035156,57.619998931884766,20000
2026-07-17 14:10:00-03:00,57.619998931884766,57.66999816894531,57.61000061035156,57.619998931884766,39300
2026-07-17 14:15:00-03:00,57.63999938964844,57.63999938964844,57.599998474121094,57.599998474121094,24300
2026-07-17 14:20:00-03:00,57.599998474121094,57.63999938964844,57.58000183105469,57.63999938964844,21600
2026-07-17 14:25:00-03:00,57.63999938964844,57.66999816894531,57.630001068115234,57.650001525878906,19200
2026-07-17 14:30:00-03:00,57.63999938964844,57.7400016784668,57.63999938964844,57.709999084472656,46800
2026-07-17 14:35:00-03:00,57.709999084472656,57.720001220703125,57.630001068115234,57.68000030517578,53400
2026-07-17 14:40:00-03:00,57.65999984741211,57.65999984741211,57.61000061035156,57.61000061035156,16000
2026-07-17 14:45:00-03:00,57.619998931884766,57.779998779296875,57.61000061035156,57.779998779296875,50700
2026-07-17 14:50:00-03:00,57.77000045776367,57.79999923706055,57.720001220703125,57.7599983215332,34300
2026-07-17 14:55:00-03:00,57.7599983215332,57.77000045776367,57.650001525878906,57.650001525878906,28600
2026-07-17 15:00:00-03:00,57.650001525878906,57.709999084472656,57.56999969482422,57.63999938964844,44000
2026-07-17 15:05:00-03:00,57.630001068115234,57.70000076293945,57.599998474121094,57.61000061035156,34100
2026-07-17 15:10:00-03:00,57.619998931884766,57.70000076293945,57.619998931884766,57.70000076293945,58200
2026-07-17 15:15:00-03:00,57.70000076293945,57.75,57.70000076293945,57.709999084472656,143300
2026-07-17 15:20:00-03:00,57.709999084472656,57.83000183105469,57.689998626708984,57.79999923706055,66100
2026-07-17 15:25:00-03:00,57.810001373291016,57.93000030517578,57.79999923706055,57.86000061035156,75500
2026-07-17 15:30:00-03:00,57.86000061035156,57.869998931884766,57.75,57.79999923706055,58000
2026-07-17 15:35:00-03:00,57.779998779296875,57.779998779296875,57.599998474121094,57.66999816894531,52500
2026-07-17 15:40:00-03:00,57.689998626708984,57.709999084472656,57.63999938964844,57.70000076293945,66800
2026-07-17 15:45:00-03:00,57.70000076293945,57.7599983215332,57.689998626708984,57.720001220703125,39200
2026-07-17 15:50:00-03:00,57.72999954223633,57.75,57.720001220703125,57.7400016784668,14600
2026-07-17 15:55:00-03:00,57.75,57.7599983215332,57.72999954223633,57.7599983215332,32400
2026-07-17 16:00:00-03:00,57.75,57.75,57.61000061035156,57.630001068115234,68400
2026-07-17 16:05:00-03:00,57.630001068115234,57.65999984741211,57.59000015258789,57.650001525878906,286700
2026-07-17 16:10:00-03:00,57.650001525878906,57.7599983215332,57.63999938964844,57.7599983215332,52100
2026-07-17 16:15:00-03:00,57.75,57.7599983215332,57.70000076293945,57.7400016784668,28800
2026-07-17 16:20:00-03:00,57.75,57.869998931884766,57.75,57.849998474121094,48600
2026-07-17 16:25:00-03:00,57.86000061035156,57.869998931884766,57.790000915527344,57.83000183105469,27000
2026-07-17 16:30:00-03:00,57.84000015258789,57.84000015258789,57.7599983215332,57.81999969482422,27100
2026-07-17 16:35:00-03:00,57.81999969482422,57.90999984741211,57.810001373291016,57.83000183105469,113000
2026-07-17 16:40:00-03:00,57.84000015258789,57.880001068115234,57.810001373291016,57.81999969482422,99500
2026-07-17 16:45:00-03:00,57.810001373291016,57.810001373291016,57.709999084472656,57.7599983215332,80500
2026-07-17 16:50:00-03:00,57.77000045776367,57.86000061035156,57.75,57.84000015258789,58100
2026-07-20 10:05:00-03:00,57.849998474121094,57.900001525878906,57.619998931884766,57.869998931884766,62100
2026-07-20 10:10:00-03:00,57.86000061035156,58.0099983215332,57.86000061035156,57.93000030517578,65800
2026-07-20 10:15:00-03:00,57.959999084472656,58.060001373291016,57.849998474121094,57.91999816894531,60200
2026-07-20 10:20:00-03:00,57.93000030517578,58.02000045776367,57.93000030517578,58.0,32200
2026-07-20 10:25:00-03:00,58.02000045776367,58.02000045776367,57.77000045776367,57.77000045776367,65800
2026-07-20 10:30:00-03:00,57.790000915527344,57.83000183105469,57.63999938964844,57.650001525878906,72900
2026-07-20 10:35:00-03:00,57.70000076293945,57.900001525878906,57.70000076293945,57.81999969482422,35100
2026-07-20 10:40:00-03:00,57.810001373291016,57.91999816894531,57.779998779296875,57.88999938964844,37100
2026-07-20 10:45:00-03:00,57.900001525878906,58.09000015258789,57.880001068115234,58.09000015258789,59800
2026-07-20 10:50:00-03:00,58.09000015258789,58.18000030517578,57.9900016784668,58.150001525878906,103100
2026-07-20 10:55:00-03:00,58.13999938964844,58.18000030517578,58.08000183105469,58.130001068115234,36900
2026-07-20 11:00:00-03:00,58.15999984741211,58.16999816894531,58.0099983215332,58.040000915527344,35100
2026-07-20 11:05:00-03:00,58.06999969482422,58.16999816894531,58.040000915527344,58.099998474121094,44500
2026-07-20 11:10:00-03:00,58.11000061035156,58.150001525878906,58.099998474121094,58.150001525878906,18300
2026-07-20 11:15:00-03:00,58.150001525878906,58.20000076293945,58.11000061035156,58.130001068115234,36700
2026-07-20 11:20:00-03:00,58.150001525878906,58.27000045776367,58.119998931884766,58.119998931884766,47500
2026-07-20 11:25:00-03:00,58.119998931884766,58.15999984741211,58.06999969482422,58.11000061035156,23300
2026-07-20 11:30:00-03:00,58.119998931884766,58.43000030517578,58.119998931884766,58.34000015258789,128300
2026-07-20 11:35:00-03:00,58.349998474121094,58.38999938964844,58.29999923706055,58.29999923706055,26300
2026-07-20 11:40:00-03:00,58.310001373291016,58.33000183105469,58.20000076293945,58.279998779296875,86600
2026-07-20 11:45:00-03:00,58.29999923706055,58.439998626708984,58.29999923706055,58.439998626708984,53000
2026-07-20 11:50:00-03:00,58.439998626708984,58.59000015258789,58.40999984741211,58.529998779296875,70100
2026-07-20 11:55:00-03:00,58.540000915527344,58.58000183105469,58.45000076293945,58.540000915527344,30600
2026-07-20 12:00:00-03:00,58.54999923706055,58.54999923706055,58.400001525878906,58.41999816894531,29200
2026-07-20 12:05:00-03:00,58.439998626708984,58.470001220703125,58.20000076293945,58.20000076293945,38800
2026-07-20 12:10:00-03:00,58.22999954223633,58.33000183105469,58.18000030517578,58.189998626708984,33200
2026-07-20 12:15:00-03:00,58.209999084472656,58.5,58.189998626708984,58.47999954223633,60900
2026-07-20 12:20:00-03:00,58.5,58.599998474121094,58.470001220703125,58.470001220703125,51800
2026-07-20 12:25:00-03:00,58.47999954223633,58.540000915527344,58.189998626708984,58.279998779296875,124400
2026-07-20 12:30:00-03:00,58.2400016784668,58.29999923706055,58.220001220703125,58.2400016784668,23900
2026-07-20 12:35:00-03:00,58.2599983215332,58.31999969482422,58.2400016784668,58.2599983215332,12000
2026-07-20 12:40:00-03:00,58.279998779296875,58.36000061035156,58.20000076293945,58.20000076293945,38200
2026-07-20 12:45:00-03:00,58.20000076293945,58.209999084472656,58.18000030517578,58.18000030517578,16100
2026-07-20 12:50:00-03:00,58.20000076293945,58.33000183105469,58.189998626708984,58.310001373291016,15200
2026-07-20 12:55:00-03:00,58.31999969482422,58.380001068115234,58.220001220703125,58.25,25000
2026-07-20 13:00:00-03:00,58.209999084472656,58.310001373291016,58.209999084472656,58.290000915527344,8800
2026-07-20 13:05:00-03:00,58.310001373291016,58.310001373291016,58.2400016784668,58.279998779296875,8300
2026-07-20 13:10:00-03:00,58.279998779296875,58.29999923706055,58.2400016784668,58.2599983215332,13300
2026-07-20 13:15:00-03:00,58.2599983215332,58.31999969482422,58.2599983215332,58.290000915527344,11700
2026-07-20 13:20:00-03:00,58.290000915527344,58.310001373291016,58.130001068115234,58.20000076293945,32000
2026-07-20 13:25:00-03:00,58.20000076293945,58.27000045776367,58.20000076293945,58.220001220703125,10300
2026-07-20 13:30:00-03:00,58.220001220703125,58.290000915527344,58.16999816894531,58.20000076293945,23700
2026-07-20 13:35:00-03:00,58.20000076293945,58.2400016784668,58.189998626708984,58.22999954223633,12600
2026-07-20 13:40:00-03:00,58.209999084472656,58.400001525878906,58.20000076293945,58.290000915527344,41400
2026-07-20 13:45:00-03:00,58.279998779296875,58.279998779296875,58.20000076293945,58.209999084472656,16100
2026-07-20 13:50:00-03:00,58.209999084472656,58.279998779296875,58.20000076293945,58.22999954223633,14100
2026-07-20 13:55:00-03:00,58.25,58.27000045776367,58.20000076293945,58.2599983215332,21100
2026-07-20 14:00:00-03:00,58.279998779296875,58.349998474121094,58.220001220703125,58.22999954223633,23400
2026-07-20 14:05:00-03:00,58.22999954223633,58.25,58.150001525878906,58.16999816894531,24700
2026-07-20 14:10:00-03:00,58.15999984741211,58.209999084472656,58.130001068115234,58.15999984741211,27800
2026-07-20 14:15:00-03:00,58.15999984741211,58.18000030517578,58.119998931884766,58.16999816894531,20000
2026-07-20 14:20:00-03:00,58.16999816894531,58.380001068115234,58.16999816894531,58.380001068115234,32900
2026-07-20 14:25:00-03:00,58.36000061035156,58.459999084472656,58.310001373291016,58.40999984741211,43000
2026-07-20 14:30:00-03:00,58.439998626708984,58.47999954223633,58.369998931884766,58.43000030517578,42500
2026-07-20 14:35:00-03:00,58.43000030517578,58.439998626708984,58.349998474121094,58.38999938964844,22500
2026-07-20 14:40:00-03:00,58.38999938964844,58.400001525878906,58.33000183105469,58.33000183105469,16400
2026-07-20 14:45:00-03:00,58.33000183105469,58.369998931884766,58.33000183105469,58.36000061035156,15100
2026-07-20 14:50:00-03:00,58.34000015258789,58.40999984741211,58.34000015258789,58.400001525878906,19500
2026-07-20 14:55:00-03:00,58.40999984741211,58.5099983215332,58.400001525878906,58.5099983215332,56400
2026-07-20 15:00:00-03:00,58.5099983215332,58.58000183105469,58.5,58.54999923706055,45800
2026-07-20 15:05:00-03:00,58.54999923706055,58.56999969482422,58.45000076293945,58.52000045776367,50800
2026-07-20 15:10:00-03:00,58.5099983215332,58.56999969482422,58.4900016784668,58.5099983215332,17100
2026-07-20 15:15:00-03:00,58.52000045776367,58.599998474121094,58.5099983215332,58.560001373291016,29300
2026-07-20 15:20:00-03:00,58.540000915527344,58.54999923706055,58.400001525878906,58.5099983215332,46000
2026-07-20 15:25:00-03:00,58.4900016784668,58.70000076293945,58.4900016784668,58.66999816894531,129800
2026-07-20 15:30:00-03:00,58.66999816894531,58.720001220703125,58.630001068115234,58.70000076293945,34700
2026-07-20 15:35:00-03:00,58.689998626708984,58.689998626708984,58.560001373291016,58.560001373291016,34100
2026-07-20 15:40:00-03:00,58.560001373291016,58.630001068115234,58.47999954223633,58.54999923706055,61900
2026-07-20 15:45:00-03:00,58.560001373291016,58.560001373291016,58.5,58.5,24900
2026-07-20 15:50:00-03:00,58.5,58.5,58.41999816894531,58.439998626708984,39100
2026-07-20 15:55:00-03:00,58.45000076293945,58.459999084472656,58.31999969482422,58.400001525878906,78900
2026-07-20 16:00:00-03:00,58.400001525878906,58.459999084472656,58.400001525878906,58.40999984741211,30000
2026-07-20 16:05:00-03:00,58.40999984741211,58.45000076293945,58.38999938964844,58.41999816894531,35400
2026-07-20 16:10:00-03:00,58.400001525878906,58.459999084472656,58.400001525878906,58.45000076293945,41500
2026-07-20 16:15:00-03:00,58.43000030517578,58.459999084472656,58.400001525878906,58.400001525878906,56900
2026-07-20 16:20:00-03:00,58.400001525878906,58.40999984741211,58.34000015258789,58.40999984741211,56900
2026-07-20 16:25:00-03:00,58.38999938964844,58.40999984741211,57.9900016784668,58.08000183105469,259700
2026-07-20 16:30:00-03:00,58.06999969482422,58.06999969482422,57.869998931884766,57.91999816894531,126300
2026-07-20 16:35:00-03:00,57.93000030517578,58.029998779296875,57.869998931884766,57.95000076293945,157600
2026-07-20 16:40:00-03:00,57.95000076293945,58.11000061035156,57.939998626708984,58.099998474121094,250400
2026-07-20 16:45:00-03:00,58.08000183105469,58.099998474121094,57.95000076293945,57.9900016784668,185000
2026-07-20 16:50:00-03:00,57.9900016784668,58.0,57.900001525878906,57.959999084472656,117200
2026-07-21 10:00:00-03:00,58.150001525878906,58.61000061035156,58.130001068115234,58.5,0
2026-07-21 10:05:00-03:00,58.47999954223633,58.650001525878906,58.310001373291016,58.36000061035156,106800
2026-07-21 10:10:00-03:00,58.33000183105469,58.4900016784668,58.18000030517578,58.220001220703125,87400
2026-07-21 10:15:00-03:00,58.209999084472656,58.380001068115234,58.119998931884766,58.16999816894531,131100
2026-07-21 10:20:00-03:00,58.130001068115234,58.279998779296875,58.11000061035156,58.27000045776367,22000
2026-07-21 10:25:00-03:00,58.220001220703125,58.290000915527344,58.18000030517578,58.22999954223633,17600
2026-07-21 10:30:00-03:00,58.27000045776367,58.470001220703125,58.189998626708984,58.310001373291016,87800
2026-07-21 10:35:00-03:00,58.290000915527344,58.34000015258789,58.20000076293945,58.279998779296875,38900
2026-07-21 10:40:00-03:00,58.2599983215332,58.75,58.2599983215332,58.65999984741211,177300
2026-07-21 10:45:00-03:00,58.630001068115234,58.709999084472656,58.560001373291016,58.599998474121094,112900
2026-07-21 10:50:00-03:00,58.560001373291016,58.63999938964844,58.5,58.619998931884766,28400
2026-07-21 10:55:00-03:00,58.619998931884766,58.709999084472656,58.54999923706055,58.68000030517578,48400
2026-07-21 11:00:00-03:00,58.70000076293945,58.720001220703125,58.619998931884766,58.66999816894531,40500
2026-07-21 11:05:00-03:00,58.689998626708984,58.93000030517578,58.65999984741211,58.83000183105469,125800
2026-07-21 11:10:00-03:00,58.84000015258789,58.91999816894531,58.709999084472656,58.7400016784668,82800
2026-07-21 11:15:00-03:00,58.7400016784668,58.83000183105469,58.7400016784668,58.790000915527344,25000
2026-07-21 11:20:00-03:00,58.790000915527344,58.93000030517578,58.790000915527344,58.84000015258789,31900
2026-07-21 11:25:00-03:00,58.84000015258789,58.900001525878906,58.810001373291016,58.880001068115234,13300
2026-07-21 11:30:00-03:00,58.880001068115234,58.900001525878906,58.810001373291016,58.900001525878906,76500
2026-07-21 11:35:00-03:00,58.88999938964844,58.959999084472656,58.720001220703125,58.880001068115234,67300
2026-07-21 11:40:00-03:00,58.869998931884766,58.93000030517578,58.84000015258789,58.880001068115234,23800
2026-07-21 11:45:00-03:00,58.869998931884766,58.900001525878906,58.77000045776367,58.79999923706055,29800
2026-07-21 11:50:00-03:00,58.79999923706055,58.880001068115234,58.650001525878906,58.65999984741211,84500
2026-07-21 11:55:00-03:00,58.68000030517578,58.70000076293945,58.61000061035156,58.70000076293945,52900
2026-07-21 12:00:00-03:00,58.689998626708984,58.95000076293945,58.689998626708984,58.86000061035156,96300
2026-07-21 12:05:00-03:00,58.86000061035156,58.90999984741211,58.7599983215332,58.869998931884766,34000
2026-07-21 12:10:00-03:00,58.900001525878906,58.900001525878906,58.77000045776367,58.779998779296875,48500
2026-07-21 12:15:00-03:00,58.77000045776367,58.79999923706055,58.540000915527344,58.56999969482422,111300
2026-07-21 12:20:00-03:00,58.54999923706055,58.58000183105469,58.5099983215332,58.529998779296875,32500
2026-07-21 12:25:00-03:00,58.529998779296875,58.58000183105469,58.5099983215332,58.58000183105469,25400
2026-07-21 12:30:00-03:00,58.58000183105469,58.599998474121094,58.56999969482422,58.59000015258789,19900
2026-07-21 12:35:00-03:00,58.599998474121094,58.66999816894531,58.56999969482422,58.650001525878906,30800
2026-07-21 12:40:00-03:00,58.63999938964844,58.63999938964844,58.54999923706055,58.599998474121094,20700
2026-07-21 12:45:00-03:00,58.599998474121094,58.599998474121094,58.5,58.58000183105469,43900
2026-07-21 12:50:00-03:00,58.560001373291016,58.630001068115234,58.560001373291016,58.58000183105469,20400
2026-07-21 12:55:00-03:00,58.599998474121094,58.650001525878906,58.560001373291016,58.58000183105469,21000
2026-07-21 13:00:00-03:00,58.560001373291016,58.599998474121094,58.560001373291016,58.59000015258789,13400
2026-07-21 13:05:00-03:00,58.59000015258789,58.59000015258789,58.5099983215332,58.540000915527344,14600
2026-07-21 13:10:00-03:00,58.540000915527344,58.540000915527344,58.52000045776367,58.529998779296875,13000
2026-07-21 13:15:00-03:00,58.529998779296875,58.54999923706055,58.52000045776367,58.52000045776367,11600
2026-07-21 13:20:00-03:00,58.529998779296875,58.529998779296875,58.4900016784668,58.5,16500
2026-07-21 13:25:00-03:00,58.5,58.58000183105469,58.45000076293945,58.58000183105469,28900
2026-07-21 13:30:00-03:00,58.58000183105469,58.75,58.54999923706055,58.7400016784668,48200
2026-07-21 13:35:00-03:00,58.75,58.79999923706055,58.7400016784668,58.75,43000
2026-07-21 13:40:00-03:00,58.7599983215332,58.77000045776367,58.72999954223633,58.75,34600
2026-07-21 13:45:00-03:00,58.72999954223633,58.86000061035156,58.72999954223633,58.849998474121094,61800
2026-07-21 13:50:00-03:00,58.86000061035156,58.86000061035156,58.77000045776367,58.77000045776367,20900
2026-07-21 13:55:00-03:00,58.7599983215332,58.779998779296875,58.72999954223633,58.75,19400
2026-07-21 14:00:00-03:00,58.7599983215332,58.84000015258789,58.709999084472656,58.7599983215332,54100
2026-07-21 14:05:00-03:00,58.7599983215332,58.7599983215332,58.650001525878906,58.68000030517578,21200
2026-07-21 14:10:00-03:00,58.68000030517578,58.72999954223633,58.650001525878906,58.65999984741211,30000
2026-07-21 14:15:00-03:00,58.65999984741211,58.689998626708984,58.54999923706055,58.599998474121094,287700
2026-07-21 14:20:00-03:00,58.59000015258789,58.650001525878906,58.54999923706055,58.56999969482422,75800
2026-07-21 14:25:00-03:00,58.560001373291016,58.58000183105469,58.529998779296875,58.54999923706055,31400
2026-07-21 14:30:00-03:00,58.540000915527344,58.59000015258789,58.52000045776367,58.59000015258789,54000
2026-07-21 14:35:00-03:00,58.59000015258789,58.599998474121094,58.540000915527344,58.560001373291016,24000
2026-07-21 14:40:00-03:00,58.56999969482422,58.650001525878906,58.540000915527344,58.61000061035156,84100
2026-07-21 14:45:00-03:00,58.619998931884766,58.63999938964844,58.40999984741211,58.5099983215332,296000
2026-07-21 14:50:00-03:00,58.52000045776367,58.529998779296875,58.4900016784668,58.529998779296875,16900
2026-07-21 14:55:00-03:00,58.529998779296875,58.599998474121094,58.529998779296875,58.599998474121094,46000
2026-07-21 15:00:00-03:00,58.59000015258789,58.599998474121094,58.540000915527344,58.599998474121094,26600
2026-07-21 15:05:00-03:00,58.58000183105469,58.58000183105469,58.52000045776367,58.540000915527344,28400
2026-07-21 15:10:00-03:00,58.540000915527344,58.59000015258789,58.529998779296875,58.560001373291016,21300
2026-07-21 15:15:00-03:00,58.540000915527344,58.56999969482422,58.5099983215332,58.540000915527344,23600
2026-07-21 15:20:00-03:00,58.540000915527344,58.540000915527344,58.459999084472656,58.5099983215332,20300
2026-07-21 15:25:00-03:00,58.4900016784668,58.52000045776367,58.470001220703125,58.47999954223633,27400
2026-07-21 15:30:00-03:00,58.47999954223633,58.540000915527344,58.459999084472656,58.5099983215332,36000
2026-07-21 15:35:00-03:00,58.5099983215332,58.5099983215332,58.439998626708984,58.4900016784668,31800
2026-07-21 15:40:00-03:00,58.47999954223633,58.4900016784668,58.380001068115234,58.459999084472656,31100
2026-07-21 15:45:00-03:00,58.459999084472656,58.5,58.41999816894531,58.43000030517578,36200
2026-07-21 15:50:00-03:00,58.439998626708984,58.45000076293945,58.38999938964844,58.41999816894531,29600
2026-07-21 15:55:00-03:00,58.41999816894531,58.41999816894531,58.310001373291016,58.38999938964844,56100
2026-07-21 16:00:00-03:00,58.38999938964844,58.459999084472656,58.38999938964844,58.40999984741211,30000
2026-07-21 16:05:00-03:00,58.40999984741211,58.45000076293945,58.380001068115234,58.43000030517578,23700
2026-07-21 16:10:00-03:00,58.43000030517578,58.459999084472656,58.38999938964844,58.400001525878906,19200
2026-07-21 16:15:00-03:00,58.380001068115234,58.41999816894531,58.380001068115234,58.40999984741211,16000
2026-07-21 16:20:00-03:00,58.40999984741211,58.41999816894531,58.38999938964844,58.41999816894531,15800
2026-07-21 16:25:00-03:00,58.41999816894531,58.41999816894531,58.380001068115234,58.38999938964844,16200
2026-07-21 16:30:00-03:00,58.400001525878906,58.470001220703125,58.31999969482422,58.400001525878906,72600
2026-07-21 16:35:00-03:00,58.40999984741211,58.40999984741211,58.29999923706055,58.33000183105469,48600
2026-07-21 16:40:00-03:00,58.33000183105469,58.33000183105469,58.29999923706055,58.310001373291016,24100
2026-07-21 16:45:00-03:00,58.29999923706055,58.31999969482422,58.2599983215332,58.27000045776367,31300
2026-07-21 16:50:00-03:00,58.2599983215332,58.279998779296875,58.2400016784668,58.25,40200
2026-07-22 10:00:00-03:00,58.90999984741211,59.0,58.65999984741211,58.810001373291016,99700
2026-07-22 10:05:00-03:00,58.810001373291016,59.20000076293945,58.65999984741211,59.099998474121094,133400
2026-07-22 10:10:00-03:00,59.11000061035156,59.11000061035156,58.95000076293945,58.9900016784668,51300
2026-07-22 10:15:00-03:00,58.970001220703125,59.18000030517578,58.939998626708984,59.06999969482422,58900
2026-07-22 10:20:00-03:00,59.0099983215332,59.29999923706055,59.0099983215332,59.27000045776367,86600
2026-07-22 10:25:00-03:00,59.22999954223633,59.29999923706055,59.209999084472656,59.29999923706055,46600
2026-07-22 10:30:00-03:00,59.279998779296875,59.560001373291016,59.27000045776367,59.52000045776367,121600
2026-07-22 10:35:00-03:00,59.5099983215332,59.599998474121094,59.439998626708984,59.529998779296875,86200
2026-07-22 10:40:00-03:00,59.540000915527344,59.63999938964844,59.36000061035156,59.54999923706055,96000
2026-07-22 10:45:00-03:00,59.529998779296875,59.599998474121094,59.439998626708984,59.58000183105469,25500
2026-07-22 10:50:00-03:00,59.560001373291016,59.68000030517578,59.5099983215332,59.650001525878906,106000
2026-07-22 10:55:00-03:00,59.63999938964844,59.689998626708984,59.52000045776367,59.52000045776367,88300
2026-07-22 11:00:00-03:00,59.52000045776367,59.630001068115234,59.41999816894531,59.41999816894531,51500
2026-07-22 11:05:00-03:00,59.43000030517578,59.630001068115234,59.41999816894531,59.560001373291016,53800
2026-07-22 11:10:00-03:00,59.56999969482422,59.650001525878906,59.529998779296875,59.599998474121094,53900
2026-07-22 11:15:00-03:00,59.61000061035156,59.70000076293945,59.58000183105469,59.650001525878906,34900
2026-07-22 11:20:00-03:00,59.619998931884766,59.689998626708984,59.59000015258789,59.630001068115234,15100
2026-07-22 11:25:00-03:00,59.61000061035156,59.65999984741211,59.5,59.5,61200
2026-07-22 11:30:00-03:00,59.4900016784668,59.52000045776367,59.45000076293945,59.470001220703125,16900
2026-07-22 11:35:00-03:00,59.470001220703125,59.470001220703125,59.349998474121094,59.369998931884766,98200
2026-07-22 11:40:00-03:00,59.369998931884766,59.400001525878906,59.29999923706055,59.380001068115234,34200
2026-07-22 11:45:00-03:00,59.36000061035156,59.38999938964844,59.290000915527344,59.33000183105469,54900
2026-07-22 11:50:00-03:00,59.33000183105469,59.33000183105469,59.209999084472656,59.290000915527344,67200
2026-07-22 11:55:00-03:00,59.279998779296875,59.279998779296875,59.16999816894531,59.20000076293945,38600
2026-07-22 12:00:00-03:00,59.22999954223633,59.349998474121094,59.18000030517578,59.31999969482422,70800
2026-07-22 12:05:00-03:00,59.31999969482422,59.400001525878906,59.290000915527344,59.369998931884766,38700
2026-07-22 12:10:00-03:00,59.36000061035156,59.40999984741211,59.34000015258789,59.380001068115234,57900
2026-07-22 12:15:00-03:00,59.38999938964844,59.400001525878906,59.33000183105469,59.34000015258789,26300
2026-07-22 12:20:00-03:00,59.34000015258789,59.59000015258789,59.33000183105469,59.41999816894531,77900
2026-07-22 12:25:00-03:00,59.41999816894531,59.41999816894531,59.36000061035156,59.380001068115234,22700
2026-07-22 12:30:00-03:00,59.369998931884766,59.40999984741211,59.34000015258789,59.349998474121094,29400
2026-07-22 12:35:00-03:00,59.36000061035156,59.380001068115234,59.209999084472656,59.290000915527344,48600
2026-07-22 12:40:00-03:00,59.27000045776367,59.38999938964844,59.27000045776367,59.34000015258789,39400
2026-07-22 12:45:00-03:00,59.33000183105469,59.33000183105469,59.16999816894531,59.16999816894531,49800
2026-07-22 12:50:00-03:00,59.16999816894531,59.18000030517578,59.130001068115234,59.16999816894531,27200
2026-07-22 12:55:00-03:00,59.16999816894531,59.209999084472656,59.150001525878906,59.15999984741211,21500
2026-07-22 13:00:00-03:00,59.15999984741211,59.25,59.15999984741211,59.25,29800
2026-07-22 13:05:00-03:00,59.25,59.29999923706055,59.220001220703125,59.290000915527344,33600
2026-07-22 13:10:00-03:00,59.290000915527344,59.290000915527344,59.22999954223633,59.279998779296875,17800
2026-07-22 13:15:00-03:00,59.290000915527344,59.310001373291016,59.20000076293945,59.220001220703125,18800
2026-07-22 13:20:00-03:00,59.220001220703125,59.279998779296875,59.20000076293945,59.2599983215332,16300
2026-07-22 13:25:00-03:00,59.2599983215332,59.34000015258789,59.16999816894531,59.18000030517578,36000
2026-07-22 13:30:00-03:00,59.18000030517578,59.31999969482422,59.18000030517578,59.2599983215332,30200
2026-07-22 13:35:00-03:00,59.2599983215332,59.369998931884766,59.2400016784668,59.36000061035156,44500
2026-07-22 13:40:00-03:00,59.36000061035156,59.380001068115234,59.31999969482422,59.369998931884766,59700
2026-07-22 13:45:00-03:00,59.369998931884766,59.369998931884766,59.2400016784668,59.279998779296875,25600
2026-07-22 13:50:00-03:00,59.279998779296875,59.31999969482422,59.18000030517578,59.20000076293945,34500
2026-07-22 13:55:00-03:00,59.220001220703125,59.22999954223633,59.18000030517578,59.220001220703125,29400
2026-07-22 14:00:00-03:00,59.220001220703125,59.279998779296875,59.20000076293945,59.2400016784668,36800
2026-07-22 14:05:00-03:00,59.25,59.279998779296875,59.209999084472656,59.220001220703125,24600
2026-07-22 14:10:00-03:00,59.220001220703125,59.25,59.20000076293945,59.209999084472656,24400
2026-07-22 14:15:00-03:00,59.220001220703125,59.2400016784668,59.11000061035156,59.18000030517578,96500
2026-07-22 14:20:00-03:00,59.189998626708984,59.279998779296875,59.189998626708984,59.2599983215332,30700
2026-07-22 14:25:00-03:00,59.27000045776367,59.27000045776367,59.20000076293945,59.209999084472656,47000
2026-07-22 14:30:00-03:00,59.209999084472656,59.29999923706055,59.20000076293945,59.290000915527344,45300
2026-07-22 14:35:00-03:00,59.279998779296875,59.34000015258789,59.2599983215332,59.33000183105469,26000
2026-07-22 14:40:00-03:00,59.34000015258789,59.45000076293945,59.31999969482422,59.380001068115234,91600
2026-07-22 14:45:00-03:00,59.369998931884766,59.45000076293945,59.36000061035156,59.439998626708984,30600
2026-07-22 14:50:00-03:00,59.439998626708984,59.470001220703125,59.43000030517578,59.439998626708984,31500
2026-07-22 14:55:00-03:00,59.439998626708984,59.59000015258789,59.439998626708984,59.58000183105469,136100
2026-07-22 15:00:00-03:00,59.59000015258789,59.91999816894531,59.59000015258789,59.900001525878906,144600
2026-07-22 15:05:00-03:00,59.900001525878906,59.970001220703125,59.84000015258789,59.84000015258789,44100
2026-07-22 15:10:00-03:00,59.84000015258789,59.93000030517578,59.70000076293945,59.779998779296875,78600
2026-07-22 15:15:00-03:00,59.7599983215332,59.779998779296875,59.650001525878906,59.75,32300
2026-07-22 15:20:00-03:00,59.7599983215332,59.81999969482422,59.66999816894531,59.66999816894531,108800
2026-07-22 15:25:00-03:00,59.68000030517578,59.790000915527344,59.56999969482422,59.63999938964844,119200
2026-07-22 15:30:00-03:00,59.630001068115234,59.66999816894531,59.560001373291016,59.65999984741211,97100
2026-07-22 15:35:00-03:00,59.65999984741211,59.79999923706055,59.630001068115234,59.79999923706055,70600
2026-07-22 15:40:00-03:00,59.79999923706055,59.869998931884766,59.7599983215332,59.84000015258789,53500
2026-07-22 15:45:00-03:00,59.84000015258789,59.88999938964844,59.7599983215332,59.84000015258789,46000
2026-07-22 15:50:00-03:00,59.84000015258789,59.90999984741211,59.83000183105469,59.84000015258789,33600
2026-07-22 15:55:00-03:00,59.849998474121094,59.939998626708984,59.81999969482422,59.93000030517578,34300
2026-07-22 16:00:00-03:00,59.939998626708984,59.939998626708984,59.79999923706055,59.84000015258789,30100
2026-07-22 16:05:00-03:00,59.849998474121094,59.880001068115234,59.81999969482422,59.880001068115234,29200
2026-07-22 16:10:00-03:00,59.869998931884766,59.900001525878906,59.849998474121094,59.88999938964844,24400
2026-07-22 16:15:00-03:00,59.88999938964844,59.900001525878906,59.79999923706055,59.79999923706055,39500
2026-07-22 16:20:00-03:00,59.83000183105469,59.849998474121094,59.790000915527344,59.81999969482422,19200
2026-07-22 16:25:00-03:00,59.83000183105469,59.97999954223633,59.810001373291016,59.90999984741211,105100
2026-07-22 16:30:00-03:00,59.900001525878906,59.939998626708984,59.86000061035156,59.939998626708984,42300
2026-07-22 16:35:00-03:00,59.939998626708984,59.9900016784668,59.849998474121094,59.869998931884766,83200
2026-07-22 16:40:00-03:00,59.880001068115234,59.939998626708984,59.869998931884766,59.88999938964844,84400
2026-07-22 16:45:00-03:00,59.869998931884766,59.91999816894531,59.869998931884766,59.900001525878906,50700
2026-07-22 16:50:00-03:00,59.900001525878906,59.95000076293945,59.900001525878906,59.900001525878906,72300
2026-07-23 10:05:00-03:00,61.0,61.13999938964844,60.68000030517578,60.790000915527344,106400
2026-07-23 10:10:00-03:00,60.790000915527344,60.91999816894531,60.560001373291016,60.91999816894531,274000
2026-07-23 10:15:00-03:00,60.900001525878906,60.91999816894531,60.70000076293945,60.810001373291016,86100
2026-07-23 10:20:00-03:00,60.83000183105469,60.86000061035156,60.650001525878906,60.720001220703125,49600
2026-07-23 10:25:00-03:00,60.70000076293945,60.91999816894531,60.70000076293945,60.84000015258789,116200
2026-07-23 10:30:00-03:00,60.84000015258789,61.150001525878906,60.720001220703125,61.150001525878906,241000
2026-07-23 10:35:00-03:00,61.150001525878906,61.18000030517578,61.0,61.029998779296875,53900
2026-07-23 10:40:00-03:00,61.029998779296875,61.18000030517578,60.88999938964844,61.16999816894531,87300
2026-07-23 10:45:00-03:00,61.16999816894531,61.209999084472656,60.97999954223633,61.02000045776367,110900
2026-07-23 10:50:00-03:00,60.97999954223633,61.20000076293945,60.95000076293945,61.099998474121094,78400
2026-07-23 10:55:00-03:00,61.099998474121094,61.099998474121094,60.970001220703125,61.0,39000
2026-07-23 11:00:00-03:00,60.970001220703125,61.029998779296875,60.880001068115234,60.939998626708984,50200
2026-07-23 11:05:00-03:00,60.90999984741211,60.959999084472656,60.86000061035156,60.91999816894531,44600
2026-07-23 11:10:00-03:00,60.91999816894531,61.060001373291016,60.869998931884766,60.959999084472656,53900
2026-07-23 11:15:00-03:00,60.959999084472656,60.970001220703125,60.779998779296875,60.790000915527344,83300
2026-07-23 11:20:00-03:00,60.79999923706055,60.900001525878906,60.75,60.900001525878906,34300
2026-07-23 11:25:00-03:00,60.88999938964844,60.939998626708984,60.81999969482422,60.90999984741211,34000
2026-07-23 11:30:00-03:00,60.90999984741211,61.150001525878906,60.900001525878906,61.040000915527344,82000
2026-07-23 11:35:00-03:00,61.0,61.150001525878906,60.93000030517578,61.130001068115234,86100
2026-07-23 11:40:00-03:00,61.11000061035156,61.2400016784668,61.08000183105469,61.15999984741211,608600
2026-07-23 11:45:00-03:00,61.18000030517578,61.34000015258789,61.099998474121094,61.33000183105469,105000
2026-07-23 11:50:00-03:00,61.33000183105469,61.349998474121094,61.20000076293945,61.220001220703125,40700
2026-07-23 11:55:00-03:00,61.220001220703125,61.220001220703125,61.150001525878906,61.20000076293945,26900
2026-07-23 12:00:00-03:00,61.20000076293945,61.27000045776367,61.13999938964844,61.2599983215332,49000
2026-07-23 12:05:00-03:00,61.2599983215332,61.34000015258789,61.209999084472656,61.25,45900
2026-07-23 12:10:00-03:00,61.25,61.279998779296875,61.16999816894531,61.209999084472656,39500
2026-07-23 12:15:00-03:00,61.220001220703125,61.2599983215332,61.119998931884766,61.15999984741211,36500
2026-07-23 12:20:00-03:00,61.130001068115234,61.209999084472656,61.119998931884766,61.189998626708984,21600
2026-07-23 12:25:00-03:00,61.20000076293945,61.2400016784668,61.11000061035156,61.13999938964844,35000
2026-07-23 12:30:00-03:00,61.13999938964844,61.2400016784668,61.11000061035156,61.220001220703125,21300
2026-07-23 12:35:00-03:00,61.22999954223633,61.25,61.060001373291016,61.11000061035156,39800
2026-07-23 12:40:00-03:00,61.099998474121094,61.13999938964844,61.029998779296875,61.04999923706055,34900
2026-07-23 12:45:00-03:00,61.04999923706055,61.18000030517578,61.0099983215332,61.08000183105469,63600
2026-07-23 12:50:00-03:00,61.08000183105469,61.209999084472656,61.04999923706055,61.209999084472656,34100
2026-07-23 12:55:00-03:00,61.209999084472656,61.220001220703125,61.18000030517578,61.20000076293945,35400
2026-07-23 13:00:00-03:00,61.20000076293945,61.290000915527344,61.18000030517578,61.279998779296875,34300
2026-07-23 13:05:00-03:00,61.27000045776367,61.279998779296875,61.220001220703125,61.220001220703125,32300
2026-07-23 13:10:00-03:00,61.220001220703125,61.2400016784668,61.16999816894531,61.189998626708984,24000
2026-07-23 13:15:00-03:00,61.189998626708984,61.22999954223633,61.16999816894531,61.18000030517578,17100
2026-07-23 13:20:00-03:00,61.18000030517578,61.22999954223633,61.099998474121094,61.11000061035156,43800
2026-07-23 13:25:00-03:00,61.11000061035156,61.15999984741211,61.08000183105469,61.15999984741211,14500
2026-07-23 13:30:00-03:00,61.150001525878906,61.150001525878906,61.04999923706055,61.119998931884766,71300
2026-07-23 13:35:00-03:00,61.099998474121094,61.15999984741211,61.099998474121094,61.130001068115234,22300
2026-07-23 13:40:00-03:00,61.119998931884766,61.189998626708984,61.09000015258789,61.18000030517578,28200
2026-07-23 13:45:00-03:00,61.18000030517578,61.20000076293945,61.16999816894531,61.20000076293945,15400
2026-07-23 13:50:00-03:00,61.18000030517578,61.189998626708984,61.150001525878906,61.15999984741211,16500
2026-07-23 13:55:00-03:00,61.15999984741211,61.20000076293945,61.11000061035156,61.16999816894531,34600
2026-07-23 14:00:00-03:00,61.16999816894531,61.189998626708984,61.119998931884766,61.130001068115234,34000
2026-07-23 14:05:00-03:00,61.11000061035156,61.13999938964844,60.97999954223633,61.029998779296875,56000
2026-07-23 14:10:00-03:00,61.029998779296875,61.040000915527344,60.91999816894531,60.97999954223633,36000
2026-07-23 14:15:00-03:00,60.97999954223633,61.029998779296875,60.959999084472656,60.97999954223633,26000
2026-07-23 14:20:00-03:00,60.97999954223633,60.9900016784668,60.849998474121094,60.869998931884766,72800
2026-07-23 14:25:00-03:00,60.869998931884766,60.869998931884766,60.77000045776367,60.849998474121094,94400
2026-07-23 14:30:00-03:00,60.84000015258789,61.0,60.84000015258789,60.9900016784668,37000
2026-07-23 14:35:00-03:00,61.0,61.02000045776367,60.97999954223633,61.0,22100
2026-07-23 14:40:00-03:00,61.0,61.09000015258789,60.959999084472656,61.09000015258789,47800
2026-07-23 14:45:00-03:00,61.060001373291016,61.13999938964844,61.04999923706055,61.06999969482422,21700
2026-07-23 14:50:00-03:00,61.06999969482422,61.099998474121094,61.060001373291016,61.09000015258789,23200
2026-07-23 14:55:00-03:00,61.099998474121094,61.099998474121094,61.060001373291016,61.099998474121094,25600
2026-07-23 15:00:00-03:00,61.09000015258789,61.16999816894531,61.06999969482422,61.130001068115234,46100
2026-07-23 15:05:00-03:00,61.130001068115234,61.16999816894531,61.119998931884766,61.16999816894531,20300
2026-07-23 15:10:00-03:00,61.150001525878906,61.15999984741211,61.09000015258789,61.13999938964844,18900
2026-07-23 15:15:00-03:00,61.13999938964844,61.13999938964844,61.04999923706055,61.04999923706055,43300
2026-07-23 15:20:00-03:00,61.04999923706055,61.099998474121094,61.02000045776367,61.09000015258789,22600
2026-07-23 15:25:00-03:00,61.099998474121094,61.099998474121094,61.040000915527344,61.060001373291016,26700
2026-07-23 15:30:00-03:00,61.04999923706055,61.060001373291016,61.0099983215332,61.029998779296875,19700
2026-07-23 15:35:00-03:00,61.02000045776367,61.06999969482422,60.9900016784668,61.06999969482422,75000
2026-07-23 15:40:00-03:00,61.060001373291016,61.099998474121094,61.060001373291016,61.06999969482422,28100
2026-07-23 15:45:00-03:00,61.06999969482422,61.099998474121094,61.06999969482422,61.09000015258789,21800
2026-07-23 15:50:00-03:00,61.099998474121094,61.099998474121094,61.06999969482422,61.099998474121094,21100
2026-07-23 15:55:00-03:00,61.099998474121094,61.150001525878906,61.09000015258789,61.119998931884766,33700
2026-07-23 16:00:00-03:00,61.119998931884766,61.13999938964844,61.11000061035156,61.13999938964844,16800
2026-07-23 16:05:00-03:00,61.13999938964844,61.13999938964844,61.060001373291016,61.08000183105469,26500
2026-07-23 16:10:00-03:00,61.08000183105469,61.08000183105469,61.029998779296875,61.06999969482422,20800
2026-07-23 16:15:00-03:00,61.04999923706055,61.099998474121094,61.04999923706055,61.06999969482422,20500
2026-07-23 16:20:00-03:00,61.06999969482422,61.099998474121094,61.04999923706055,61.04999923706055,47500
2026-07-23 16:25:00-03:00,61.04999923706055,61.060001373291016,60.97999954223633,61.029998779296875,51200
2026-07-23 16:30:00-03:00,61.029998779296875,61.040000915527344,60.849998474121094,60.95000076293945,143800
2026-07-23 16:35:00-03:00,60.95000076293945,61.029998779296875,60.91999816894531,61.0099983215332,52100
2026-07-23 16:40:00-03:00,60.9900016784668,61.0099983215332,60.91999816894531,60.95000076293945,639500
2026-07-23 16:45:00-03:00,60.91999816894531,60.97999954223633,60.86000061035156,60.869998931884766,93200
2026-07-23 16:50:00-03:00,60.86000061035156,60.86000061035156,60.709999084472656,60.779998779296875,194600
2026-07-24 10:00:00-03:00,59.83000183105469,59.83000183105469,59.369998931884766,59.560001373291016,0
2026-07-24 10:05:00-03:00,59.61000061035156,59.70000076293945,59.43000030517578,59.56999969482422,42700
2026-07-24 10:10:00-03:00,59.56999969482422,59.65999984741211,59.54999923706055,59.650001525878906,39400
2026-07-24 10:15:00-03:00,59.61000061035156,59.61000061035156,59.45000076293945,59.4900016784668,32400
2026-07-24 10:20:00-03:00,59.47999954223633,59.66999816894531,59.45000076293945,59.56999969482422,58300
2026-07-24 10:25:00-03:00,59.619998931884766,59.619998931884766,59.400001525878906,59.400001525878906,41000
2026-07-24 10:30:00-03:00,59.40999984741211,59.650001525878906,59.27000045776367,59.630001068115234,77800
2026-07-24 10:35:00-03:00,59.63999938964844,59.84000015258789,59.61000061035156,59.790000915527344,98700
2026-07-24 10:40:00-03:00,59.79999923706055,59.95000076293945,59.70000076293945,59.939998626708984,82000
2026-07-24 10:45:00-03:00,59.91999816894531,59.959999084472656,59.720001220703125,59.75,49400
2026-07-24 10:50:00-03:00,59.75,59.779998779296875,59.619998931884766,59.7599983215332,51500
2026-07-24 10:55:00-03:00,59.7599983215332,59.79999923706055,59.7400016784668,59.779998779296875,16100
2026-07-24 11:00:00-03:00,59.779998779296875,59.86000061035156,59.720001220703125,59.83000183105469,27300
2026-07-24 11:05:00-03:00,59.83000183105469,59.869998931884766,59.77000045776367,59.86000061035156,13800
2026-07-24 11:10:00-03:00,59.869998931884766,59.900001525878906,59.81999969482422,59.84000015258789,27800
2026-07-24 11:15:00-03:00,59.849998474121094,59.91999816894531,59.779998779296875,59.779998779296875,26100
2026-07-24 11:20:00-03:00,59.79999923706055,60.099998474121094,59.790000915527344,60.08000183105469,101200
2026-07-24 11:25:00-03:00,60.09000015258789,60.16999816894531,60.02000045776367,60.09000015258789,49000
2026-07-24 11:30:00-03:00,60.130001068115234,60.27000045776367,60.130001068115234,60.18000030517578,61200
2026-07-24 11:35:00-03:00,60.18000030517578,60.220001220703125,60.08000183105469,60.16999816894531,27600
2026-07-24 11:40:00-03:00,60.16999816894531,60.209999084472656,60.11000061035156,60.15999984741211,63200
2026-07-24 11:45:00-03:00,60.150001525878906,60.16999816894531,60.099998474121094,60.16999816894531,31400
2026-07-24 11:50:00-03:00,60.16999816894531,60.189998626708984,60.13999938964844,60.189998626708984,25000
2026-07-24 11:55:00-03:00,60.18000030517578,60.20000076293945,60.029998779296875,60.09000015258789,82700
2026-07-24 12:00:00-03:00,60.09000015258789,60.15999984741211,60.040000915527344,60.11000061035156,51500
2026-07-24 12:05:00-03:00,60.099998474121094,60.119998931884766,60.0,60.099998474121094,39700
2026-07-24 12:10:00-03:00,60.09000015258789,60.119998931884766,59.869998931884766,59.880001068115234,457000
2026-07-24 12:15:00-03:00,59.900001525878906,59.93000030517578,59.470001220703125,59.650001525878906,192900
2026-07-24 12:20:00-03:00,59.650001525878906,59.72999954223633,59.59000015258789,59.65999984741211,27400
2026-07-24 12:25:00-03:00,59.65999984741211,59.68000030517578,59.400001525878906,59.439998626708984,78600
2026-07-24 12:30:00-03:00,59.47999954223633,59.4900016784668,59.310001373291016,59.36000061035156,88100
2026-07-24 12:35:00-03:00,59.369998931884766,59.45000076293945,59.31999969482422,59.380001068115234,33000
2026-07-24 12:40:00-03:00,59.36000061035156,59.36000061035156,59.13999938964844,59.290000915527344,78900
2026-07-24 12:45:00-03:00,59.279998779296875,59.33000183105469,59.25,59.290000915527344,24900
2026-07-24 12:50:00-03:00,59.290000915527344,59.41999816894531,59.2599983215332,59.34000015258789,46600
2026-07-24 12:55:00-03:00,59.349998474121094,59.369998931884766,59.279998779296875,59.290000915527344,70600
2026-07-24 13:00:00-03:00,59.290000915527344,59.310001373291016,59.20000076293945,59.209999084472656,29100
2026-07-24 13:05:00-03:00,59.209999084472656,59.2599983215332,59.18000030517578,59.220001220703125,25500
2026-07-24 13:10:00-03:00,59.22999954223633,59.290000915527344,59.189998626708984,59.27000045776367,30800
2026-07-24 13:15:00-03:00,59.27000045776367,59.29999923706055,59.22999954223633,59.22999954223633,17400
2026-07-24 13:20:00-03:00,59.25,59.279998779296875,59.150001525878906,59.16999816894531,189800
2026-07-24 13:25:00-03:00,59.150001525878906,59.27000045776367,59.13999938964844,59.25,27200
2026-07-24 13:30:00-03:00,59.2400016784668,59.290000915527344,59.18000030517578,59.18000030517578,45100
2026-07-24 13:35:00-03:00,59.16999816894531,59.25,59.099998474121094,59.2400016784668,48100
2026-07-24 13:40:00-03:00,59.22999954223633,59.2599983215332,59.13999938964844,59.13999938964844,23300
2026-07-24 13:45:00-03:00,59.130001068115234,59.150001525878906,59.119998931884766,59.130001068115234,18300
2026-07-24 13:50:00-03:00,59.130001068115234,59.130001068115234,59.040000915527344,59.060001373291016,36700
2026-07-24 13:55:00-03:00,59.06999969482422,59.06999969482422,58.86000061035156,58.90999984741211,148100
2026-07-24 14:00:00-03:00,58.90999984741211,58.93000030517578,58.81999969482422,58.849998474121094,38000
2026-07-24 14:05:00-03:00,58.880001068115234,58.88999938964844,58.79999923706055,58.810001373291016,32300
2026-07-24 14:10:00-03:00,58.810001373291016,58.849998474121094,58.779998779296875,58.81999969482422,56600
2026-07-24 14:15:00-03:00,58.81999969482422,58.86000061035156,58.779998779296875,58.79999923706055,43100
2026-07-24 14:20:00-03:00,58.83000183105469,58.880001068115234,58.75,58.86000061035156,45000
2026-07-24 14:25:00-03:00,58.86000061035156,58.880001068115234,58.720001220703125,58.790000915527344,38500
2026-07-24 14:30:00-03:00,58.810001373291016,58.900001525878906,58.720001220703125,58.900001525878906,45900
2026-07-24 14:35:00-03:00,58.900001525878906,58.95000076293945,58.88999938964844,58.939998626708984,28200
2026-07-24 14:40:00-03:00,58.939998626708984,58.939998626708984,58.779998779296875,58.81999969482422,21100
2026-07-24 14:45:00-03:00,58.810001373291016,58.81999969482422,58.77000045776367,58.790000915527344,11500
2026-07-24 14:50:00-03:00,58.790000915527344,58.79999923706055,58.72999954223633,58.72999954223633,15100
2026-07-24 14:55:00-03:00,58.72999954223633,58.790000915527344,58.720001220703125,58.790000915527344,18600
2026-07-24 15:00:00-03:00,58.779998779296875,58.849998474121094,58.7599983215332,58.84000015258789,23400
2026-07-24 15:05:00-03:00,58.849998474121094,58.849998474121094,58.7599983215332,58.77000045776367,25500
2026-07-24 15:10:00-03:00,58.77000045776367,58.849998474121094,58.7599983215332,58.79999923706055,16500
2026-07-24 15:15:00-03:00,58.81999969482422,58.880001068115234,58.77000045776367,58.849998474121094,34200
2026-07-24 15:20:00-03:00,58.849998474121094,59.040000915527344,58.81999969482422,59.040000915527344,50200
2026-07-24 15:25:00-03:00,59.040000915527344,59.04999923706055,58.970001220703125,59.029998779296875,34500
2026-07-24 15:30:00-03:00,59.029998779296875,59.150001525878906,59.029998779296875,59.11000061035156,94000
2026-07-24 15:35:00-03:00,59.09000015258789,59.18000030517578,59.08000183105469,59.15999984741211,36700
2026-07-24 15:40:00-03:00,59.150001525878906,59.16999816894531,59.099998474121094,59.119998931884766,31300
2026-07-24 15:45:00-03:00,59.119998931884766,59.119998931884766,58.91999816894531,59.04999923706055,213600
2026-07-24 15:50:00-03:00,59.04999923706055,59.08000183105469,58.939998626708984,59.0099983215332,33600
2026-07-24 15:55:00-03:00,59.0,59.060001373291016,58.959999084472656,59.060001373291016,29300
2026-07-24 16:00:00-03:00,59.04999923706055,59.060001373291016,58.81999969482422,58.83000183105469,93900
2026-07-24 16:05:00-03:00,58.83000183105469,58.83000183105469,58.77000045776367,58.77000045776367,30800
2026-07-24 16:10:00-03:00,58.77000045776367,58.790000915527344,58.75,58.75,30300
2026-07-24 16:15:00-03:00,58.75,58.88999938964844,58.75,58.880001068115234,36200
2026-07-24 16:20:00-03:00,58.88999938964844,58.970001220703125,58.84000015258789,58.84000015258789,27100
2026-07-24 16:25:00-03:00,58.84000015258789,58.95000076293945,58.790000915527344,58.86000061035156,42500
2026-07-24 16:30:00-03:00,58.86000061035156,58.88999938964844,58.720001220703125,58.72999954223633,93000
2026-07-24 16:35:00-03:00,58.77000045776367,58.81999969482422,58.65999984741211,58.77000045776367,136300
2026-07-24 16:40:00-03:00,58.77000045776367,58.79999923706055,58.619998931884766,58.63999938964844,158200
2026-07-24 16:45:00-03:00,58.619998931884766,58.77000045776367,58.459999084472656,58.650001525878906,179600
2026-07-24 16:50:00-03:00,58.630001068115234,58.790000915527344,58.560001373291016,58.779998779296875,154600
2026-07-27 10:05:00-03:00,56.9900016784668,57.5,56.7599983215332,57.06999969482422,200200
2026-07-27 10:10:00-03:00,57.06999969482422,57.36000061035156,57.02000045776367,57.209999084472656,141700
2026-07-27 10:15:00-03:00,57.209999084472656,57.220001220703125,56.900001525878906,56.95000076293945,104700
2026-07-27 10:20:00-03:00,56.95000076293945,57.04999923706055,56.779998779296875,56.869998931884766,88500
2026-07-27 10:25:00-03:00,56.86000061035156,57.040000915527344,56.849998474121094,57.040000915527344,59100
2026-07-27 10:30:00-03:00,57.02000045776367,57.18000030517578,56.86000061035156,57.099998474121094,94500
2026-07-27 10:35:00-03:00,57.099998474121094,57.119998931884766,56.93000030517578,57.060001373291016,48100
2026-07-27 10:40:00-03:00,57.08000183105469,57.2400016784668,57.08000183105469,57.189998626708984,219300
2026-07-27 10:45:00-03:00,57.189998626708984,57.189998626708984,57.040000915527344,57.119998931884766,61400
2026-07-27 10:50:00-03:00,57.11000061035156,57.15999984741211,57.0099983215332,57.029998779296875,49100
2026-07-27 10:55:00-03:00,57.060001373291016,57.099998474121094,56.91999816894531,56.97999954223633,99300
2026-07-27 11:00:00-03:00,56.97999954223633,57.040000915527344,56.84000015258789,57.0099983215332,89700
2026-07-27 11:05:00-03:00,57.02000045776367,57.08000183105469,56.869998931884766,56.91999816894531,46700
2026-07-27 11:10:00-03:00,56.91999816894531,57.029998779296875,56.880001068115234,57.0099983215332,30800
2026-07-27 11:15:00-03:00,57.02000045776367,57.130001068115234,56.90999984741211,56.93000030517578,89300
2026-07-27 11:20:00-03:00,56.93000030517578,56.97999954223633,56.77000045776367,56.93000030517578,71100
2026-07-27 11:25:00-03:00,56.91999816894531,57.150001525878906,56.91999816894531,57.13999938964844,54700
2026-07-27 11:30:00-03:00,57.13999938964844,57.189998626708984,56.970001220703125,57.0,233600
2026-07-27 11:35:00-03:00,56.9900016784668,57.060001373291016,56.86000061035156,56.880001068115234,50000
2026-07-27 11:40:00-03:00,56.880001068115234,57.0,56.84000015258789,56.97999954223633,40300
2026-07-27 11:45:00-03:00,56.970001220703125,56.970001220703125,56.7599983215332,56.77000045776367,80600
2026-07-27 11:50:00-03:00,56.790000915527344,56.900001525878906,56.779998779296875,56.849998474121094,131300
2026-07-27 11:55:00-03:00,56.83000183105469,56.93000030517578,56.81999969482422,56.93000030517578,53200
2026-07-27 12:00:00-03:00,56.939998626708984,57.029998779296875,56.79999923706055,56.83000183105469,79100
2026-07-27 12:05:00-03:00,56.83000183105469,56.90999984741211,56.709999084472656,56.77000045776367,90100
2026-07-27 12:10:00-03:00,56.7599983215332,56.77000045776367,56.650001525878906,56.720001220703125,72000
2026-07-27 12:15:00-03:00,56.720001220703125,56.79999923706055,56.650001525878906,56.65999984741211,44600
2026-07-27 12:20:00-03:00,56.66999816894531,56.689998626708984,56.56999969482422,56.66999816894531,76300
2026-07-27 12:25:00-03:00,56.65999984741211,56.709999084472656,56.58000183105469,56.619998931884766,72200
2026-07-27 12:30:00-03:00,56.599998474121094,56.7599983215332,56.599998474121094,56.70000076293945,49000
2026-07-27 12:35:00-03:00,56.70000076293945,56.70000076293945,56.58000183105469,56.61000061035156,37600
2026-07-27 12:40:00-03:00,56.61000061035156,56.63999938964844,56.5099983215332,56.63999938964844,86700
2026-07-27 12:45:00-03:00,56.630001068115234,56.63999938964844,56.56999969482422,56.58000183105469,30300
2026-07-27 12:50:00-03:00,56.58000183105469,56.61000061035156,56.40999984741211,56.61000061035156,127600
2026-07-27 12:55:00-03:00,56.599998474121094,56.63999938964844,56.560001373291016,56.630001068115234,57900
2026-07-27 13:00:00-03:00,56.619998931884766,56.68000030517578,56.58000183105469,56.58000183105469,32100
2026-07-27 13:05:00-03:00,56.58000183105469,56.59000015258789,56.54999923706055,56.59000015258789,27200
2026-07-27 13:10:00-03:00,56.58000183105469,56.59000015258789,56.52000045776367,56.52000045776367,26600
2026-07-27 13:15:00-03:00,56.52000045776367,56.58000183105469,56.5099983215332,56.58000183105469,27100
2026-07-27 13:20:00-03:00,56.58000183105469,56.58000183105469,56.5,56.540000915527344,24800
2026-07-27 13:25:00-03:00,56.529998779296875,56.540000915527344,56.279998779296875,56.279998779296875,130800
2026-07-27 13:30:00-03:00,56.279998779296875,56.290000915527344,56.119998931884766,56.130001068115234,69000
2026-07-27 13:35:00-03:00,56.130001068115234,56.16999816894531,56.04999923706055,56.16999816894531,104300
2026-07-27 13:40:00-03:00,56.16999816894531,56.16999816894531,56.09000015258789,56.13999938964844,44900
2026-07-27 13:45:00-03:00,56.13999938964844,56.189998626708984,56.099998474121094,56.150001525878906,25300
2026-07-27 13:50:00-03:00,56.15999984741211,56.15999984741211,56.029998779296875,56.029998779296875,37800
2026-07-27 13:55:00-03:00,56.029998779296875,56.029998779296875,55.70000076293945,55.81999969482422,232000
2026-07-27 14:00:00-03:00,55.81999969482422,55.880001068115234,55.75,55.849998474121094,53900
2026-07-27 14:05:00-03:00,55.869998931884766,56.18000030517578,55.83000183105469,56.18000030517578,144700
2026-07-27 14:10:00-03:00,56.15999984741211,56.25,56.119998931884766,56.20000076293945,89900
2026-07-27 14:15:00-03:00,56.18000030517578,56.27000045776367,56.150001525878906,56.189998626708984,62000
2026-07-27 14:20:00-03:00,56.189998626708984,56.20000076293945,56.099998474121094,56.130001068115234,37400
2026-07-27 14:25:00-03:00,56.130001068115234,56.130001068115234,56.060001373291016,56.099998474121094,48500
2026-07-27 14:30:00-03:00,56.099998474121094,56.130001068115234,56.02000045776367,56.08000183105469,39200
2026-07-27 14:35:00-03:00,56.09000015258789,56.099998474121094,56.040000915527344,56.08000183105469,31200
2026-07-27 14:40:00-03:00,56.08000183105469,56.11000061035156,56.02000045776367,56.09000015258789,40300
2026-07-27 14:45:00-03:00,56.099998474121094,56.119998931884766,56.029998779296875,56.04999923706055,52600
2026-07-27 14:50:00-03:00,56.04999923706055,56.130001068115234,55.95000076293945,56.040000915527344,79100
2026-07-27 14:55:00-03:00,56.040000915527344,56.040000915527344,55.91999816894531,56.0099983215332,58500
2026-07-27 15:00:00-03:00,56.0099983215332,56.02000045776367,55.95000076293945,55.9900016784668,42600
2026-07-27 15:05:00-03:00,55.97999954223633,56.099998474121094,55.939998626708984,56.040000915527344,50400
2026-07-27 15:10:00-03:00,56.04999923706055,56.04999923706055,55.93000030517578,55.93000030517578,41400
2026-07-27 15:15:00-03:00,55.93000030517578,55.93000030517578,55.79999923706055,55.79999923706055,66300
2026-07-27 15:20:00-03:00,55.79999923706055,55.84000015258789,55.790000915527344,55.790000915527344,39800
2026-07-27 15:25:00-03:00,55.810001373291016,55.97999954223633,55.75,55.959999084472656,65300
2026-07-27 15:30:00-03:00,55.959999084472656,56.0,55.86000061035156,55.91999816894531,107800
2026-07-27 15:35:00-03:00,55.939998626708984,55.939998626708984,55.790000915527344,55.79999923706055,46600
2026-07-27 15:40:00-03:00,55.79999923706055,55.849998474121094,55.779998779296875,55.810001373291016,72100
2026-07-27 15:45:00-03:00,55.810001373291016,55.84000015258789,55.77000045776367,55.810001373291016,61500
2026-07-27 15:50:00-03:00,55.79999923706055,55.83000183105469,55.72999954223633,55.79999923706055,96200
2026-07-27 15:55:00-03:00,55.79999923706055,55.84000015258789,55.72999954223633,55.810001373291016,63400
2026-07-27 16:00:00-03:00,55.81999969482422,55.86000061035156,55.7599983215332,55.81999969482422,53700
2026-07-27 16:05:00-03:00,55.810001373291016,55.90999984741211,55.810001373291016,55.880001068115234,69800
2026-07-27 16:10:00-03:00,55.88999938964844,56.119998931884766,55.869998931884766,55.900001525878906,160600
2026-07-27 16:15:00-03:00,55.900001525878906,55.939998626708984,55.86000061035156,55.86000061035156,68600
2026-07-27 16:20:00-03:00,55.86000061035156,55.900001525878906,55.81999969482422,55.849998474121094,84400
2026-07-27 16:25:00-03:00,55.849998474121094,55.869998931884766,55.7400016784668,55.75,136300
2026-07-27 16:30:00-03:00,55.75,55.83000183105469,55.7400016784668,55.77000045776367,100000
2026-07-27 16:35:00-03:00,55.779998779296875,55.83000183105469,55.75,55.810001373291016,97200
2026-07-27 16:40:00-03:00,55.810001373291016,55.849998474121094,55.77000045776367,55.77000045776367,103300
2026-07-27 16:45:00-03:00,55.77000045776367,55.84000015258789,55.75,55.81999969482422,105300
2026-07-27 16:50:00-03:00,55.81999969482422,55.81999969482422,55.720001220703125,55.7400016784668,99200
2026-07-28 10:00:00-03:00,55.400001525878906,55.68000030517578,55.279998779296875,55.43000030517578,0
2026-07-28 10:05:00-03:00,55.43000030517578,55.709999084472656,55.349998474121094,55.52000045776367,100200
2026-07-28 10:10:00-03:00,55.56999969482422,55.93000030517578,55.47999954223633,55.91999816894531,100500
2026-07-28 10:15:00-03:00,55.95000076293945,55.97999954223633,55.86000061035156,55.900001525878906,41600
2026-07-28 10:20:00-03:00,55.880001068115234,55.95000076293945,55.810001373291016,55.900001525878906,39100
2026-07-28 10:25:00-03:00,55.91999816894531,55.93000030517578,55.779998779296875,55.849998474121094,68800
2026-07-28 10:30:00-03:00,55.79999923706055,56.0,55.70000076293945,56.0,90100
2026-07-28 10:35:00-03:00,56.0,56.119998931884766,56.0,56.099998474121094,52400
2026-07-28 10:40:00-03:00,56.119998931884766,56.2400016784668,56.099998474121094,56.20000076293945,63300
2026-07-28 10:45:00-03:00,56.20000076293945,56.33000183105469,56.0,56.31999969482422,172000
2026-07-28 10:50:00-03:00,56.31999969482422,56.529998779296875,56.27000045776367,56.5099983215332,95300
2026-07-28 10:55:00-03:00,56.5099983215332,56.72999954223633,56.5099983215332,56.72999954223633,158300
2026-07-28 11:00:00-03:00,56.75,56.970001220703125,56.75,56.86000061035156,120700
2026-07-28 11:05:00-03:00,56.81999969482422,57.060001373291016,56.79999923706055,56.970001220703125,80500
2026-07-28 11:10:00-03:00,56.97999954223633,56.97999954223633,56.849998474121094,56.86000061035156,49900
2026-07-28 11:15:00-03:00,56.880001068115234,56.880001068115234,56.61000061035156,56.619998931884766,194500
2026-07-28 11:20:00-03:00,56.619998931884766,56.70000076293945,56.5,56.65999984741211,77900
2026-07-28 11:25:00-03:00,56.68000030517578,56.720001220703125,56.619998931884766,56.68000030517578,47800
2026-07-28 11:30:00-03:00,56.689998626708984,56.7599983215332,56.68000030517578,56.720001220703125,23900
2026-07-28 11:35:00-03:00,56.70000076293945,56.7400016784668,56.689998626708984,56.7400016784668,16300
2026-07-28 11:40:00-03:00,56.7400016784668,56.790000915527344,56.689998626708984,56.779998779296875,29200
2026-07-28 11:45:00-03:00,56.77000045776367,56.79999923706055,56.709999084472656,56.720001220703125,43700
2026-07-28 11:50:00-03:00,56.709999084472656,56.779998779296875,56.65999984741211,56.65999984741211,19100
2026-07-28 11:55:00-03:00,56.650001525878906,56.689998626708984,56.61000061035156,56.66999816894531,24100
2026-07-28 12:00:00-03:00,56.65999984741211,56.709999084472656,56.650001525878906,56.65999984741211,29400
2026-07-28 12:05:00-03:00,56.66999816894531,56.66999816894531,56.5099983215332,56.5099983215332,41400
2026-07-28 12:10:00-03:00,56.5,56.560001373291016,56.43000030517578,56.4900016784668,82500
2026-07-28 12:15:00-03:00,56.4900016784668,56.52000045776367,55.79999923706055,56.099998474121094,321700
2026-07-28 12:20:00-03:00,56.099998474121094,56.36000061035156,56.040000915527344,56.25,81800
2026-07-28 12:25:00-03:00,56.2400016784668,56.2400016784668,56.0,56.09000015258789,115100
2026-07-28 12:30:00-03:00,56.099998474121094,56.349998474121094,56.09000015258789,56.349998474121094,72500
2026-07-28 12:35:00-03:00,56.34000015258789,56.36000061035156,56.209999084472656,56.2400016784668,78400
2026-07-28 12:40:00-03:00,56.2400016784668,56.36000061035156,56.189998626708984,56.33000183105469,111200
2026-07-28 12:45:00-03:00,56.29999923706055,56.4900016784668,56.290000915527344,56.4900016784668,29700
2026-07-28 12:50:00-03:00,56.47999954223633,56.5,56.29999923706055,56.33000183105469,40500
2026-07-28 12:55:00-03:00,56.31999969482422,56.38999938964844,56.25,56.29999923706055,31100
2026-07-28 13:00:00-03:00,56.29999923706055,56.33000183105469,56.279998779296875,56.279998779296875,35200
2026-07-28 13:05:00-03:00,56.279998779296875,56.33000183105469,56.18000030517578,56.18000030517578,88600
2026-07-28 13:10:00-03:00,56.189998626708984,56.290000915527344,56.189998626708984,56.279998779296875,24700
2026-07-28 13:15:00-03:00,56.290000915527344,56.29999923706055,56.20000076293945,56.25,46400
2026-07-28 13:20:00-03:00,56.25,56.2599983215332,56.209999084472656,56.2400016784668,14100
2026-07-28 13:25:00-03:00,56.2400016784668,56.279998779296875,56.22999954223633,56.25,18700
2026-07-28 13:30:00-03:00,56.25,56.47999954223633,56.25,56.470001220703125,268200
2026-07-28 13:35:00-03:00,56.470001220703125,56.61000061035156,56.470001220703125,56.56999969482422,123100
2026-07-28 13:40:00-03:00,56.599998474121094,56.790000915527344,56.56999969482422,56.779998779296875,139800
2026-07-28 13:45:00-03:00,56.779998779296875,56.9900016784668,56.7599983215332,56.93000030517578,165700
2026-07-28 13:50:00-03:00,56.939998626708984,56.939998626708984,56.81999969482422,56.88999938964844,95000
2026-07-28 13:55:00-03:00,56.88999938964844,56.900001525878906,56.68000030517578,56.709999084472656,183600
2026-07-28 14:00:00-03:00,56.709999084472656,56.75,56.61000061035156,56.61000061035156,149200
2026-07-28 14:05:00-03:00,56.619998931884766,56.63999938964844,56.529998779296875,56.560001373291016,138300
2026-07-28 14:10:00-03:00,56.56999969482422,56.61000061035156,56.540000915527344,56.54999923706055,215300
2026-07-28 14:15:00-03:00,56.540000915527344,56.68000030517578,56.52000045776367,56.650001525878906,230300
2026-07-28 14:20:00-03:00,56.650001525878906,56.68000030517578,56.599998474121094,56.61000061035156,119900
2026-07-28 14:25:00-03:00,56.61000061035156,56.65999984741211,56.56999969482422,56.630001068115234,102000
2026-07-28 14:30:00-03:00,56.630001068115234,56.65999984741211,56.61000061035156,56.650001525878906,63100
2026-07-28 14:35:00-03:00,56.63999938964844,56.65999984741211,56.540000915527344,56.540000915527344,531200
2026-07-28 14:40:00-03:00,56.529998779296875,56.68000030517578,56.47999954223633,56.619998931884766,96000
2026-07-28 14:45:00-03:00,56.619998931884766,56.720001220703125,56.619998931884766,56.720001220703125,52300
2026-07-28 14:50:00-03:00,56.720001220703125,56.779998779296875,56.619998931884766,56.70000076293945,77800
2026-07-28 14:55:00-03:00,56.70000076293945,56.70000076293945,56.65999984741211,56.65999984741211,56400
2026-07-28 15:00:00-03:00,56.65999984741211,56.70000076293945,56.619998931884766,56.65999984741211,40500
2026-07-28 15:05:00-03:00,56.65999984741211,56.65999984741211,56.619998931884766,56.630001068115234,55300
2026-07-28 15:10:00-03:00,56.630001068115234,56.63999938964844,56.58000183105469,56.630001068115234,43900
2026-07-28 15:15:00-03:00,56.630001068115234,56.63999938964844,56.45000076293945,56.45000076293945,153600
2026-07-28 15:20:00-03:00,56.43000030517578,56.59000015258789,56.40999984741211,56.59000015258789,150700
2026-07-28 15:25:00-03:00,56.58000183105469,56.66999816894531,56.54999923706055,56.63999938964844,46300
2026-07-28 15:30:00-03:00,56.63999938964844,56.63999938964844,56.54999923706055,56.56999969482422,88400
2026-07-28 15:35:00-03:00,56.58000183105469,56.65999984741211,56.54999923706055,56.59000015258789,84400
2026-07-28 15:40:00-03:00,56.59000015258789,56.599998474121094,56.540000915527344,56.560001373291016,42700
2026-07-28 15:45:00-03:00,56.560001373291016,56.630001068115234,56.54999923706055,56.619998931884766,34300
2026-07-28 15:50:00-03:00,56.619998931884766,56.65999984741211,56.58000183105469,56.599998474121094,45200
2026-07-28 15:55:00-03:00,56.599998474121094,56.599998474121094,56.56999969482422,56.56999969482422,72100
2026-07-28 16:00:00-03:00,56.58000183105469,56.58000183105469,56.540000915527344,56.54999923706055,45700
2026-07-28 16:05:00-03:00,56.540000915527344,56.58000183105469,56.5099983215332,56.5099983215332,52200
2026-07-28 16:10:00-03:00,56.52000045776367,56.52000045776367,56.25,56.2599983215332,275500
2026-07-28 16:15:00-03:00,56.279998779296875,56.4900016784668,56.209999084472656,56.43000030517578,111500
2026-07-28 16:20:00-03:00,56.43000030517578,56.470001220703125,56.380001068115234,56.470001220703125,151400
2026-07-28 16:25:00-03:00,56.47999954223633,56.5,56.33000183105469,56.400001525878906,121300
2026-07-28 16:30:00-03:00,56.38999938964844,56.41999816894531,56.220001220703125,56.33000183105469,143400
2026-07-28 16:35:00-03:00,56.290000915527344,56.400001525878906,55.709999084472656,55.709999084472656,84700
2026-07-28 16:40:00-03:00,56.47999954223633,56.63999938964844,56.47999954223633,56.599998474121094,175300
2026-07-28 16:45:00-03:00,56.619998931884766,56.65999984741211,56.58000183105469,56.619998931884766,64900
2026-07-28 16:50:00-03:00,56.63999938964844,56.709999084472656,56.52000045776367,56.58000183105469,75000
2026-07-29 10:05:00-03:00,57.900001525878906,58.150001525878906,57.900001525878906,58.060001373291016,228900
2026-07-29 10:10:00-03:00,58.060001373291016,58.31999969482422,57.95000076293945,58.25,219900
2026-07-29 10:15:00-03:00,58.2599983215332,58.72999954223633,58.2599983215332,58.68000030517578,280900
2026-07-29 10:20:00-03:00,58.70000076293945,58.77000045776367,58.58000183105469,58.75,128500
2026-07-29 10:25:00-03:00,58.7599983215332,58.959999084472656,58.7599983215332,58.959999084472656,126700
2026-07-29 10:30:00-03:00,58.959999084472656,58.959999084472656,58.7400016784668,58.79999923706055,99000
2026-07-29 10:35:00-03:00,58.79999923706055,59.02000045776367,58.779998779296875,59.0,210500
2026-07-29 10:40:00-03:00,59.0099983215332,59.08000183105469,58.70000076293945,58.70000076293945,265600
2026-07-29 10:45:00-03:00,58.70000076293945,58.81999969482422,58.630001068115234,58.63999938964844,80800
2026-07-29 10:50:00-03:00,58.650001525878906,58.68000030517578,58.459999084472656,58.459999084472656,107900
2026-07-29 10:55:00-03:00,58.470001220703125,58.59000015258789,58.38999938964844,58.38999938964844,95000
2026-07-29 11:00:00-03:00,58.38999938964844,58.38999938964844,58.220001220703125,58.25,107600
2026-07-29 11:05:00-03:00,58.2400016784668,58.34000015258789,58.16999816894531,58.209999084472656,60500
2026-07-29 11:10:00-03:00,58.209999084472656,58.459999084472656,58.209999084472656,58.33000183105469,58500
2026-07-29 11:15:00-03:00,58.34000015258789,58.54999923706055,58.34000015258789,58.5,66400
2026-07-29 11:20:00-03:00,58.4900016784668,58.5,58.380001068115234,58.459999084472656,28600
2026-07-29 11:25:00-03:00,58.47999954223633,58.81999969482422,58.470001220703125,58.79999923706055,119500
2026-07-29 11:30:00-03:00,58.79999923706055,58.84000015258789,58.779998779296875,58.84000015258789,207700
2026-07-29 11:35:00-03:00,58.84000015258789,58.880001068115234,58.65999984741211,58.689998626708984,180600
2026-07-29 11:40:00-03:00,58.68000030517578,58.779998779296875,58.66999816894531,58.68000030517578,28900
2026-07-29 11:45:00-03:00,58.68000030517578,58.689998626708984,58.56999969482422,58.61000061035156,49000
2026-07-29 11:50:00-03:00,58.61000061035156,58.61000061035156,58.5099983215332,58.54999923706055,25000
2026-07-29 11:55:00-03:00,58.54999923706055,58.560001373291016,58.41999816894531,58.5,28400
2026-07-29 12:00:00-03:00,58.4900016784668,58.560001373291016,58.459999084472656,58.459999084472656,33800
2026-07-29 12:05:00-03:00,58.470001220703125,58.47999954223633,58.43000030517578,58.45000076293945,25200
2026-07-29 12:10:00-03:00,58.459999084472656,58.459999084472656,58.15999984741211,58.20000076293945,174800
2026-07-29 12:15:00-03:00,58.20000076293945,58.2599983215332,58.18000030517578,58.189998626708984,49300
2026-07-29 12:20:00-03:00,58.189998626708984,58.220001220703125,58.130001068115234,58.13999938964844,48800
2026-07-29 12:25:00-03:00,58.13999938964844,58.220001220703125,58.11000061035156,58.150001525878906,41900
2026-07-29 12:30:00-03:00,58.150001525878906,58.25,58.09000015258789,58.189998626708984,54100
2026-07-29 12:35:00-03:00,58.18000030517578,58.290000915527344,58.15999984741211,58.279998779296875,24100
2026-07-29 12:40:00-03:00,58.279998779296875,58.31999969482422,58.209999084472656,58.22999954223633,19400
2026-07-29 12:45:00-03:00,58.22999954223633,58.2599983215332,58.130001068115234,58.25,30500
2026-07-29 12:50:00-03:00,58.2599983215332,58.310001373291016,58.25,58.2599983215332,18200
2026-07-29 12:55:00-03:00,58.279998779296875,58.310001373291016,58.22999954223633,58.279998779296875,15800
2026-07-29 13:00:00-03:00,58.279998779296875,58.310001373291016,58.25,58.290000915527344,16500
2026-07-29 13:05:00-03:00,58.290000915527344,58.310001373291016,58.209999084472656,58.29999923706055,16900
2026-07-29 13:10:00-03:00,58.290000915527344,58.369998931884766,58.22999954223633,58.22999954223633,3042800
2026-07-29 13:15:00-03:00,58.22999954223633,58.2400016784668,58.150001525878906,58.15999984741211,12700
2026-07-29 13:20:00-03:00,58.150001525878906,58.18000030517578,58.060001373291016,58.09000015258789,33100
2026-07-29 13:25:00-03:00,58.11000061035156,58.15999984741211,58.06999969482422,58.119998931884766,16700
2026-07-29 13:30:00-03:00,58.11000061035156,58.16999816894531,58.09000015258789,58.13999938964844,12300
2026-07-29 13:35:00-03:00,58.13999938964844,58.2400016784668,58.130001068115234,58.209999084472656,36900
2026-07-29 13:40:00-03:00,58.20000076293945,58.209999084472656,58.16999816894531,58.18000030517578,9500
2026-07-29 13:45:00-03:00,58.189998626708984,58.2599983215332,58.11000061035156,58.189998626708984,28900
2026-07-29 13:50:00-03:00,58.189998626708984,58.20000076293945,58.189998626708984,58.20000076293945,6000
2026-07-29 13:55:00-03:00,58.189998626708984,58.29999923706055,58.189998626708984,58.279998779296875,27600
2026-07-29 14:00:00-03:00,58.279998779296875,58.459999084472656,58.22999954223633,58.459999084472656,91600
2026-07-29 14:05:00-03:00,58.459999084472656,58.470001220703125,58.27000045776367,58.459999084472656,92100
2026-07-29 14:10:00-03:00,58.45000076293945,58.45000076293945,58.369998931884766,58.400001525878906,32200
2026-07-29 14:15:00-03:00,58.38999938964844,58.45000076293945,58.36000061035156,58.45000076293945,17300
2026-07-29 14:20:00-03:00,58.439998626708984,58.45000076293945,58.400001525878906,58.41999816894531,17200
2026-07-29 14:25:00-03:00,58.41999816894531,58.43000030517578,58.369998931884766,58.369998931884766,18200
2026-07-29 14:30:00-03:00,58.36000061035156,58.36000061035156,58.29999923706055,58.29999923706055,23900
2026-07-29 14:35:00-03:00,58.29999923706055,58.34000015258789,58.29999923706055,58.310001373291016,18100
2026-07-29 14:40:00-03:00,58.310001373291016,58.310001373291016,58.22999954223633,58.290000915527344,36700
2026-07-29 14:45:00-03:00,58.279998779296875,58.290000915527344,58.2400016784668,58.25,16700
2026-07-29 14:50:00-03:00,58.25,58.29999923706055,58.25,58.279998779296875,27700
2026-07-29 14:55:00-03:00,58.279998779296875,58.290000915527344,58.2400016784668,58.2599983215332,19100
2026-07-29 15:00:00-03:00,58.27000045776367,58.29999923706055,58.06999969482422,58.29999923706055,127300
2026-07-29 15:05:00-03:00,58.310001373291016,58.43000030517578,58.22999954223633,58.40999984741211,42800
2026-07-29 15:10:00-03:00,58.40999984741211,58.5099983215332,58.40999984741211,58.47999954223633,72600
2026-07-29 15:15:00-03:00,58.47999954223633,58.790000915527344,58.41999816894531,58.7599983215332,116900
2026-07-29 15:20:00-03:00,58.77000045776367,58.88999938964844,58.7400016784668,58.88999938964844,209900
2026-07-29 15:25:00-03:00,58.88999938964844,58.91999816894531,58.880001068115234,58.90999984741211,92300
2026-07-29 15:30:00-03:00,58.900001525878906,58.9900016784668,58.849998474121094,58.880001068115234,161900
2026-07-29 15:35:00-03:00,58.86000061035156,58.880001068115234,58.7599983215332,58.810001373291016,36300
2026-07-29 15:40:00-03:00,58.810001373291016,58.81999969482422,58.7599983215332,58.81999969482422,22600
2026-07-29 15:45:00-03:00,58.810001373291016,58.95000076293945,58.7400016784668,58.7400016784668,98900
2026-07-29 15:50:00-03:00,58.7400016784668,58.779998779296875,58.709999084472656,58.75,54300
2026-07-29 15:55:00-03:00,58.75,58.7599983215332,58.68000030517578,58.7400016784668,86500
2026-07-29 16:00:00-03:00,58.720001220703125,58.849998474121094,58.720001220703125,58.7599983215332,46100
2026-07-29 16:05:00-03:00,58.779998779296875,58.779998779296875,58.5,58.5099983215332,66700
2026-07-29 16:10:00-03:00,58.5099983215332,58.61000061035156,58.459999084472656,58.59000015258789,64600
2026-07-29 16:15:00-03:00,58.59000015258789,58.619998931884766,58.52000045776367,58.529998779296875,43300
2026-07-29 16:20:00-03:00,58.54999923706055,58.66999816894531,58.5099983215332,58.52000045776367,56900
2026-07-29 16:25:00-03:00,58.5099983215332,58.540000915527344,58.459999084472656,58.47999954223633,70100
2026-07-29 16:30:00-03:00,58.47999954223633,58.59000015258789,58.400001525878906,58.41999816894531,123900
2026-07-29 16:35:00-03:00,58.43000030517578,58.529998779296875,58.380001068115234,58.52000045776367,98100
2026-07-29 16:40:00-03:00,58.5099983215332,58.52000045776367,58.43000030517578,58.47999954223633,82800
2026-07-29 16:45:00-03:00,58.47999954223633,58.54999923706055,58.40999984741211,58.54999923706055,108500
2026-07-29 16:50:00-03:00,58.540000915527344,58.77000045776367,58.47999954223633,58.66999816894531,210500
2026-07-30 10:05:00-03:00,58.04999923706055,58.150001525878906,57.970001220703125,58.040000915527344,37500
2026-07-30 10:10:00-03:00,58.040000915527344,58.130001068115234,57.959999084472656,58.02000045776367,36000
2026-07-30 10:15:00-03:00,58.0099983215332,58.060001373291016,57.90999984741211,58.0099983215332,79900
2026-07-30 10:20:00-03:00,57.970001220703125,58.099998474121094,57.95000076293945,57.9900016784668,65400
2026-07-30 10:25:00-03:00,58.040000915527344,58.189998626708984,58.02000045776367,58.16999816894531,37600
2026-07-30 10:30:00-03:00,58.150001525878906,58.310001373291016,58.06999969482422,58.06999969482422,46300
2026-07-30 10:35:00-03:00,58.130001068115234,58.36000061035156,58.04999923706055,58.18000030517578,37300
2026-07-30 10:40:00-03:00,58.18000030517578,58.34000015258789,58.119998931884766,58.290000915527344,22500
2026-07-30 10:45:00-03:00,58.29999923706055,58.29999923706055,58.150001525878906,58.150001525878906,21500
2026-07-30 10:50:00-03:00,58.13999938964844,58.13999938964844,58.029998779296875,58.060001373291016,33800
2026-07-30 10:55:00-03:00,58.08000183105469,58.20000076293945,57.91999816894531,58.20000076293945,64000
2026-07-30 11:00:00-03:00,58.209999084472656,58.45000076293945,58.189998626708984,58.43000030517578,117200
2026-07-30 11:05:00-03:00,58.43000030517578,58.5,58.38999938964844,58.400001525878906,51000
2026-07-30 11:10:00-03:00,58.36000061035156,58.61000061035156,58.29999923706055,58.61000061035156,77200
2026-07-30 11:15:00-03:00,58.630001068115234,58.650001525878906,58.540000915527344,58.560001373291016,36800
2026-07-30 11:20:00-03:00,58.56999969482422,58.56999969482422,58.5,58.54999923706055,9400
2026-07-30 11:25:00-03:00,58.540000915527344,58.54999923706055,58.43000030517578,58.45000076293945,31700
2026-07-30 11:30:00-03:00,58.45000076293945,58.599998474121094,58.45000076293945,58.59000015258789,61900
2026-07-30 11:35:00-03:00,58.59000015258789,58.68000030517578,58.52000045776367,58.619998931884766,83900
2026-07-30 11:40:00-03:00,58.619998931884766,58.68000030517578,58.599998474121094,58.650001525878906,10900
2026-07-30 11:45:00-03:00,58.63999938964844,58.79999923706055,58.63999938964844,58.709999084472656,242000
2026-07-30 11:50:00-03:00,58.7400016784668,58.79999923706055,58.72999954223633,58.77000045776367,20300
2026-07-30 11:55:00-03:00,58.75,58.849998474121094,58.75,58.849998474121094,51000
2026-07-30 12:00:00-03:00,58.849998474121094,58.869998931884766,58.77000045776367,58.84000015258789,25000
2026-07-30 12:05:00-03:00,58.849998474121094,58.939998626708984,58.779998779296875,58.849998474121094,43900
2026-07-30 12:10:00-03:00,58.86000061035156,58.95000076293945,58.86000061035156,58.88999938964844,16100
2026-07-30 12:15:00-03:00,58.869998931884766,58.869998931884766,58.779998779296875,58.849998474121094,10000
2026-07-30 12:20:00-03:00,58.849998474121094,58.880001068115234,58.79999923706055,58.869998931884766,9900
2026-07-30 12:25:00-03:00,58.84000015258789,58.900001525878906,58.83000183105469,58.900001525878906,9100
2026-07-30 12:30:00-03:00,58.900001525878906,58.95000076293945,58.880001068115234,58.95000076293945,10700
2026-07-30 12:35:00-03:00,58.939998626708984,59.130001068115234,58.900001525878906,58.900001525878906,75700
2026-07-30 12:40:00-03:00,58.88999938964844,58.88999938964844,58.849998474121094,58.86000061035156,16800
2026-07-30 12:45:00-03:00,58.86000061035156,58.95000076293945,58.86000061035156,58.939998626708984,29300
2026-07-30 12:50:00-03:00,58.95000076293945,59.02000045776367,58.93000030517578,59.02000045776367,19700
2026-07-30 12:55:00-03:00,59.02000045776367,59.040000915527344,58.970001220703125,58.970001220703125,17700
2026-07-30 13:00:00-03:00,58.959999084472656,59.06999969482422,58.95000076293945,59.06999969482422,17600
2026-07-30 13:05:00-03:00,59.08000183105469,59.099998474121094,59.02000045776367,59.040000915527344,19600
2026-07-30 13:10:00-03:00,59.02000045776367,59.02000045776367,58.970001220703125,59.0099983215332,8900
2026-07-30 13:15:00-03:00,59.0099983215332,59.06999969482422,59.0099983215332,59.02000045776367,11000
2026-07-30 13:20:00-03:00,59.02000045776367,59.060001373291016,59.0,59.029998779296875,6300
2026-07-30 13:25:00-03:00,59.029998779296875,59.060001373291016,58.97999954223633,59.04999923706055,19100
2026-07-30 13:30:00-03:00,59.060001373291016,59.150001525878906,59.060001373291016,59.13999938964844,29200
2026-07-30 13:35:00-03:00,59.11000061035156,59.189998626708984,59.11000061035156,59.16999816894531,28800
2026-07-30 13:40:00-03:00,59.16999816894531,59.189998626708984,59.119998931884766,59.119998931884766,12100
2026-07-30 13:45:00-03:00,59.130001068115234,59.27000045776367,59.11000061035156,59.2599983215332,38500
2026-07-30 13:50:00-03:00,59.22999954223633,59.34000015258789,59.22999954223633,59.34000015258789,37300
2026-07-30 13:55:00-03:00,59.349998474121094,59.369998931884766,59.2599983215332,59.279998779296875,24800
2026-07-30 14:00:00-03:00,59.290000915527344,59.349998474121094,59.189998626708984,59.25,125700
2026-07-30 14:05:00-03:00,59.25,59.31999969482422,59.2400016784668,59.31999969482422,12600
2026-07-30 14:10:00-03:00,59.31999969482422,59.40999984741211,59.31999969482422,59.380001068115234,19500
2026-07-30 14:15:00-03:00,59.380001068115234,59.439998626708984,59.290000915527344,59.369998931884766,162900
2026-07-30 14:20:00-03:00,59.369998931884766,59.369998931884766,59.27000045776367,59.31999969482422,14800
2026-07-30 14:25:00-03:00,59.33000183105469,59.33000183105469,59.22999954223633,59.29999923706055,22600
2026-07-30 14:30:00-03:00,59.29999923706055,59.33000183105469,59.2400016784668,59.2400016784668,14200
2026-07-30 14:35:00-03:00,59.27000045776367,59.380001068115234,59.22999954223633,59.36000061035156,20300
2026-07-30 14:40:00-03:00,59.369998931884766,59.380001068115234,59.25,59.2599983215332,11800
2026-07-30 14:45:00-03:00,59.29999923706055,59.34000015258789,59.2400016784668,59.31999969482422,22500
2026-07-30 14:50:00-03:00,59.349998474121094,59.36000061035156,59.29999923706055,59.29999923706055,18700
2026-07-30 14:55:00-03:00,59.29999923706055,59.310001373291016,59.209999084472656,59.27000045776367,34400
2026-07-30 15:00:00-03:00,59.2599983215332,59.33000183105469,59.22999954223633,59.31999969482422,21900
2026-07-30 15:05:00-03:00,59.31999969482422,59.31999969482422,59.27000045776367,59.29999923706055,17100
2026-07-30 15:10:00-03:00,59.310001373291016,59.34000015258789,59.29999923706055,59.33000183105469,11400
2026-07-30 15:15:00-03:00,59.33000183105469,59.349998474121094,59.27000045776367,59.29999923706055,24500
2026-07-30 15:20:00-03:00,59.29999923706055,59.29999923706055,59.27000045776367,59.290000915527344,17700
2026-07-30 15:25:00-03:00,59.290000915527344,59.36000061035156,59.290000915527344,59.349998474121094,19200
2026-07-30 15:30:00-03:00,59.34000015258789,59.349998474121094,59.310001373291016,59.34000015258789,17300
2026-07-30 15:35:00-03:00,59.31999969482422,59.380001068115234,59.31999969482422,59.369998931884766,33400
2026-07-30 15:40:00-03:00,59.36000061035156,59.56999969482422,59.36000061035156,59.4900016784668,54000
2026-07-30 15:45:00-03:00,59.5099983215332,59.849998474121094,59.5099983215332,59.790000915527344,166900
2026-07-30 15:50:00-03:00,59.810001373291016,59.81999969482422,59.7400016784668,59.75,36300
2026-07-30 15:55:00-03:00,59.7400016784668,59.75,59.68000030517578,59.689998626708984,27900
2026-07-30 16:00:00-03:00,59.689998626708984,59.790000915527344,59.689998626708984,59.7400016784668,204500
2026-07-30 16:05:00-03:00,59.72999954223633,59.75,59.599998474121094,59.720001220703125,99700
2026-07-30 16:10:00-03:00,59.70000076293945,59.75,59.689998626708984,59.7400016784668,18500
2026-07-30 16:15:00-03:00,59.70000076293945,59.790000915527344,59.689998626708984,59.75,39600
2026-07-30 16:20:00-03:00,59.779998779296875,59.86000061035156,59.7400016784668,59.779998779296875,50200
2026-07-30 16:25:00-03:00,59.779998779296875,59.849998474121094,59.72999954223633,59.84000015258789,82900
2026-07-30 16:30:00-03:00,59.849998474121094,59.970001220703125,59.84000015258789,59.91999816894531,128400
2026-07-30 16:35:00-03:00,59.88999938964844,59.93000030517578,59.7599983215332,59.83000183105469,110300
2026-07-30 16:40:00-03:00,59.83000183105469,59.95000076293945,59.81999969482422,59.90999984741211,101600
2026-07-30 16:45:00-03:00,59.90999984741211,59.959999084472656,59.88999938964844,59.939998626708984,55300
2026-07-30 16:50:00-03:00,59.91999816894531,59.939998626708984,59.83000183105469,59.88999938964844,98700
2026-07-31 12:50:00-03:00,59.959999084472656,60.34000015258789,59.81999969482422,60.34000015258789,86700
2026-07-31 12:55:00-03:00,60.290000915527344,60.58000183105469,60.290000915527344,60.54999923706055,161400
2026-07-31 13:00:00-03:00,60.529998779296875,60.650001525878906,60.41999816894531,60.650001525878906,609100
2026-07-31 13:05:00-03:00,60.630001068115234,60.849998474121094,60.61000061035156,60.68000030517578,112300
2026-07-31 13:10:00-03:00,60.689998626708984,60.880001068115234,60.68000030517578,60.77000045776367,46400
2026-07-31 13:15:00-03:00,60.79999923706055,60.84000015258789,60.70000076293945,60.83000183105469,54400
2026-07-31 13:20:00-03:00,60.83000183105469,60.900001525878906,60.79999923706055,60.81999969482422,44900
2026-07-31 13:25:00-03:00,60.81999969482422,60.849998474121094,60.709999084472656,60.81999969482422,91800
2026-07-31 13:30:00-03:00,60.84000015258789,60.93000030517578,60.81999969482422,60.84000015258789,44000
2026-07-31 13:35:00-03:00,60.83000183105469,60.95000076293945,60.83000183105469,60.939998626708984,44800
2026-07-31 13:40:00-03:00,60.939998626708984,60.95000076293945,60.720001220703125,60.77000045776367,51400
2026-07-31 13:45:00-03:00,60.779998779296875,60.84000015258789,60.709999084472656,60.709999084472656,166400
2026-07-31 13:50:00-03:00,60.720001220703125,60.72999954223633,60.61000061035156,60.68000030517578,64900
2026-07-31 13:55:00-03:00,60.68000030517578,60.689998626708984,60.650001525878906,60.689998626708984,23400
2026-07-31 14:00:00-03:00,60.68000030517578,60.70000076293945,60.54999923706055,60.59000015258789,41900
2026-07-31 14:05:00-03:00,60.58000183105469,60.58000183105469,60.470001220703125,60.560001373291016,117100
2026-07-31 14:10:00-03:00,60.560001373291016,60.75,60.560001373291016,60.75,43200
2026-07-31 14:15:00-03:00,60.75,60.7599983215332,60.68000030517578,60.720001220703125,27500
2026-07-31 14:20:00-03:00,60.720001220703125,60.81999969482422,60.66999816894531,60.79999923706055,47000
2026-07-31 14:25:00-03:00,60.810001373291016,60.849998474121094,60.79999923706055,60.810001373291016,23200
2026-07-31 14:30:00-03:00,60.810001373291016,60.959999084472656,60.810001373291016,60.88999938964844,109400
2026-07-31 14:35:00-03:00,60.880001068115234,60.97999954223633,60.81999969482422,60.849998474121094,70600
2026-07-31 14:40:00-03:00,60.849998474121094,60.86000061035156,60.75,60.77000045776367,83500
2026-07-31 14:45:00-03:00,60.77000045776367,60.790000915527344,60.720001220703125,60.72999954223633,28000
2026-07-31 14:50:00-03:00,60.72999954223633,60.970001220703125,60.720001220703125,60.869998931884766,105100
2026-07-31 14:55:00-03:00,60.869998931884766,60.97999954223633,60.72999954223633,60.869998931884766,144500
2026-07-31 15:00:00-03:00,60.880001068115234,60.959999084472656,60.869998931884766,60.93000030517578,49800
2026-07-31 15:05:00-03:00,60.93000030517578,60.93000030517578,60.81999969482422,60.86000061035156,58700
2026-07-31 15:10:00-03:00,60.86000061035156,60.97999954223633,60.810001373291016,60.959999084472656,221200
2026-07-31 15:15:00-03:00,60.959999084472656,60.97999954223633,60.86000061035156,60.91999816894531,34700
2026-07-31 15:20:00-03:00,60.91999816894531,61.060001373291016,60.900001525878906,61.02000045776367,106400
2026-07-31 15:25:00-03:00,61.040000915527344,61.040000915527344,60.7599983215332,60.7599983215332,197800
2026-07-31 15:30:00-03:00,60.77000045776367,60.810001373291016,60.630001068115234,60.68000030517578,138900
2026-07-31 15:35:00-03:00,60.68000030517578,60.70000076293945,60.59000015258789,60.59000015258789,50400
2026-07-31 15:40:00-03:00,60.59000015258789,60.7400016784668,60.540000915527344,60.709999084472656,55800
2026-07-31 15:45:00-03:00,60.709999084472656,60.720001220703125,60.45000076293945,60.63999938964844,118300
2026-07-31 15:50:00-03:00,60.65999984741211,60.779998779296875,60.599998474121094,60.66999816894531,629600
2026-07-31 15:55:00-03:00,60.68000030517578,60.83000183105469,60.650001525878906,60.7400016784668,67500
2026-07-31 16:00:00-03:00,60.7400016784668,60.90999984741211,60.720001220703125,60.849998474121094,125800
2026-07-31 16:05:00-03:00,60.849998474121094,60.900001525878906,60.75,60.900001525878906,481100
2026-07-31 16:10:00-03:00,60.86000061035156,60.93000030517578,60.75,60.900001525878906,173700
2026-07-31 16:15:00-03:00,60.880001068115234,60.900001525878906,60.75,60.86000061035156,145900
2026-07-31 16:20:00-03:00,60.86000061035156,60.900001525878906,60.70000076293945,60.81999969482422,806500
2026-07-31 16:25:00-03:00,60.81999969482422,60.849998474121094,60.79999923706055,60.83000183105469,65800
2026-07-31 16:30:00-03:00,60.83000183105469,60.97999954223633,60.81999969482422,60.939998626708984,62600
2026-07-31 16:35:00-03:00,60.939998626708984,61.0,60.869998931884766,60.95000076293945,96700
2026-07-31 16:40:00-03:00,60.95000076293945,61.0099983215332,60.900001525878906,60.939998626708984,57800
2026-07-31 16:45:00-03:00,60.939998626708984,60.97999954223633,60.869998931884766,60.91999816894531,95200
2026-07-31 16:50:00-03:00,60.88999938964844,61.08000183105469,60.869998931884766,61.04999923706055,102300
2026-08-03 10:05:00-03:00,58.650001525878906,59.11000061035156,58.439998626708984,59.02000045776367,0
2026-08-03 10:10:00-03:00,59.09000015258789,59.540000915527344,58.900001525878906,59.529998779296875,156100
2026-08-03 10:15:00-03:00,59.529998779296875,59.54999923706055,59.279998779296875,59.29999923706055,92400
2026-08-03 10:20:00-03:00,59.290000915527344,59.29999923706055,59.060001373291016,59.060001373291016,107800
2026-08-03 10:25:00-03:00,59.04999923706055,59.099998474121094,58.83000183105469,58.849998474121094,82300
2026-08-03 10:30:00-03:00,58.81999969482422,59.099998474121094,58.81999969482422,58.97999954223633,93500
2026-08-03 10:35:00-03:00,58.95000076293945,59.029998779296875,58.70000076293945,58.84000015258789,152200
2026-08-03 10:40:00-03:00,58.810001373291016,58.939998626708984,58.79999923706055,58.869998931884766,38300
2026-08-03 10:45:00-03:00,58.869998931884766,58.91999816894531,58.66999816894531,58.75,142600
2026-08-03 10:50:00-03:00,58.7599983215332,58.95000076293945,58.70000076293945,58.95000076293945,93100
2026-08-03 10:55:00-03:00,58.939998626708984,58.95000076293945,58.810001373291016,58.939998626708984,46000
2026-08-03 11:00:00-03:00,58.95000076293945,58.95000076293945,58.61000061035156,58.75,112900
2026-08-03 11:05:00-03:00,58.709999084472656,58.720001220703125,58.5,58.70000076293945,117900
2026-08-03 11:10:00-03:00,58.709999084472656,59.0,58.68000030517578,58.959999084472656,90600
2026-08-03 11:15:00-03:00,58.97999954223633,59.04999923706055,58.91999816894531,59.040000915527344,30700
2026-08-03 11:20:00-03:00,59.040000915527344,59.060001373291016,58.849998474121094,58.869998931884766,32700
2026-08-03 11:25:00-03:00,58.84000015258789,58.869998931884766,58.75,58.83000183105469,42900
2026-08-03 11:30:00-03:00,58.849998474121094,58.900001525878906,58.779998779296875,58.900001525878906,25700
2026-08-03 11:35:00-03:00,58.900001525878906,58.959999084472656,58.849998474121094,58.88999938964844,37000
2026-08-03 11:40:00-03:00,58.900001525878906,58.95000076293945,58.779998779296875,58.779998779296875,36400
2026-08-03 11:45:00-03:00,58.779998779296875,58.880001068115234,58.7599983215332,58.880001068115234,20100
2026-08-03 11:50:00-03:00,58.880001068115234,58.88999938964844,58.81999969482422,58.880001068115234,33100
2026-08-03 11:55:00-03:00,58.88999938964844,58.91999816894531,58.86000061035156,58.91999816894531,19600
2026-08-03 12:00:00-03:00,58.91999816894531,58.95000076293945,58.880001068115234,58.91999816894531,42000
2026-08-03 12:05:00-03:00,58.91999816894531,58.93000030517578,58.849998474121094,58.869998931884766,28000
2026-08-03 12:10:00-03:00,58.880001068115234,58.91999816894531,58.849998474121094,58.91999816894531,15700
2026-08-03 12:15:00-03:00,58.90999984741211,58.90999984741211,58.849998474121094,58.900001525878906,18200
2026-08-03 12:20:00-03:00,58.900001525878906,58.90999984741211,58.86000061035156,58.88999938964844,13600
2026-08-03 12:25:00-03:00,58.880001068115234,59.02000045776367,58.84000015258789,59.0099983215332,88300
2026-08-03 12:30:00-03:00,59.0,59.0099983215332,58.869998931884766,58.90999984741211,43600
2026-08-03 12:35:00-03:00,58.90999984741211,58.90999984741211,58.79999923706055,58.84000015258789,40700
2026-08-03 12:40:00-03:00,58.84000015258789,58.869998931884766,58.81999969482422,58.849998474121094,8000
2026-08-03 12:45:00-03:00,58.84000015258789,58.93000030517578,58.84000015258789,58.90999984741211,14000
2026-08-03 12:50:00-03:00,58.93000030517578,58.93000030517578,58.880001068115234,58.91999816894531,14000
2026-08-03 12:55:00-03:00,58.91999816894531,58.91999816894531,58.880001068115234,58.880001068115234,9200
2026-08-03 13:00:00-03:00,58.880001068115234,58.90999984741211,58.849998474121094,58.900001525878906,12800
2026-08-03 13:05:00-03:00,58.90999984741211,59.02000045776367,58.90999984741211,58.97999954223633,17000
2026-08-03 13:10:00-03:00,58.97999954223633,59.119998931884766,58.970001220703125,59.06999969482422,48100
2026-08-03 13:15:00-03:00,59.04999923706055,59.060001373291016,59.0099983215332,59.0099983215332,11200
2026-08-03 13:20:00-03:00,59.0,59.0,58.95000076293945,58.970001220703125,23800
2026-08-03 13:25:00-03:00,58.939998626708984,58.959999084472656,58.90999984741211,58.93000030517578,8800
2026-08-03 13:30:00-03:00,58.91999816894531,58.970001220703125,58.91999816894531,58.959999084472656,14500
2026-08-03 13:35:00-03:00,58.95000076293945,58.970001220703125,58.95000076293945,58.95000076293945,9500
2026-08-03 13:40:00-03:00,58.95000076293945,58.95000076293945,58.900001525878906,58.900001525878906,9500
2026-08-03 13:45:00-03:00,58.900001525878906,58.900001525878906,58.869998931884766,58.900001525878906,23100
2026-08-03 13:50:00-03:00,58.88999938964844,58.88999938964844,58.81999969482422,58.83000183105469,17300
2026-08-03 13:55:00-03:00,58.83000183105469,58.83000183105469,58.75,58.7599983215332,40200
2026-08-03 14:00:00-03:00,58.75,58.810001373291016,58.7400016784668,58.779998779296875,29900
2026-08-03 14:05:00-03:00,58.779998779296875,58.849998474121094,58.75,58.83000183105469,19400
2026-08-03 14:10:00-03:00,58.84000015258789,58.86000061035156,58.72999954223633,58.72999954223633,43500
2026-08-03 14:15:00-03:00,58.72999954223633,58.7400016784668,58.630001068115234,58.630001068115234,95900
2026-08-03 14:20:00-03:00,58.63999938964844,58.779998779296875,58.560001373291016,58.72999954223633,125300
2026-08-03 14:25:00-03:00,58.72999954223633,58.7400016784668,58.650001525878906,58.70000076293945,19000
2026-08-03 14:30:00-03:00,58.70000076293945,58.720001220703125,58.66999816894531,58.709999084472656,24800
2026-08-03 14:35:00-03:00,58.709999084472656,58.720001220703125,58.70000076293945,58.709999084472656,14500
2026-08-03 14:40:00-03:00,58.720001220703125,58.720001220703125,58.56999969482422,58.59000015258789,48600
2026-08-03 14:45:00-03:00,58.59000015258789,58.619998931884766,58.56999969482422,58.599998474121094,27800
2026-08-03 14:50:00-03:00,58.61000061035156,58.83000183105469,58.61000061035156,58.81999969482422,49400
2026-08-03 14:55:00-03:00,58.81999969482422,58.849998474121094,58.75,58.79999923706055,53100
2026-08-03 15:00:00-03:00,58.79999923706055,58.959999084472656,58.790000915527344,58.84000015258789,221300
2026-08-03 15:05:00-03:00,58.83000183105469,58.880001068115234,58.790000915527344,58.810001373291016,34800
2026-08-03 15:10:00-03:00,58.81999969482422,58.86000061035156,58.790000915527344,58.83000183105469,23800
2026-08-03 15:15:00-03:00,58.84000015258789,58.880001068115234,58.81999969482422,58.880001068115234,44800
2026-08-03 15:20:00-03:00,58.880001068115234,58.97999954223633,58.880001068115234,58.97999954223633,60400
2026-08-03 15:25:00-03:00,58.97999954223633,59.029998779296875,58.93000030517578,59.0,75300
2026-08-03 15:30:00-03:00,59.0,59.0,58.88999938964844,58.95000076293945,32100
2026-08-03 15:35:00-03:00,58.95000076293945,59.0099983215332,58.95000076293945,59.0,25800
2026-08-03 15:40:00-03:00,59.0,59.040000915527344,58.900001525878906,59.040000915527344,46600
2026-08-03 15:45:00-03:00,59.029998779296875,59.11000061035156,58.849998474121094,58.880001068115234,448100
2026-08-03 15:50:00-03:00,58.86000061035156,58.880001068115234,58.790000915527344,58.79999923706055,42900
2026-08-03 15:55:00-03:00,58.79999923706055,58.84000015258789,58.75,58.83000183105469,41100
2026-08-03 16:00:00-03:00,58.84000015258789,58.939998626708984,58.83000183105469,58.90999984741211,96800
2026-08-03 16:05:00-03:00,58.900001525878906,58.900001525878906,58.869998931884766,58.880001068115234,30200
2026-08-03 16:10:00-03:00,58.869998931884766,58.939998626708984,58.790000915527344,58.880001068115234,74500
2026-08-03 16:15:00-03:00,58.880001068115234,58.88999938964844,58.810001373291016,58.84000015258789,33800
2026-08-03 16:20:00-03:00,58.84000015258789,58.880001068115234,58.810001373291016,58.84000015258789,21900
2026-08-03 16:25:00-03:00,58.84000015258789,58.869998931884766,58.790000915527344,58.849998474121094,41900
2026-08-03 16:30:00-03:00,58.849998474121094,58.90999984741211,58.75,58.880001068115234,102700
2026-08-03 16:35:00-03:00,58.880001068115234,58.939998626708984,58.849998474121094,58.869998931884766,58400
2026-08-03 16:40:00-03:00,58.880001068115234,58.90999984741211,58.7599983215332,58.7599983215332,56900
2026-08-03 16:45:00-03:00,58.7599983215332,58.810001373291016,58.709999084472656,58.72999954223633,119700
2026-08-03 16:50:00-03:00,58.7400016784668,58.7599983215332,58.630001068115234,58.70000076293945,138500
2026-08-04 10:05:00-03:00,58.20000076293945,58.38999938964844,58.02000045776367,58.20000076293945,48800
2026-08-04 10:10:00-03:00,58.18000030517578,58.43000030517578,58.08000183105469,58.380001068115234,105700
2026-08-04 10:15:00-03:00,58.380001068115234,58.5,58.310001373291016,58.439998626708984,82200
2026-08-04 10:20:00-03:00,58.40999984741211,58.40999984741211,58.02000045776367,58.04999923706055,77300
2026-08-04 10:25:00-03:00,58.04999923706055,58.13999938964844,57.93000030517578,57.970001220703125,109100
2026-08-04 10:30:00-03:00,57.959999084472656,58.0,57.279998779296875,57.34000015258789,475900
2026-08-04 10:35:00-03:00,57.29999923706055,57.349998474121094,56.95000076293945,57.06999969482422,576500
2026-08-04 10:40:00-03:00,57.06999969482422,57.43000030517578,57.06999969482422,57.29999923706055,404800
2026-08-04 10:45:00-03:00,57.29999923706055,57.439998626708984,57.220001220703125,57.33000183105469,219500
2026-08-04 10:50:00-03:00,57.310001373291016,57.45000076293945,57.279998779296875,57.34000015258789,180400
2026-08-04 10:55:00-03:00,57.38999938964844,57.4900016784668,57.27000045776367,57.310001373291016,601200
2026-08-04 11:00:00-03:00,57.31999969482422,57.599998474121094,57.20000076293945,57.599998474121094,94800
2026-08-04 11:05:00-03:00,57.599998474121094,57.599998474121094,57.45000076293945,57.5,73000
2026-08-04 11:10:00-03:00,57.540000915527344,57.599998474121094,57.400001525878906,57.470001220703125,75200
2026-08-04 11:15:00-03:00,57.45000076293945,57.689998626708984,57.400001525878906,57.689998626708984,51300
2026-08-04 11:20:00-03:00,57.689998626708984,57.88999938964844,57.65999984741211,57.869998931884766,90800
2026-08-04 11:25:00-03:00,57.869998931884766,57.869998931884766,57.619998931884766,57.68000030517578,78200
2026-08-04 11:30:00-03:00,57.689998626708984,57.97999954223633,57.689998626708984,57.970001220703125,212400
2026-08-04 11:35:00-03:00,57.970001220703125,58.150001525878906,57.79999923706055,58.04999923706055,283900
2026-08-04 11:40:00-03:00,58.04999923706055,58.130001068115234,57.88999938964844,58.099998474121094,85800
2026-08-04 11:45:00-03:00,58.099998474121094,58.099998474121094,58.0,58.04999923706055,65800
2026-08-04 11:50:00-03:00,58.09000015258789,58.220001220703125,58.029998779296875,58.18000030517578,86000
2026-08-04 11:55:00-03:00,58.18000030517578,58.45000076293945,58.18000030517578,58.400001525878906,110900
2026-08-04 12:00:00-03:00,58.38999938964844,58.58000183105469,58.310001373291016,58.5,109800
2026-08-04 12:05:00-03:00,58.5099983215332,58.5099983215332,58.279998779296875,58.34000015258789,45300
2026-08-04 12:10:00-03:00,58.34000015258789,58.34000015258789,58.119998931884766,58.150001525878906,55900
2026-08-04 12:15:00-03:00,58.13999938964844,58.220001220703125,58.099998474121094,58.20000076293945,31400
2026-08-04 12:20:00-03:00,58.20000076293945,58.20000076293945,58.04999923706055,58.060001373291016,39600
2026-08-04 12:25:00-03:00,58.06999969482422,58.099998474121094,57.97999954223633,57.97999954223633,48200
2026-08-04 12:30:00-03:00,57.9900016784668,58.13999938964844,57.869998931884766,58.13999938964844,125100
2026-08-04 12:35:00-03:00,58.150001525878906,58.16999816894531,57.84000015258789,57.88999938964844,98600
2026-08-04 12:40:00-03:00,57.90999984741211,58.0099983215332,57.45000076293945,57.5,138600
2026-08-04 12:45:00-03:00,57.54999923706055,57.77000045776367,57.439998626708984,57.75,85300
2026-08-04 12:50:00-03:00,57.77000045776367,58.08000183105469,57.7599983215332,58.02000045776367,66500
2026-08-04 12:55:00-03:00,58.0099983215332,58.150001525878906,58.0,58.040000915527344,34100
2026-08-04 13:00:00-03:00,58.060001373291016,58.20000076293945,58.04999923706055,58.20000076293945,30000
2026-08-04 13:05:00-03:00,58.20000076293945,58.349998474121094,58.18000030517578,58.279998779296875,179400
2026-08-04 13:10:00-03:00,58.27000045776367,58.279998779296875,58.040000915527344,58.13999938964844,39100
2026-08-04 13:15:00-03:00,58.13999938964844,58.15999984741211,58.060001373291016,58.099998474121094,25200
2026-08-04 13:20:00-03:00,58.119998931884766,58.130001068115234,58.09000015258789,58.099998474121094,16800
2026-08-04 13:25:00-03:00,58.099998474121094,58.11000061035156,57.95000076293945,57.95000076293945,32500
2026-08-04 13:30:00-03:00,57.97999954223633,58.0099983215332,57.79999923706055,57.810001373291016,60800
2026-08-04 13:35:00-03:00,57.810001373291016,57.849998474121094,57.720001220703125,57.849998474121094,64300
2026-08-04 13:40:00-03:00,57.849998474121094,57.880001068115234,57.79999923706055,57.849998474121094,13600
2026-08-04 13:45:00-03:00,57.86000061035156,58.0099983215332,57.849998474121094,58.0099983215332,23400
2026-08-04 13:50:00-03:00,58.0099983215332,58.099998474121094,58.0099983215332,58.099998474121094,16900
2026-08-04 13:55:00-03:00,58.099998474121094,58.099998474121094,58.040000915527344,58.06999969482422,16500
2026-08-04 14:00:00-03:00,58.06999969482422,58.150001525878906,58.04999923706055,58.150001525878906,43600
2026-08-04 14:05:00-03:00,58.150001525878906,58.29999923706055,58.09000015258789,58.13999938964844,103200
2026-08-04 14:10:00-03:00,58.13999938964844,58.13999938964844,57.849998474121094,57.849998474121094,174000
2026-08-04 14:15:00-03:00,57.83000183105469,57.84000015258789,57.650001525878906,57.709999084472656,159000
2026-08-04 14:20:00-03:00,57.720001220703125,58.0,57.720001220703125,58.0,68900
2026-08-04 14:25:00-03:00,57.9900016784668,57.9900016784668,57.90999984741211,57.95000076293945,82100
2026-08-04 14:30:00-03:00,57.959999084472656,57.970001220703125,57.93000030517578,57.970001220703125,13200
2026-08-04 14:35:00-03:00,57.970001220703125,58.08000183105469,57.900001525878906,58.060001373291016,37500
2026-08-04 14:40:00-03:00,58.060001373291016,58.08000183105469,57.900001525878906,57.900001525878906,51500
2026-08-04 14:45:00-03:00,57.91999816894531,58.20000076293945,57.90999984741211,58.119998931884766,56300
2026-08-04 14:50:00-03:00,58.09000015258789,58.15999984741211,58.09000015258789,58.130001068115234,28400
2026-08-04 14:55:00-03:00,58.130001068115234,58.189998626708984,58.09000015258789,58.099998474121094,53100
2026-08-04 15:00:00-03:00,58.099998474121094,58.099998474121094,57.900001525878906,57.97999954223633,56200
2026-08-04 15:05:00-03:00,57.97999954223633,58.02000045776367,57.95000076293945,57.970001220703125,33100
2026-08-04 15:10:00-03:00,57.970001220703125,58.060001373291016,57.90999984741211,58.029998779296875,49200
2026-08-04 15:15:00-03:00,58.02000045776367,58.04999923706055,58.0,58.0099983215332,27900
2026-08-04 15:20:00-03:00,58.0099983215332,58.06999969482422,58.0,58.04999923706055,25500
2026-08-04 15:25:00-03:00,58.060001373291016,58.09000015258789,58.04999923706055,58.09000015258789,23400
2026-08-04 15:30:00-03:00,58.09000015258789,58.099998474121094,58.02000045776367,58.040000915527344,26600
2026-08-04 15:35:00-03:00,58.040000915527344,58.119998931884766,58.029998779296875,58.11000061035156,31200
2026-08-04 15:40:00-03:00,58.099998474121094,58.13999938964844,58.060001373291016,58.06999969482422,25300
2026-08-04 15:45:00-03:00,58.06999969482422,58.099998474121094,58.040000915527344,58.060001373291016,25100
2026-08-04 15:50:00-03:00,58.06999969482422,58.099998474121094,58.04999923706055,58.09000015258789,24000
2026-08-04 15:55:00-03:00,58.09000015258789,58.150001525878906,58.08000183105469,58.099998474121094,25500
2026-08-04 16:00:00-03:00,58.08000183105469,58.11000061035156,58.060001373291016,58.099998474121094,625800
2026-08-04 16:05:00-03:00,58.099998474121094,58.20000076293945,58.09000015258789,58.16999816894531,40100
2026-08-04 16:10:00-03:00,58.16999816894531,58.20000076293945,58.15999984741211,58.189998626708984,29900
2026-08-04 16:15:00-03:00,58.189998626708984,58.290000915527344,58.18000030517578,58.220001220703125,63500
2026-08-04 16:20:00-03:00,58.22999954223633,58.36000061035156,58.209999084472656,58.349998474121094,72900
2026-08-04 16:25:00-03:00,58.349998474121094,58.349998474121094,58.27000045776367,58.31999969482422,44900
2026-08-04 16:30:00-03:00,58.31999969482422,58.349998474121094,58.2400016784668,58.25,52400
2026-08-04 16:35:00-03:00,58.25,58.33000183105469,58.220001220703125,58.33000183105469,68500
2026-08-04 16:40:00-03:00,58.33000183105469,58.34000015258789,58.25,58.290000915527344,60200
2026-08-04 16:45:00-03:00,58.290000915527344,58.29999923706055,58.13999938964844,58.2400016784668,87800
2026-08-04 16:50:00-03:00,58.2400016784668,58.33000183105469,58.2400016784668,58.2599983215332,58000
2026-08-05 10:00:00-03:00,59.209999084472656,59.45000076293945,59.060001373291016,59.060001373291016,0
2026-08-05 10:05:00-03:00,59.06999969482422,59.27000045776367,58.209999084472656,58.7400016784668,244800
2026-08-05 10:10:00-03:00,58.7400016784668,59.20000076293945,58.52000045776367,59.02000045776367,160600
2026-08-05 10:15:00-03:00,59.02000045776367,59.279998779296875,58.959999084472656,59.130001068115234,55900
2026-08-05 10:20:00-03:00,59.130001068115234,59.369998931884766,59.099998474121094,59.2599983215332,83700
2026-08-05 10:25:00-03:00,59.2599983215332,59.5099983215332,59.20000076293945,59.400001525878906,94400
2026-08-05 10:30:00-03:00,59.43000030517578,59.779998779296875,59.38999938964844,59.709999084472656,158700
2026-08-05 10:35:00-03:00,59.65999984741211,59.9900016784668,59.56999969482422,59.65999984741211,272500
2026-08-05 10:40:00-03:00,59.65999984741211,59.689998626708984,59.150001525878906,59.20000076293945,305600
2026-08-05 10:45:00-03:00,59.18000030517578,59.349998474121094,59.04999923706055,59.20000076293945,337100
2026-08-05 10:50:00-03:00,59.189998626708984,59.349998474121094,59.11000061035156,59.34000015258789,76400
2026-08-05 10:55:00-03:00,59.34000015258789,59.400001525878906,59.209999084472656,59.279998779296875,79400
2026-08-05 11:00:00-03:00,59.2400016784668,59.529998779296875,59.2400016784668,59.439998626708984,145400
2026-08-05 11:05:00-03:00,59.439998626708984,59.45000076293945,58.66999816894531,58.88999938964844,337800
2026-08-05 11:10:00-03:00,58.900001525878906,59.31999969482422,58.79999923706055,59.290000915527344,231400
2026-08-05 11:15:00-03:00,59.2400016784668,59.41999816894531,59.09000015258789,59.41999816894531,62000
2026-08-05 11:20:00-03:00,59.400001525878906,59.56999969482422,59.2599983215332,59.290000915527344,88500
2026-08-05 11:25:00-03:00,59.290000915527344,59.290000915527344,59.16999816894531,59.209999084472656,83400
2026-08-05 11:30:00-03:00,59.209999084472656,59.27000045776367,59.029998779296875,59.09000015258789,126600
2026-08-05 11:35:00-03:00,59.11000061035156,59.25,58.9900016784668,59.029998779296875,99300
2026-08-05 11:40:00-03:00,59.02000045776367,59.189998626708984,58.97999954223633,59.0,219900
2026-08-05 11:45:00-03:00,59.0,59.130001068115234,58.84000015258789,59.08000183105469,291500
2026-08-05 11:50:00-03:00,59.08000183105469,59.22999954223633,59.0,59.189998626708984,80700
2026-08-05 11:55:00-03:00,59.20000076293945,59.2599983215332,59.099998474121094,59.22999954223633,39200
2026-08-05 12:00:00-03:00,59.16999816894531,59.20000076293945,58.72999954223633,58.790000915527344,325200
2026-08-05 12:05:00-03:00,58.79999923706055,58.959999084472656,58.779998779296875,58.91999816894531,58300
2026-08-05 12:10:00-03:00,58.91999816894531,59.02000045776367,58.900001525878906,59.02000045776367,43200
2026-08-05 12:15:00-03:00,59.040000915527344,59.130001068115234,58.959999084472656,59.099998474121094,161100
2026-08-05 12:20:00-03:00,59.09000015258789,59.41999816894531,59.04999923706055,59.41999816894531,190800
2026-08-05 12:25:00-03:00,59.40999984741211,59.40999984741211,59.220001220703125,59.29999923706055,146900
2026-08-05 12:30:00-03:00,59.33000183105469,59.34000015258789,59.189998626708984,59.2400016784668,69100
2026-08-05 12:35:00-03:00,59.25,59.290000915527344,59.189998626708984,59.27000045776367,31500
2026-08-05 12:40:00-03:00,59.2400016784668,59.279998779296875,59.2400016784668,59.2400016784668,14700
2026-08-05 12:45:00-03:00,59.2400016784668,59.279998779296875,59.20000076293945,59.25,30600
2026-08-05 12:50:00-03:00,59.25,59.4900016784668,59.22999954223633,59.43000030517578,120500
2026-08-05 12:55:00-03:00,59.45000076293945,59.540000915527344,59.439998626708984,59.529998779296875,60400
2026-08-05 13:00:00-03:00,59.52000045776367,59.77000045776367,59.52000045776367,59.59000015258789,155900
2026-08-05 13:05:00-03:00,59.59000015258789,59.59000015258789,59.45000076293945,59.459999084472656,42700
2026-08-05 13:10:00-03:00,59.45000076293945,59.650001525878906,59.439998626708984,59.61000061035156,46900
2026-08-05 13:15:00-03:00,59.61000061035156,59.630001068115234,59.5099983215332,59.5099983215332,17500
2026-08-05 13:20:00-03:00,59.540000915527344,59.63999938964844,59.52000045776367,59.56999969482422,14500
2026-08-05 13:25:00-03:00,59.56999969482422,59.689998626708984,59.560001373291016,59.650001525878906,29700
2026-08-05 13:30:00-03:00,59.66999816894531,59.70000076293945,59.63999938964844,59.68000030517578,24300
2026-08-05 13:35:00-03:00,59.66999816894531,59.72999954223633,59.59000015258789,59.59000015258789,36900
2026-08-05 13:40:00-03:00,59.59000015258789,59.59000015258789,59.4900016784668,59.5,62300
2026-08-05 13:45:00-03:00,59.5,59.54999923706055,59.369998931884766,59.400001525878906,55500
2026-08-05 13:50:00-03:00,59.400001525878906,59.45000076293945,59.25,59.34000015258789,73900
2026-08-05 13:55:00-03:00,59.349998474121094,59.560001373291016,59.310001373291016,59.560001373291016,82700
2026-08-05 14:00:00-03:00,59.560001373291016,59.59000015258789,59.41999816894531,59.439998626708984,71000
2026-08-05 14:05:00-03:00,59.439998626708984,59.45000076293945,59.290000915527344,59.29999923706055,59800
2026-08-05 14:10:00-03:00,59.29999923706055,59.31999969482422,59.189998626708984,59.20000076293945,44800
2026-08-05 14:15:00-03:00,59.189998626708984,59.220001220703125,58.83000183105469,58.849998474121094,265400
2026-08-05 14:20:00-03:00,58.849998474121094,58.880001068115234,58.650001525878906,58.84000015258789,165700
2026-08-05 14:25:00-03:00,58.86000061035156,58.93000030517578,58.84000015258789,58.93000030517578,112400
2026-08-05 14:30:00-03:00,58.91999816894531,59.02000045776367,58.91999816894531,58.959999084472656,155500
2026-08-05 14:35:00-03:00,58.9900016784668,58.9900016784668,58.75,58.79999923706055,122100
2026-08-05 14:40:00-03:00,58.790000915527344,58.91999816894531,58.779998779296875,58.84000015258789,59400
2026-08-05 14:45:00-03:00,58.83000183105469,58.91999816894531,58.81999969482422,58.91999816894531,33100
2026-08-05 14:50:00-03:00,58.91999816894531,59.060001373291016,58.91999816894531,59.040000915527344,40300
2026-08-05 14:55:00-03:00,59.040000915527344,59.04999923706055,58.9900016784668,58.9900016784668,91100
2026-08-05 15:00:00-03:00,58.9900016784668,59.0099983215332,58.9900016784668,59.0,54500
2026-08-05 15:05:00-03:00,59.0,59.0,58.9900016784668,59.0,26300
2026-08-05 15:10:00-03:00,59.0,59.06999969482422,58.9900016784668,59.0099983215332,88400
2026-08-05 15:15:00-03:00,59.0099983215332,59.09000015258789,59.0,59.06999969482422,56500
2026-08-05 15:20:00-03:00,59.06999969482422,59.099998474121094,59.02000045776367,59.060001373291016,41000
2026-08-05 15:25:00-03:00,59.04999923706055,59.18000030517578,59.040000915527344,59.06999969482422,65300
2026-08-05 15:30:00-03:00,59.08000183105469,59.16999816894531,58.88999938964844,58.93000030517578,113800
2026-08-05 15:35:00-03:00,58.91999816894531,58.970001220703125,58.869998931884766,58.869998931884766,64300
2026-08-05 15:40:00-03:00,58.88999938964844,58.970001220703125,58.599998474121094,58.65999984741211,154500
2026-08-05 15:45:00-03:00,58.65999984741211,58.720001220703125,58.470001220703125,58.58000183105469,150900
2026-08-05 15:50:00-03:00,58.58000183105469,58.68000030517578,58.47999954223633,58.630001068115234,85900
2026-08-05 15:55:00-03:00,58.66999816894531,58.70000076293945,58.470001220703125,58.470001220703125,64600
2026-08-05 16:00:00-03:00,58.5,58.5,58.279998779296875,58.31999969482422,80700
2026-08-05 16:05:00-03:00,58.34000015258789,58.540000915527344,58.29999923706055,58.529998779296875,56900
2026-08-05 16:10:00-03:00,58.5099983215332,58.540000915527344,58.45000076293945,58.5,51300
2026-08-05 16:15:00-03:00,58.5,58.59000015258789,58.5,58.56999969482422,47100
2026-08-05 16:20:00-03:00,58.59000015258789,58.75,58.59000015258789,58.75,93300
2026-08-05 16:25:00-03:00,58.7400016784668,58.849998474121094,58.7400016784668,58.83000183105469,102600
2026-08-05 16:30:00-03:00,58.83000183105469,58.880001068115234,58.81999969482422,58.84000015258789,245700
2026-08-05 16:35:00-03:00,58.83000183105469,58.88999938964844,58.83000183105469,58.880001068115234,99200
2026-08-05 16:40:00-03:00,58.869998931884766,58.959999084472656,58.869998931884766,58.959999084472656,132300
2026-08-05 16:45:00-03:00,58.959999084472656,59.0099983215332,58.95000076293945,58.9900016784668,107700
2026-08-05 16:50:00-03:00,58.970001220703125,59.209999084472656,58.900001525878906,58.900001525878906,443800
2026-08-06 10:10:00-03:00,59.5,59.56999969482422,59.310001373291016,59.56999969482422,130900
2026-08-06 10:15:00-03:00,59.54999923706055,59.779998779296875,59.36000061035156,59.400001525878906,161300
2026-08-06 10:20:00-03:00,59.38999938964844,59.56999969482422,59.25,59.349998474121094,111600
2026-08-06 10:25:00-03:00,59.33000183105469,59.59000015258789,59.33000183105469,59.47999954223633,59900
2026-08-06 10:30:00-03:00,59.45000076293945,59.4900016784668,59.29999923706055,59.45000076293945,55200
2026-08-06 10:35:00-03:00,59.45000076293945,59.5,59.40999984741211,59.439998626708984,24300
2026-08-06 10:40:00-03:00,59.45000076293945,59.560001373291016,59.130001068115234,59.20000076293945,155500
2026-08-06 10:45:00-03:00,59.15999984741211,59.15999984741211,58.790000915527344,58.90999984741211,97100
2026-08-06 10:50:00-03:00,58.90999984741211,58.90999984741211,58.709999084472656,58.849998474121094,50700
2026-08-06 10:55:00-03:00,58.849998474121094,58.849998474121094,58.619998931884766,58.689998626708984,62800
2026-08-06 11:00:00-03:00,58.66999816894531,58.689998626708984,58.459999084472656,58.619998931884766,36700
2026-08-06 11:05:00-03:00,58.61000061035156,58.7599983215332,58.59000015258789,58.65999984741211,74200
2026-08-06 11:10:00-03:00,58.66999816894531,58.7400016784668,58.650001525878906,58.66999816894531,19300
2026-08-06 11:15:00-03:00,58.650001525878906,58.70000076293945,58.5099983215332,58.68000030517578,37200
2026-08-06 11:20:00-03:00,58.68000030517578,58.75,58.599998474121094,58.7400016784668,25200
2026-08-06 11:25:00-03:00,58.7400016784668,58.900001525878906,58.7400016784668,58.849998474121094,31200
2026-08-06 11:30:00-03:00,58.88999938964844,59.02000045776367,58.880001068115234,58.970001220703125,58100
2026-08-06 11:35:00-03:00,58.97999954223633,59.0099983215332,58.88999938964844,58.93000030517578,18600
2026-08-06 11:40:00-03:00,58.95000076293945,58.9900016784668,58.90999984741211,58.9900016784668,14400
2026-08-06 11:45:00-03:00,58.9900016784668,59.18000030517578,58.9900016784668,59.08000183105469,51100
2026-08-06 11:50:00-03:00,59.06999969482422,59.11000061035156,58.93000030517578,58.95000076293945,310500
2026-08-06 11:55:00-03:00,58.95000076293945,59.08000183105469,58.88999938964844,58.939998626708984,122600
2026-08-06 12:00:00-03:00,58.91999816894531,58.93000030517578,58.709999084472656,58.849998474121094,87500
2026-08-06 12:05:00-03:00,58.849998474121094,58.869998931884766,58.66999816894531,58.70000076293945,45500
2026-08-06 12:10:00-03:00,58.709999084472656,58.79999923706055,58.66999816894531,58.7599983215332,46700
2026-08-06 12:15:00-03:00,58.779998779296875,58.779998779296875,58.650001525878906,58.75,34500
2026-08-06 12:20:00-03:00,58.7599983215332,58.79999923706055,58.68000030517578,58.779998779296875,34700
2026-08-06 12:25:00-03:00,58.779998779296875,58.779998779296875,58.70000076293945,58.70000076293945,20300
2026-08-06 12:30:00-03:00,58.689998626708984,58.849998474121094,58.689998626708984,58.81999969482422,26800
2026-08-06 12:35:00-03:00,58.81999969482422,58.869998931884766,58.779998779296875,58.81999969482422,64200
2026-08-06 12:40:00-03:00,58.81999969482422,58.880001068115234,58.7599983215332,58.81999969482422,84500
2026-08-06 12:45:00-03:00,58.81999969482422,58.939998626708984,58.81999969482422,58.88999938964844,49900
2026-08-06 12:50:00-03:00,58.88999938964844,59.0099983215332,58.81999969482422,58.959999084472656,124100
2026-08-06 12:55:00-03:00,58.970001220703125,59.150001525878906,58.47999954223633,59.02000045776367,665700
2026-08-06 13:00:00-03:00,59.029998779296875,59.20000076293945,59.029998779296875,59.09000015258789,69800
2026-08-06 13:05:00-03:00,59.09000015258789,59.130001068115234,58.97999954223633,59.060001373291016,1821700
2026-08-06 13:10:00-03:00,59.09000015258789,59.22999954223633,59.06999969482422,59.150001525878906,74100
2026-08-06 13:15:00-03:00,59.16999816894531,59.2400016784668,59.13999938964844,59.15999984741211,36300
2026-08-06 13:20:00-03:00,59.18000030517578,59.220001220703125,59.150001525878906,59.150001525878906,48400
2026-08-06 13:25:00-03:00,59.15999984741211,59.34000015258789,59.15999984741211,59.31999969482422,51200
2026-08-06 13:30:00-03:00,59.31999969482422,59.43000030517578,59.27000045776367,59.349998474121094,91000
2026-08-06 13:35:00-03:00,59.34000015258789,59.34000015258789,59.189998626708984,59.25,52600
2026-08-06 13:40:00-03:00,59.290000915527344,59.33000183105469,59.22999954223633,59.279998779296875,38200
2026-08-06 13:45:00-03:00,59.27000045776367,59.38999938964844,59.2400016784668,59.29999923706055,83500
2026-08-06 13:50:00-03:00,59.290000915527344,59.290000915527344,59.15999984741211,59.279998779296875,51700
2026-08-06 13:55:00-03:00,59.290000915527344,59.43000030517578,59.290000915527344,59.36000061035156,34700
2026-08-06 14:00:00-03:00,59.36000061035156,59.369998931884766,59.25,59.25,37000
2026-08-06 14:05:00-03:00,59.25,59.290000915527344,59.16999816894531,59.25,240600
2026-08-06 14:10:00-03:00,59.220001220703125,59.310001373291016,59.20000076293945,59.310001373291016,26600
2026-08-06 14:15:00-03:00,59.31999969482422,59.369998931884766,59.310001373291016,59.349998474121094,22200
2026-08-06 14:20:00-03:00,59.36000061035156,59.470001220703125,59.349998474121094,59.43000030517578,109700
2026-08-06 14:25:00-03:00,59.43000030517578,59.45000076293945,59.36000061035156,59.439998626708984,45200
2026-08-06 14:30:00-03:00,59.439998626708984,59.45000076293945,59.349998474121094,59.36000061035156,24900
2026-08-06 14:35:00-03:00,59.36000061035156,59.40999984741211,59.33000183105469,59.36000061035156,22500
2026-08-06 14:40:00-03:00,59.36000061035156,59.400001525878906,59.349998474121094,59.369998931884766,20000
2026-08-06 14:45:00-03:00,59.380001068115234,59.439998626708984,59.36000061035156,59.439998626708984,33100
2026-08-06 14:50:00-03:00,59.439998626708984,59.5,59.36000061035156,59.36000061035156,113200
2026-08-06 14:55:00-03:00,59.36000061035156,59.36000061035156,59.220001220703125,59.25,72000
2026-08-06 15:00:00-03:00,59.2599983215332,59.290000915527344,59.09000015258789,59.150001525878906,60100
2026-08-06 15:05:00-03:00,59.13999938964844,59.18000030517578,59.06999969482422,59.06999969482422,66800
2026-08-06 15:10:00-03:00,59.06999969482422,59.11000061035156,59.0,59.060001373291016,88100
2026-08-06 15:15:00-03:00,59.06999969482422,59.119998931884766,59.04999923706055,59.060001373291016,30300
2026-08-06 15:20:00-03:00,59.060001373291016,59.11000061035156,59.02000045776367,59.04999923706055,48400
2026-08-06 15:25:00-03:00,59.040000915527344,59.06999969482422,58.9900016784668,59.04999923706055,34200
2026-08-06 15:30:00-03:00,59.060001373291016,59.060001373291016,58.75,58.81999969482422,112700
2026-08-06 15:35:00-03:00,58.810001373291016,58.81999969482422,58.7400016784668,58.79999923706055,49000
2026-08-06 15:40:00-03:00,58.779998779296875,58.81999969482422,58.720001220703125,58.75,41200
2026-08-06 15:45:00-03:00,58.75,58.86000061035156,58.75,58.84000015258789,37700
2026-08-06 15:50:00-03:00,58.86000061035156,58.90999984741211,58.790000915527344,58.810001373291016,39400
2026-08-06 15:55:00-03:00,58.810001373291016,58.83000183105469,58.70000076293945,58.709999084472656,77600
2026-08-06 16:00:00-03:00,58.709999084472656,58.779998779296875,58.68000030517578,58.75,43700
2026-08-06 16:05:00-03:00,58.7400016784668,58.83000183105469,58.72999954223633,58.779998779296875,55100
2026-08-06 16:10:00-03:00,58.77000045776367,58.79999923706055,58.630001068115234,58.650001525878906,82100
2026-08-06 16:15:00-03:00,58.65999984741211,58.68000030517578,58.560001373291016,58.599998474121094,59300
2026-08-06 16:20:00-03:00,58.59000015258789,58.66999816894531,58.560001373291016,58.599998474121094,52200
2026-08-06 16:25:00-03:00,58.58000183105469,58.70000076293945,58.58000183105469,58.61000061035156,71500
2026-08-06 16:30:00-03:00,58.619998931884766,58.77000045776367,58.619998931884766,58.70000076293945,115400
2026-08-06 16:35:00-03:00,58.70000076293945,58.95000076293945,58.650001525878906,58.900001525878906,109100
2026-08-06 16:40:00-03:00,58.900001525878906,58.900001525878906,58.70000076293945,58.7599983215332,76000
2026-08-06 16:45:00-03:00,58.779998779296875,58.79999923706055,58.68000030517578,58.779998779296875,123400
2026-08-06 16:50:00-03:00,58.7599983215332,58.7599983215332,58.56999969482422,58.63999938964844,48000
2026-08-07 10:00:00-03:00,58.5,58.529998779296875,58.40999984741211,58.47999954223633,23300
2026-08-07 10:05:00-03:00,58.5099983215332,58.93000030517578,58.119998931884766,58.290000915527344,163000
2026-08-07 10:10:00-03:00,58.33000183105469,58.380001068115234,57.88999938964844,57.9900016784668,141200
2026-08-07 10:15:00-03:00,57.959999084472656,58.20000076293945,57.95000076293945,58.20000076293945,66600
2026-08-07 10:20:00-03:00,58.18000030517578,58.45000076293945,58.18000030517578,58.34000015258789,52000
2026-08-07 10:25:00-03:00,58.33000183105469,58.33000183105469,58.099998474121094,58.099998474121094,44400
2026-08-07 10:30:00-03:00,58.099998474121094,58.25,57.65999984741211,58.209999084472656,261500
2026-08-07 10:35:00-03:00,58.220001220703125,58.380001068115234,58.209999084472656,58.33000183105469,377900
2026-08-07 10:40:00-03:00,58.310001373291016,58.310001373291016,57.650001525878906,57.93000030517578,163400
2026-08-07 10:45:00-03:00,57.91999816894531,58.09000015258789,57.90999984741211,58.04999923706055,57400
2026-08-07 10:50:00-03:00,58.060001373291016,58.09000015258789,58.0,58.06999969482422,27800
2026-08-07 10:55:00-03:00,58.04999923706055,58.08000183105469,57.970001220703125,58.08000183105469,23900
2026-08-07 11:00:00-03:00,58.060001373291016,58.150001525878906,57.849998474121094,57.93000030517578,145800
2026-08-07 11:05:00-03:00,57.959999084472656,58.060001373291016,57.95000076293945,57.95000076293945,17200
2026-08-07 11:10:00-03:00,57.970001220703125,58.04999923706055,57.939998626708984,58.04999923706055,19800
2026-08-07 11:15:00-03:00,58.02000045776367,58.04999923706055,57.959999084472656,58.0099983215332,11900
2026-08-07 11:20:00-03:00,58.0099983215332,58.040000915527344,57.88999938964844,57.97999954223633,44500
2026-08-07 11:25:00-03:00,57.97999954223633,58.060001373291016,57.95000076293945,58.0099983215332,34200
2026-08-07 11:30:00-03:00,58.029998779296875,58.060001373291016,57.86000061035156,57.90999984741211,34300
2026-08-07 11:35:00-03:00,57.900001525878906,57.97999954223633,57.84000015258789,57.95000076293945,35800
2026-08-07 11:40:00-03:00,57.95000076293945,57.959999084472656,57.84000015258789,57.86000061035156,39700
2026-08-07 11:45:00-03:00,57.869998931884766,57.880001068115234,57.810001373291016,57.84000015258789,17600
2026-08-07 11:50:00-03:00,57.84000015258789,57.93000030517578,57.709999084472656,57.79999923706055,71500
2026-08-07 11:55:00-03:00,57.79999923706055,57.93000030517578,57.75,57.900001525878906,55100
2026-08-07 12:00:00-03:00,57.91999816894531,58.060001373291016,57.91999816894531,58.029998779296875,68600
2026-08-07 12:05:00-03:00,58.029998779296875,58.11000061035156,58.0,58.029998779296875,56400
2026-08-07 12:10:00-03:00,58.04999923706055,58.09000015258789,57.959999084472656,58.09000015258789,34000
2026-08-07 12:15:00-03:00,58.08000183105469,58.09000015258789,57.90999984741211,57.970001220703125,28600
2026-08-07 12:20:00-03:00,57.970001220703125,57.9900016784668,57.900001525878906,57.900001525878906,25500
2026-08-07 12:25:00-03:00,57.93000030517578,58.08000183105469,57.900001525878906,58.060001373291016,29600
2026-08-07 12:30:00-03:00,58.040000915527344,58.16999816894531,58.02000045776367,58.16999816894531,37300
2026-08-07 12:35:00-03:00,58.16999816894531,58.20000076293945,58.099998474121094,58.150001525878906,62600
2026-08-07 12:40:00-03:00,58.150001525878906,58.150001525878906,58.0,58.029998779296875,40400
2026-08-07 12:45:00-03:00,58.040000915527344,58.09000015258789,57.83000183105469,57.869998931884766,91800
2026-08-07 12:50:00-03:00,57.869998931884766,57.900001525878906,57.7599983215332,57.81999969482422,43800
2026-08-07 12:55:00-03:00,57.810001373291016,57.849998474121094,57.77000045776367,57.790000915527344,20100
2026-08-07 13:00:00-03:00,57.790000915527344,57.900001525878906,57.779998779296875,57.869998931884766,24500
2026-08-07 13:05:00-03:00,57.880001068115234,57.880001068115234,57.779998779296875,57.790000915527344,29500
2026-08-07 13:10:00-03:00,57.790000915527344,57.81999969482422,57.7599983215332,57.779998779296875,14900
2026-08-07 13:15:00-03:00,57.77000045776367,57.900001525878906,57.75,57.88999938964844,29000
2026-08-07 13:20:00-03:00,57.88999938964844,57.90999984741211,57.79999923706055,57.84000015258789,23600
2026-08-07 13:25:00-03:00,57.81999969482422,57.97999954223633,57.79999923706055,57.95000076293945,45900
2026-08-07 13:30:00-03:00,57.939998626708984,57.970001220703125,57.84000015258789,57.84000015258789,25300
2026-08-07 13:35:00-03:00,57.849998474121094,57.88999938964844,57.79999923706055,57.849998474121094,18100
2026-08-07 13:40:00-03:00,57.849998474121094,57.880001068115234,57.81999969482422,57.849998474121094,18800
2026-08-07 13:45:00-03:00,57.869998931884766,57.959999084472656,57.83000183105469,57.86000061035156,28500
2026-08-07 13:50:00-03:00,57.88999938964844,57.91999816894531,57.86000061035156,57.869998931884766,20200
2026-08-07 13:55:00-03:00,57.88999938964844,57.939998626708984,57.849998474121094,57.93000030517578,23900
2026-08-07 14:00:00-03:00,57.900001525878906,57.93000030517578,57.83000183105469,57.83000183105469,19300
2026-08-07 14:05:00-03:00,57.869998931884766,57.88999938964844,57.810001373291016,57.81999969482422,28800
2026-08-07 14:10:00-03:00,57.86000061035156,57.88999938964844,57.7400016784668,57.77000045776367,156800
2026-08-07 14:15:00-03:00,57.77000045776367,57.90999984741211,57.75,57.880001068115234,49100
2026-08-07 14:20:00-03:00,57.900001525878906,57.90999984741211,57.79999923706055,57.810001373291016,26000
2026-08-07 14:25:00-03:00,57.810001373291016,57.869998931884766,57.779998779296875,57.869998931884766,32200
2026-08-07 14:30:00-03:00,57.849998474121094,57.869998931884766,57.79999923706055,57.83000183105469,32700
2026-08-07 14:35:00-03:00,57.81999969482422,57.849998474121094,57.779998779296875,57.779998779296875,30800
2026-08-07 14:40:00-03:00,57.779998779296875,57.79999923706055,57.72999954223633,57.790000915527344,26300
2026-08-07 14:45:00-03:00,57.77000045776367,57.83000183105469,57.7599983215332,57.790000915527344,23200
2026-08-07 14:50:00-03:00,57.790000915527344,57.81999969482422,57.75,57.77000045776367,30700
2026-08-07 14:55:00-03:00,57.75,57.810001373291016,57.7400016784668,57.790000915527344,26000
2026-08-07 15:00:00-03:00,57.790000915527344,57.900001525878906,57.77000045776367,57.900001525878906,41600
2026-08-07 15:05:00-03:00,57.900001525878906,58.02000045776367,57.880001068115234,58.0099983215332,47100
2026-08-07 15:10:00-03:00,58.0,58.06999969482422,57.9900016784668,57.9900016784668,59200
2026-08-07 15:15:00-03:00,57.9900016784668,58.0099983215332,57.93000030517578,57.939998626708984,28100
2026-08-07 15:20:00-03:00,57.939998626708984,58.099998474121094,57.90999984741211,58.09000015258789,52400
2026-08-07 15:25:00-03:00,58.099998474121094,58.099998474121094,57.97999954223633,57.9900016784668,74400
2026-08-07 15:30:00-03:00,57.97999954223633,58.0099983215332,57.959999084472656,58.0099983215332,29500
2026-08-07 15:35:00-03:00,58.0099983215332,58.150001525878906,58.0099983215332,58.11000061035156,45100
2026-08-07 15:40:00-03:00,58.09000015258789,58.130001068115234,58.0,58.02000045776367,35700
2026-08-07 15:45:00-03:00,58.0099983215332,58.029998779296875,57.88999938964844,57.900001525878906,31100
2026-08-07 15:50:00-03:00,57.900001525878906,57.97999954223633,57.880001068115234,57.88999938964844,37400
2026-08-07 15:55:00-03:00,57.880001068115234,57.95000076293945,57.709999084472656,57.7400016784668,117900
2026-08-07 16:00:00-03:00,57.709999084472656,57.7400016784668,57.61000061035156,57.650001525878906,99900
2026-08-07 16:05:00-03:00,57.63999938964844,57.68000030517578,57.619998931884766,57.68000030517578,741800
2026-08-07 16:10:00-03:00,57.66999816894531,57.7400016784668,57.61000061035156,57.61000061035156,39000
2026-08-07 16:15:00-03:00,57.619998931884766,57.650001525878906,57.599998474121094,57.63999938964844,34900
2026-08-07 16:20:00-03:00,57.650001525878906,57.709999084472656,57.61000061035156,57.619998931884766,45900
2026-08-07 16:25:00-03:00,57.619998931884766,57.619998931884766,57.459999084472656,57.52000045776367,107200
2026-08-07 16:30:00-03:00,57.52000045776367,57.56999969482422,57.439998626708984,57.56999969482422,88800
2026-08-07 16:35:00-03:00,57.56999969482422,57.59000015258789,57.5099983215332,57.56999969482422,101600
2026-08-07 16:40:00-03:00,57.56999969482422,57.58000183105469,57.349998474121094,57.380001068115234,89800
2026-08-07 16:45:00-03:00,57.38999938964844,57.47999954223633,57.36000061035156,57.47999954223633,105500
2026-08-07 16:50:00-03:00,57.47999954223633,57.61000061035156,57.459999084472656,57.56999969482422,85100
2026-08-10 10:10:00-03:00,58.349998474121094,58.7599983215332,58.31999969482422,58.689998626708984,53400
2026-08-10 10:15:00-03:00,58.689998626708984,58.70000076293945,58.47999954223633,58.4900016784668,47200
2026-08-10 10:20:00-03:00,58.5,58.59000015258789,58.41999816894531,58.5099983215332,48800
2026-08-10 10:25:00-03:00,58.5099983215332,58.65999984741211,58.47999954223633,58.58000183105469,58300
2026-08-10 10:30:00-03:00,58.58000183105469,59.119998931884766,58.4900016784668,59.11000061035156,308400
2026-08-10 10:35:00-03:00,59.099998474121094,59.310001373291016,58.9900016784668,59.189998626708984,248500
2026-08-10 10:40:00-03:00,59.18000030517578,59.189998626708984,59.0,59.16999816894531,104400
2026-08-10 10:45:00-03:00,59.16999816894531,59.25,59.119998931884766,59.150001525878906,93900
2026-08-10 10:50:00-03:00,59.119998931884766,59.41999816894531,59.11000061035156,59.400001525878906,184300
2026-08-10 10:55:00-03:00,59.400001525878906,59.400001525878906,59.20000076293945,59.310001373291016,54600
2026-08-10 11:00:00-03:00,59.29999923706055,59.45000076293945,59.150001525878906,59.45000076293945,112400
2026-08-10 11:05:00-03:00,59.45000076293945,59.540000915527344,59.369998931884766,59.52000045776367,109600
2026-08-10 11:10:00-03:00,59.529998779296875,59.72999954223633,59.5099983215332,59.68000030517578,140400
2026-08-10 11:15:00-03:00,59.68000030517578,59.68000030517578,59.4900016784668,59.5099983215332,77700
2026-08-10 11:20:00-03:00,59.52000045776367,59.56999969482422,59.470001220703125,59.56999969482422,42900
2026-08-10 11:25:00-03:00,59.560001373291016,59.650001525878906,59.5,59.63999938964844,65300
2026-08-10 11:30:00-03:00,59.650001525878906,59.86000061035156,59.619998931884766,59.849998474121094,138500
2026-08-10 11:35:00-03:00,59.81999969482422,59.90999984741211,59.810001373291016,59.869998931884766,66000
2026-08-10 11:40:00-03:00,59.869998931884766,60.06999969482422,59.84000015258789,60.06999969482422,159200
2026-08-10 11:45:00-03:00,60.04999923706055,60.15999984741211,60.040000915527344,60.13999938964844,90400
2026-08-10 11:50:00-03:00,60.13999938964844,60.15999984741211,59.93000030517578,59.93000030517578,101500
2026-08-10 11:55:00-03:00,59.93000030517578,60.04999923706055,59.84000015258789,59.91999816894531,103100
2026-08-10 12:00:00-03:00,59.90999984741211,59.90999984741211,59.560001373291016,59.65999984741211,327100
2026-08-10 12:05:00-03:00,59.70000076293945,59.720001220703125,59.58000183105469,59.63999938964844,45800
2026-08-10 12:10:00-03:00,59.650001525878906,59.810001373291016,59.619998931884766,59.810001373291016,39900
2026-08-10 12:15:00-03:00,59.810001373291016,59.81999969482422,59.7400016784668,59.79999923706055,28900
2026-08-10 12:20:00-03:00,59.79999923706055,59.81999969482422,59.75,59.79999923706055,27000
2026-08-10 12:25:00-03:00,59.79999923706055,59.84000015258789,59.709999084472656,59.77000045776367,36400
2026-08-10 12:30:00-03:00,59.77000045776367,59.79999923706055,59.709999084472656,59.7400016784668,27900
2026-08-10 12:35:00-03:00,59.7400016784668,59.77000045776367,59.70000076293945,59.7400016784668,30700
2026-08-10 12:40:00-03:00,59.72999954223633,59.75,59.70000076293945,59.720001220703125,22100
2026-08-10 12:45:00-03:00,59.720001220703125,59.7599983215332,59.70000076293945,59.7400016784668,28000
2026-08-10 12:50:00-03:00,59.7400016784668,59.849998474121094,59.720001220703125,59.779998779296875,39800
2026-08-10 12:55:00-03:00,59.77000045776367,59.79999923706055,59.72999954223633,59.72999954223633,33700
2026-08-10 13:00:00-03:00,59.720001220703125,59.810001373291016,59.68000030517578,59.689998626708984,75300
2026-08-10 13:05:00-03:00,59.689998626708984,59.709999084472656,59.58000183105469,59.63999938964844,95100
2026-08-10 13:10:00-03:00,59.63999938964844,59.75,59.599998474121094,59.720001220703125,42900
2026-08-10 13:15:00-03:00,59.720001220703125,59.91999816894531,59.61000061035156,59.91999816894531,102200
2026-08-10 13:20:00-03:00,59.91999816894531,59.93000030517578,59.81999969482422,59.84000015258789,77800
2026-08-10 13:25:00-03:00,59.849998474121094,59.86000061035156,59.689998626708984,59.72999954223633,46700
2026-08-10 13:30:00-03:00,59.72999954223633,59.83000183105469,59.65999984741211,59.720001220703125,61800
2026-08-10 13:35:00-03:00,59.720001220703125,59.7599983215332,59.650001525878906,59.709999084472656,53500
2026-08-10 13:40:00-03:00,59.75,59.84000015258789,59.68000030517578,59.84000015258789,54300
2026-08-10 13:45:00-03:00,59.84000015258789,60.099998474121094,59.779998779296875,60.04999923706055,313100
2026-08-10 13:50:00-03:00,60.04999923706055,60.33000183105469,60.02000045776367,60.16999816894531,301900
2026-08-10 13:55:00-03:00,60.16999816894531,60.31999969482422,60.16999816894531,60.22999954223633,81100
2026-08-10 14:00:00-03:00,60.22999954223633,60.349998474121094,60.189998626708984,60.27000045776367,133800
2026-08-10 14:05:00-03:00,60.290000915527344,60.29999923706055,60.20000076293945,60.279998779296875,85300
2026-08-10 14:10:00-03:00,60.279998779296875,60.33000183105469,60.25,60.290000915527344,55200
2026-08-10 14:15:00-03:00,60.279998779296875,60.33000183105469,60.2599983215332,60.31999969482422,37800
2026-08-10 14:20:00-03:00,60.33000183105469,60.43000030517578,60.290000915527344,60.400001525878906,97100
2026-08-10 14:25:00-03:00,60.400001525878906,60.439998626708984,60.34000015258789,60.439998626708984,56500
2026-08-10 14:30:00-03:00,60.439998626708984,60.47999954223633,60.400001525878906,60.439998626708984,78700
2026-08-10 14:35:00-03:00,60.439998626708984,60.560001373291016,60.40999984741211,60.4900016784668,147700
2026-08-10 14:40:00-03:00,60.4900016784668,60.4900016784668,60.38999938964844,60.38999938964844,70800
2026-08-10 14:45:00-03:00,60.38999938964844,60.41999816894531,60.29999923706055,60.33000183105469,101900
2026-08-10 14:50:00-03:00,60.34000015258789,60.34000015258789,60.209999084472656,60.27000045776367,87800
2026-08-10 14:55:00-03:00,60.27000045776367,60.36000061035156,60.2599983215332,60.310001373291016,85000
2026-08-10 15:00:00-03:00,60.29999923706055,60.40999984741211,60.29999923706055,60.38999938964844,58900
2026-08-10 15:05:00-03:00,60.400001525878906,60.459999084472656,60.38999938964844,60.400001525878906,148100
2026-08-10 15:10:00-03:00,60.400001525878906,60.63999938964844,60.400001525878906,60.58000183105469,111400
2026-08-10 15:15:00-03:00,60.56999969482422,60.83000183105469,60.56999969482422,60.68000030517578,214900
2026-08-10 15:20:00-03:00,60.66999816894531,60.81999969482422,60.61000061035156,60.779998779296875,327700
2026-08-10 15:25:00-03:00,60.790000915527344,60.849998474121094,60.75,60.779998779296875,135500
2026-08-10 15:30:00-03:00,60.779998779296875,60.849998474121094,60.7599983215332,60.84000015258789,67800
2026-08-10 15:35:00-03:00,60.84000015258789,60.84000015258789,60.70000076293945,60.709999084472656,352700
2026-08-10 15:40:00-03:00,60.720001220703125,60.75,60.599998474121094,60.630001068115234,108200
2026-08-10 15:45:00-03:00,60.619998931884766,60.65999984741211,60.599998474121094,60.650001525878906,61300
2026-08-10 15:50:00-03:00,60.650001525878906,60.70000076293945,60.599998474121094,60.619998931884766,83000
2026-08-10 15:55:00-03:00,60.619998931884766,60.68000030517578,60.540000915527344,60.650001525878906,75700
2026-08-10 16:00:00-03:00,60.650001525878906,60.689998626708984,60.61000061035156,60.63999938964844,88500
2026-08-10 16:05:00-03:00,60.63999938964844,60.75,60.59000015258789,60.7400016784668,94900
2026-08-10 16:10:00-03:00,60.7400016784668,60.86000061035156,60.720001220703125,60.77000045776367,109900
2026-08-10 16:15:00-03:00,60.77000045776367,60.83000183105469,60.75,60.83000183105469,54200
2026-08-10 16:20:00-03:00,60.83000183105469,60.83000183105469,60.790000915527344,60.79999923706055,61900
2026-08-10 16:25:00-03:00,60.810001373291016,60.81999969482422,60.77000045776367,60.79999923706055,57700
2026-08-10 16:30:00-03:00,60.790000915527344,60.810001373291016,60.720001220703125,60.7599983215332,98600
2026-08-10 16:35:00-03:00,60.75,60.77000045776367,60.65999984741211,60.70000076293945,117400
2026-08-10 16:40:00-03:00,60.70000076293945,60.83000183105469,60.68000030517578,60.83000183105469,207900
2026-08-10 16:45:00-03:00,60.79999923706055,61.04999923706055,60.7599983215332,61.0099983215332,396100
2026-08-10 16:50:00-03:00,61.0,61.0,60.720001220703125,60.91999816894531,318100
2026-08-11 10:00:00-03:00,61.36000061035156,61.72999954223633,61.36000061035156,61.58000183105469,0
2026-08-11 10:05:00-03:00,61.59000015258789,61.59000015258789,60.86000061035156,60.9900016784668,185200
2026-08-11 10:10:00-03:00,60.91999816894531,60.93000030517578,60.529998779296875,60.56999969482422,97300
2026-08-11 10:15:00-03:00,60.630001068115234,60.650001525878906,60.43000030517578,60.540000915527344,54600
2026-08-11 10:20:00-03:00,60.54999923706055,60.54999923706055,60.279998779296875,60.349998474121094,57600
2026-08-11 10:25:00-03:00,60.33000183105469,60.61000061035156,60.290000915527344,60.61000061035156,95900
2026-08-11 10:30:00-03:00,60.619998931884766,60.7599983215332,60.470001220703125,60.56999969482422,110100
2026-08-11 10:35:00-03:00,60.56999969482422,60.70000076293945,60.40999984741211,60.70000076293945,78300
2026-08-11 10:40:00-03:00,60.70000076293945,60.75,60.630001068115234,60.63999938964844,38300
2026-08-11 10:45:00-03:00,60.630001068115234,60.66999816894531,60.25,60.31999969482422,93800
2026-08-11 10:50:00-03:00,60.310001373291016,60.40999984741211,60.279998779296875,60.33000183105469,36400
2026-08-11 10:55:00-03:00,60.349998474121094,60.38999938964844,60.029998779296875,60.119998931884766,77700
2026-08-11 11:00:00-03:00,60.119998931884766,60.119998931884766,59.869998931884766,60.0,68400
2026-08-11 11:05:00-03:00,59.97999954223633,60.0,59.90999984741211,59.95000076293945,34600
2026-08-11 11:10:00-03:00,60.0,60.15999984741211,60.0,60.099998474121094,51500
2026-08-11 11:15:00-03:00,60.099998474121094,60.099998474121094,59.84000015258789,59.880001068115234,61800
2026-08-11 11:20:00-03:00,59.88999938964844,59.90999984741211,59.790000915527344,59.790000915527344,59000
2026-08-11 11:25:00-03:00,59.790000915527344,59.849998474121094,59.75,59.790000915527344,23900
2026-08-11 11:30:00-03:00,59.790000915527344,59.869998931884766,59.619998931884766,59.79999923706055,86800
2026-08-11 11:35:00-03:00,59.810001373291016,59.9900016784668,59.79999923706055,59.900001525878906,87000
2026-08-11 11:40:00-03:00,59.900001525878906,59.970001220703125,59.86000061035156,59.900001525878906,41600
2026-08-11 11:45:00-03:00,59.900001525878906,59.95000076293945,59.79999923706055,59.849998474121094,17800
2026-08-11 11:50:00-03:00,59.849998474121094,59.849998474121094,59.77000045776367,59.83000183105469,16700
2026-08-11 11:55:00-03:00,59.81999969482422,59.90999984741211,59.77000045776367,59.90999984741211,19200
2026-08-11 12:00:00-03:00,59.869998931884766,60.029998779296875,59.72999954223633,59.86000061035156,91300
2026-08-11 12:05:00-03:00,59.86000061035156,59.91999816894531,59.86000061035156,59.88999938964844,29500
2026-08-11 12:10:00-03:00,59.880001068115234,59.880001068115234,59.560001373291016,59.619998931884766,108700
2026-08-11 12:15:00-03:00,59.630001068115234,59.68000030517578,59.540000915527344,59.650001525878906,59300
2026-08-11 12:20:00-03:00,59.650001525878906,59.650001525878906,59.529998779296875,59.58000183105469,109500
2026-08-11 12:25:00-03:00,59.58000183105469,59.58000183105469,59.45000076293945,59.52000045776367,51900
2026-08-11 12:30:00-03:00,59.5,59.720001220703125,59.5,59.68000030517578,50100
2026-08-11 12:35:00-03:00,59.709999084472656,59.720001220703125,59.5,59.5,61200
2026-08-11 12:40:00-03:00,59.5,59.7400016784668,59.5,59.61000061035156,71000
2026-08-11 12:45:00-03:00,59.63999938964844,59.63999938964844,59.52000045776367,59.560001373291016,32400
2026-08-11 12:50:00-03:00,59.58000183105469,59.630001068115234,59.47999954223633,59.630001068115234,63000
2026-08-11 12:55:00-03:00,59.630001068115234,59.65999984741211,59.56999969482422,59.56999969482422,43400
2026-08-11 13:00:00-03:00,59.58000183105469,59.58000183105469,59.349998474121094,59.38999938964844,111300
2026-08-11 13:05:00-03:00,59.38999938964844,59.689998626708984,59.380001068115234,59.529998779296875,50600
2026-08-11 13:10:00-03:00,59.540000915527344,59.540000915527344,59.5,59.5099983215332,32400
2026-08-11 13:15:00-03:00,59.5099983215332,59.540000915527344,59.400001525878906,59.459999084472656,47200
2026-08-11 13:20:00-03:00,59.459999084472656,59.5,59.38999938964844,59.45000076293945,67700
2026-08-11 13:25:00-03:00,59.5,59.529998779296875,59.310001373291016,59.34000015258789,62000
2026-08-11 13:30:00-03:00,59.33000183105469,59.38999938964844,59.33000183105469,59.33000183105469,24700
2026-08-11 13:35:00-03:00,59.36000061035156,59.400001525878906,59.31999969482422,59.36000061035156,35500
2026-08-11 13:40:00-03:00,59.369998931884766,59.380001068115234,59.29999923706055,59.31999969482422,21400
2026-08-11 13:45:00-03:00,59.34000015258789,59.400001525878906,59.31999969482422,59.36000061035156,33100
2026-08-11 13:50:00-03:00,59.369998931884766,59.380001068115234,59.34000015258789,59.349998474121094,20200
2026-08-11 13:55:00-03:00,59.349998474121094,59.380001068115234,59.279998779296875,59.349998474121094,56800
2026-08-11 14:00:00-03:00,59.349998474121094,59.38999938964844,59.310001373291016,59.369998931884766,53600
2026-08-11 14:05:00-03:00,59.38999938964844,59.439998626708984,59.349998474121094,59.349998474121094,28900
2026-08-11 14:10:00-03:00,59.349998474121094,59.43000030517578,59.25,59.25,65500
2026-08-11 14:15:00-03:00,59.2599983215332,59.36000061035156,59.220001220703125,59.349998474121094,75600
2026-08-11 14:20:00-03:00,59.38999938964844,59.400001525878906,59.349998474121094,59.36000061035156,30300
2026-08-11 14:25:00-03:00,59.349998474121094,59.439998626708984,59.31999969482422,59.380001068115234,74500
2026-08-11 14:30:00-03:00,59.369998931884766,59.47999954223633,59.349998474121094,59.43000030517578,130400
2026-08-11 14:35:00-03:00,59.41999816894531,59.459999084472656,59.33000183105469,59.349998474121094,71400
2026-08-11 14:40:00-03:00,59.36000061035156,59.459999084472656,59.36000061035156,59.45000076293945,41600
2026-08-11 14:45:00-03:00,59.459999084472656,59.470001220703125,59.380001068115234,59.400001525878906,108500
2026-08-11 14:50:00-03:00,59.41999816894531,59.54999923706055,59.41999816894531,59.439998626708984,118800
2026-08-11 14:55:00-03:00,59.439998626708984,59.4900016784668,59.38999938964844,59.41999816894531,48200
2026-08-11 15:00:00-03:00,59.40999984741211,59.41999816894531,59.33000183105469,59.34000015258789,37700
2026-08-11 15:05:00-03:00,59.34000015258789,59.380001068115234,59.310001373291016,59.33000183105469,44900
2026-08-11 15:10:00-03:00,59.34000015258789,59.34000015258789,59.119998931884766,59.15999984741211,164200
2026-08-11 15:15:00-03:00,59.189998626708984,59.20000076293945,59.060001373291016,59.130001068115234,81300
2026-08-11 15:20:00-03:00,59.11000061035156,59.18000030517578,58.959999084472656,59.0099983215332,190600
2026-08-11 15:25:00-03:00,59.0099983215332,59.0099983215332,58.849998474121094,58.900001525878906,98400
2026-08-11 15:30:00-03:00,58.90999984741211,59.0,58.86000061035156,58.970001220703125,125300
2026-08-11 15:35:00-03:00,58.970001220703125,59.119998931884766,58.970001220703125,59.099998474121094,299200
2026-08-11 15:40:00-03:00,59.11000061035156,59.130001068115234,59.029998779296875,59.119998931884766,79000
2026-08-11 15:45:00-03:00,59.130001068115234,59.31999969482422,59.119998931884766,59.2599983215332,130400
2026-08-11 15:50:00-03:00,59.27000045776367,59.5,59.2599983215332,59.459999084472656,338500
2026-08-11 15:55:00-03:00,59.459999084472656,59.54999923706055,59.349998474121094,59.4900016784668,173100
2026-08-11 16:00:00-03:00,59.47999954223633,59.720001220703125,59.40999984741211,59.65999984741211,223600
2026-08-11 16:05:00-03:00,59.650001525878906,59.72999954223633,59.40999984741211,59.43000030517578,212000
2026-08-11 16:10:00-03:00,59.43000030517578,59.43000030517578,59.349998474121094,59.369998931884766,262100
2026-08-11 16:15:00-03:00,59.369998931884766,59.459999084472656,59.369998931884766,59.43000030517578,65400
2026-08-11 16:20:00-03:00,59.41999816894531,59.459999084472656,59.369998931884766,59.380001068115234,76900
2026-08-11 16:25:00-03:00,59.40999984741211,59.40999984741211,59.349998474121094,59.36000061035156,64300
2026-08-11 16:30:00-03:00,59.36000061035156,59.36000061035156,59.290000915527344,59.29999923706055,131400
2026-08-11 16:35:00-03:00,59.310001373291016,59.31999969482422,59.22999954223633,59.290000915527344,116600
2026-08-11 16:40:00-03:00,59.290000915527344,59.349998474121094,59.25,59.31999969482422,126600
2026-08-11 16:45:00-03:00,59.310001373291016,59.439998626708984,59.310001373291016,59.43000030517578,152200
2026-08-11 16:50:00-03:00,59.400001525878906,59.41999816894531,59.31999969482422,59.38999938964844,108900
2026-08-12 10:00:00-03:00,59.189998626708984,59.470001220703125,59.099998474121094,59.38999938964844,0
2026-08-12 10:05:00-03:00,59.38999938964844,59.38999938964844,58.86000061035156,59.02000045776367,102400
2026-08-12 10:10:00-03:00,59.0099983215332,59.09000015258789,58.900001525878906,59.0,40900
2026-08-12 10:15:00-03:00,59.040000915527344,59.209999084472656,59.029998779296875,59.029998779296875,36200
2026-08-12 10:20:00-03:00,59.04999923706055,59.04999923706055,58.7400016784668,58.970001220703125,100400
2026-08-12 10:25:00-03:00,58.95000076293945,59.130001068115234,58.95000076293945,59.11000061035156,67400
2026-08-12 10:30:00-03:00,59.08000183105469,59.25,59.02000045776367,59.189998626708984,60300
2026-08-12 10:35:00-03:00,59.18000030517578,59.369998931884766,59.18000030517578,59.2599983215332,75300
2026-08-12 10:40:00-03:00,59.2599983215332,59.31999969482422,59.209999084472656,59.22999954223633,41400
2026-08-12 10:45:00-03:00,59.22999954223633,59.34000015258789,59.189998626708984,59.290000915527344,75100
2026-08-12 10:50:00-03:00,59.310001373291016,59.439998626708984,59.189998626708984,59.439998626708984,85500
2026-08-12 10:55:00-03:00,59.439998626708984,59.439998626708984,59.2599983215332,59.369998931884766,91700
2026-08-12 11:00:00-03:00,59.36000061035156,59.70000076293945,59.33000183105469,59.65999984741211,133100
2026-08-12 11:05:00-03:00,59.65999984741211,59.810001373291016,59.630001068115234,59.810001373291016,147600
2026-08-12 11:10:00-03:00,59.790000915527344,59.810001373291016,59.65999984741211,59.65999984741211,50000
2026-08-12 11:15:00-03:00,59.66999816894531,59.72999954223633,59.61000061035156,59.66999816894531,73900
2026-08-12 11:20:00-03:00,59.650001525878906,59.70000076293945,59.52000045776367,59.56999969482422,33300
2026-08-12 11:25:00-03:00,59.560001373291016,59.599998474121094,59.40999984741211,59.459999084472656,66100
2026-08-12 11:30:00-03:00,59.43000030517578,59.47999954223633,59.310001373291016,59.45000076293945,74600
2026-08-12 11:35:00-03:00,59.45000076293945,59.619998931884766,59.369998931884766,59.5,86100
2026-08-12 11:40:00-03:00,59.529998779296875,59.529998779296875,59.31999969482422,59.33000183105469,28000
2026-08-12 11:45:00-03:00,59.34000015258789,59.380001068115234,59.310001373291016,59.34000015258789,25800
2026-08-12 11:50:00-03:00,59.349998474121094,59.41999816894531,59.2599983215332,59.33000183105469,56500
2026-08-12 11:55:00-03:00,59.34000015258789,59.400001525878906,59.2599983215332,59.27000045776367,37000
2026-08-12 12:00:00-03:00,59.27000045776367,59.27000045776367,59.130001068115234,59.27000045776367,71300
2026-08-12 12:05:00-03:00,59.27000045776367,59.33000183105469,59.2599983215332,59.2599983215332,20200
2026-08-12 12:10:00-03:00,59.2599983215332,59.2599983215332,59.150001525878906,59.16999816894531,50100
2026-08-12 12:15:00-03:00,59.150001525878906,59.290000915527344,59.150001525878906,59.27000045776367,29600
2026-08-12 12:20:00-03:00,59.27000045776367,59.279998779296875,59.220001220703125,59.220001220703125,49200
2026-08-12 12:25:00-03:00,59.220001220703125,59.25,59.16999816894531,59.22999954223633,13000
2026-08-12 12:30:00-03:00,59.2400016784668,59.27000045776367,59.22999954223633,59.27000045776367,14400
2026-08-12 12:35:00-03:00,59.27000045776367,59.27000045776367,59.189998626708984,59.209999084472656,45700
2026-08-12 12:40:00-03:00,59.209999084472656,59.220001220703125,59.18000030517578,59.209999084472656,13100
2026-08-12 12:45:00-03:00,59.209999084472656,59.209999084472656,59.16999816894531,59.189998626708984,32000
2026-08-12 12:50:00-03:00,59.189998626708984,59.29999923706055,59.15999984741211,59.2400016784668,154200
2026-08-12 12:55:00-03:00,59.220001220703125,59.25,59.15999984741211,59.189998626708984,22700
2026-08-12 13:00:00-03:00,59.16999816894531,59.2400016784668,59.130001068115234,59.150001525878906,27600
2026-08-12 13:05:00-03:00,59.150001525878906,59.15999984741211,59.099998474121094,59.13999938964844,56200
2026-08-12 13:10:00-03:00,59.15999984741211,59.15999984741211,59.11000061035156,59.11000061035156,16300
2026-08-12 13:15:00-03:00,59.130001068115234,59.130001068115234,59.060001373291016,59.130001068115234,29400
2026-08-12 13:20:00-03:00,59.130001068115234,59.22999954223633,59.119998931884766,59.15999984741211,47200
2026-08-12 13:25:00-03:00,59.15999984741211,59.189998626708984,59.150001525878906,59.15999984741211,23600
2026-08-12 13:30:00-03:00,59.15999984741211,59.20000076293945,59.13999938964844,59.16999816894531,27600
2026-08-12 13:35:00-03:00,59.16999816894531,59.16999816894531,59.13999938964844,59.13999938964844,11800
2026-08-12 13:40:00-03:00,59.13999938964844,59.150001525878906,59.13999938964844,59.13999938964844,13600
2026-08-12 13:45:00-03:00,59.13999938964844,59.150001525878906,59.060001373291016,59.060001373291016,124100
2026-08-12 13:50:00-03:00,59.060001373291016,59.13999938964844,59.0,59.13999938964844,91800
2026-08-12 13:55:00-03:00,59.13999938964844,59.189998626708984,59.119998931884766,59.16999816894531,67600
2026-08-12 14:00:00-03:00,59.16999816894531,59.18000030517578,59.130001068115234,59.16999816894531,30600
2026-08-12 14:05:00-03:00,59.18000030517578,59.220001220703125,59.13999938964844,59.18000030517578,78700
2026-08-12 14:10:00-03:00,59.189998626708984,59.43000030517578,59.18000030517578,59.43000030517578,111100
2026-08-12 14:15:00-03:00,59.43000030517578,59.43000030517578,59.15999984741211,59.15999984741211,65200
2026-08-12 14:20:00-03:00,59.16999816894531,59.29999923706055,59.150001525878906,59.290000915527344,87900
2026-08-12 14:25:00-03:00,59.290000915527344,59.29999923706055,59.2599983215332,59.290000915527344,37100
2026-08-12 14:30:00-03:00,59.29999923706055,59.34000015258789,59.150001525878906,59.150001525878906,63100
2026-08-12 14:35:00-03:00,59.15999984741211,59.189998626708984,59.119998931884766,59.15999984741211,71100
2026-08-12 14:40:00-03:00,59.16999816894531,59.16999816894531,59.13999938964844,59.13999938964844,23700
2026-08-12 14:45:00-03:00,59.13999938964844,59.15999984741211,59.130001068115234,59.13999938964844,43300
2026-08-12 14:50:00-03:00,59.150001525878906,59.18000030517578,59.13999938964844,59.16999816894531,81000
2026-08-12 14:55:00-03:00,59.18000030517578,59.29999923706055,59.11000061035156,59.290000915527344,64200
2026-08-12 15:00:00-03:00,59.29999923706055,59.29999923706055,59.15999984741211,59.15999984741211,43000
2026-08-12 15:05:00-03:00,59.15999984741211,59.20000076293945,59.130001068115234,59.18000030517578,41200
2026-08-12 15:10:00-03:00,59.189998626708984,59.189998626708984,59.130001068115234,59.13999938964844,43600
2026-08-12 15:15:00-03:00,59.150001525878906,59.150001525878906,59.029998779296875,59.029998779296875,103300
2026-08-12 15:20:00-03:00,59.040000915527344,59.08000183105469,59.0099983215332,59.0099983215332,49400
2026-08-12 15:25:00-03:00,59.02000045776367,59.11000061035156,58.9900016784668,59.099998474121094,79400
2026-08-12 15:30:00-03:00,59.099998474121094,59.099998474121094,58.9900016784668,59.09000015258789,51500
2026-08-12 15:35:00-03:00,59.09000015258789,59.09000015258789,58.9900016784668,58.9900016784668,49500
2026-08-12 15:40:00-03:00,58.9900016784668,59.02000045776367,58.97999954223633,58.9900016784668,58100
2026-08-12 15:45:00-03:00,58.9900016784668,59.099998474121094,58.9900016784668,59.04999923706055,148900
2026-08-12 15:50:00-03:00,59.040000915527344,59.15999984741211,59.040000915527344,59.11000061035156,85400
2026-08-12 15:55:00-03:00,59.11000061035156,59.150001525878906,59.08000183105469,59.119998931884766,38100
2026-08-12 16:00:00-03:00,59.130001068115234,59.25,59.119998931884766,59.2400016784668,51800
2026-08-12 16:05:00-03:00,59.2400016784668,59.31999969482422,59.150001525878906,59.25,136000
2026-08-12 16:10:00-03:00,59.220001220703125,59.29999923706055,59.150001525878906,59.220001220703125,59100
2026-08-12 16:15:00-03:00,59.220001220703125,59.290000915527344,59.16999816894531,59.27000045776367,50400
2026-08-12 16:20:00-03:00,59.2599983215332,59.279998779296875,59.22999954223633,59.25,100500
2026-08-12 16:25:00-03:00,59.25,59.27000045776367,59.150001525878906,59.15999984741211,52200
2026-08-12 16:30:00-03:00,59.15999984741211,59.15999984741211,59.11000061035156,59.15999984741211,57700
2026-08-12 16:35:00-03:00,59.15999984741211,59.18000030517578,59.150001525878906,59.18000030517578,44200
2026-08-12 16:40:00-03:00,59.18000030517578,59.2400016784668,59.099998474121094,59.130001068115234,69700
2026-08-12 16:45:00-03:00,59.130001068115234,59.20000076293945,59.099998474121094,59.13999938964844,100500
2026-08-12 16:50:00-03:00,59.13999938964844,59.150001525878906,59.0,59.02000045776367,129600
2026-08-12 16:55:00-03:00,59.02000045776367,59.02000045776367,59.02000045776367,59.02000045776367,0
2026-08-13 10:00:00-03:00,58.4900016784668,58.650001525878906,57.93000030517578,58.189998626708984,0
2026-08-13 10:05:00-03:00,58.189998626708984,58.40999984741211,58.189998626708984,58.38999938964844,73700
2026-08-13 10:10:00-03:00,58.38999938964844,58.470001220703125,58.36000061035156,58.41999816894531,24400
2026-08-13 10:15:00-03:00,58.439998626708984,58.59000015258789,58.43000030517578,58.54999923706055,46100
2026-08-13 10:20:00-03:00,58.58000183105469,58.63999938964844,58.47999954223633,58.529998779296875,27800
2026-08-13 10:25:00-03:00,58.529998779296875,58.599998474121094,58.5099983215332,58.560001373291016,16500
2026-08-13 10:30:00-03:00,58.540000915527344,58.630001068115234,58.40999984741211,58.470001220703125,65300
2026-08-13 10:35:00-03:00,58.47999954223633,58.52000045776367,58.380001068115234,58.40999984741211,24900
2026-08-13 10:40:00-03:00,58.439998626708984,58.560001373291016,58.349998474121094,58.47999954223633,38000
2026-08-13 10:45:00-03:00,58.47999954223633,58.5,58.279998779296875,58.279998779296875,29900
2026-08-13 10:50:00-03:00,58.290000915527344,58.43000030517578,58.220001220703125,58.25,66300
2026-08-13 10:55:00-03:00,58.2400016784668,58.34000015258789,58.220001220703125,58.27000045776367,45800
2026-08-13 11:00:00-03:00,58.27000045776367,58.34000015258789,58.2400016784668,58.34000015258789,29000
2026-08-13 11:05:00-03:00,58.369998931884766,58.43000030517578,58.31999969482422,58.31999969482422,52900
2026-08-13 11:10:00-03:00,58.34000015258789,58.400001525878906,58.290000915527344,58.349998474121094,27600
2026-08-13 11:15:00-03:00,58.36000061035156,58.380001068115234,58.310001373291016,58.34000015258789,17800
2026-08-13 11:20:00-03:00,58.33000183105469,58.38999938964844,58.2400016784668,58.290000915527344,40600
2026-08-13 11:25:00-03:00,58.279998779296875,58.380001068115234,58.27000045776367,58.380001068115234,24800
2026-08-13 11:30:00-03:00,58.38999938964844,58.59000015258789,58.38999938964844,58.529998779296875,65700
2026-08-13 11:35:00-03:00,58.560001373291016,58.599998474121094,58.5,58.58000183105469,13100
2026-08-13 11:40:00-03:00,58.56999969482422,58.619998931884766,58.540000915527344,58.54999923706055,28600
2026-08-13 11:45:00-03:00,58.54999923706055,58.56999969482422,58.43000030517578,58.47999954223633,22900
2026-08-13 11:50:00-03:00,58.5,58.5099983215332,58.439998626708984,58.439998626708984,13100
2026-08-13 11:55:00-03:00,58.439998626708984,58.45000076293945,58.279998779296875,58.290000915527344,24200
2026-08-13 12:00:00-03:00,58.279998779296875,58.540000915527344,58.27000045776367,58.52000045776367,35000
2026-08-13 12:05:00-03:00,58.52000045776367,58.529998779296875,58.43000030517578,58.5,85200
2026-08-13 12:10:00-03:00,58.5099983215332,58.63999938964844,58.4900016784668,58.619998931884766,44000
2026-08-13 12:15:00-03:00,58.619998931884766,58.790000915527344,58.58000183105469,58.689998626708984,156500
2026-08-13 12:20:00-03:00,58.70000076293945,58.720001220703125,58.650001525878906,58.689998626708984,22800
2026-08-13 12:25:00-03:00,58.70000076293945,58.810001373291016,58.630001068115234,58.810001373291016,57000
2026-08-13 12:30:00-03:00,58.810001373291016,59.04999923706055,58.790000915527344,59.029998779296875,180000
2026-08-13 12:35:00-03:00,59.02000045776367,59.09000015258789,58.970001220703125,58.970001220703125,65200
2026-08-13 12:40:00-03:00,58.970001220703125,59.0,58.939998626708984,58.959999084472656,36200
2026-08-13 12:45:00-03:00,58.970001220703125,58.9900016784668,58.939998626708984,58.95000076293945,8400
2026-08-13 12:50:00-03:00,58.959999084472656,58.97999954223633,58.88999938964844,58.959999084472656,19400
2026-08-13 12:55:00-03:00,58.97999954223633,58.97999954223633,58.849998474121094,58.86000061035156,15800
2026-08-13 13:00:00-03:00,58.86000061035156,58.9900016784668,58.79999923706055,58.97999954223633,63600
2026-08-13 13:05:00-03:00,58.97999954223633,59.0,58.93000030517578,58.939998626708984,16400
2026-08-13 13:10:00-03:00,58.939998626708984,58.9900016784668,58.93000030517578,58.97999954223633,11100
2026-08-13 13:15:00-03:00,58.970001220703125,59.09000015258789,58.959999084472656,59.0,17500
2026-08-13 13:20:00-03:00,58.970001220703125,58.97999954223633,58.88999938964844,58.91999816894531,22900
2026-08-13 13:25:00-03:00,58.91999816894531,58.939998626708984,58.90999984741211,58.90999984741211,13100
2026-08-13 13:30:00-03:00,58.91999816894531,59.0099983215332,58.88999938964844,58.97999954223633,23100
2026-08-13 13:35:00-03:00,58.97999954223633,58.9900016784668,58.95000076293945,58.9900016784668,10400
2026-08-13 13:40:00-03:00,58.9900016784668,59.0,58.95000076293945,58.9900016784668,23500
2026-08-13 13:45:00-03:00,58.970001220703125,59.119998931884766,58.970001220703125,59.099998474121094,31900
2026-08-13 13:50:00-03:00,59.09000015258789,59.349998474121094,59.08000183105469,59.31999969482422,69100
2026-08-13 13:55:00-03:00,59.29999923706055,59.38999938964844,59.2599983215332,59.29999923706055,90200
2026-08-13 14:00:00-03:00,59.279998779296875,59.29999923706055,59.25,59.290000915527344,17200
2026-08-13 14:05:00-03:00,59.279998779296875,59.40999984741211,59.27000045776367,59.400001525878906,61300
2026-08-13 14:10:00-03:00,59.40999984741211,59.619998931884766,59.40999984741211,59.619998931884766,63700
2026-08-13 14:15:00-03:00,59.630001068115234,59.689998626708984,59.540000915527344,59.58000183105469,55500
2026-08-13 14:20:00-03:00,59.58000183105469,59.59000015258789,59.369998931884766,59.38999938964844,51800
2026-08-13 14:25:00-03:00,59.400001525878906,59.459999084472656,59.400001525878906,59.41999816894531,16100
2026-08-13 14:30:00-03:00,59.41999816894531,59.4900016784668,59.38999938964844,59.45000076293945,50900
2026-08-13 14:35:00-03:00,59.45000076293945,59.4900016784668,59.400001525878906,59.43000030517578,26300
2026-08-13 14:40:00-03:00,59.439998626708984,59.5,59.41999816894531,59.459999084472656,21300
2026-08-13 14:45:00-03:00,59.459999084472656,59.47999954223633,59.400001525878906,59.400001525878906,23600
2026-08-13 14:50:00-03:00,59.40999984741211,59.439998626708984,59.34000015258789,59.41999816894531,49700
2026-08-13 14:55:00-03:00,59.40999984741211,59.43000030517578,59.34000015258789,59.40999984741211,33200
2026-08-13 15:00:00-03:00,59.38999938964844,59.43000030517578,59.36000061035156,59.36000061035156,20200
2026-08-13 15:05:00-03:00,59.369998931884766,59.43000030517578,59.34000015258789,59.34000015258789,47500
2026-08-13 15:10:00-03:00,59.349998474121094,59.369998931884766,59.29999923706055,59.31999969482422,21600
2026-08-13 15:15:00-03:00,59.34000015258789,59.400001525878906,59.34000015258789,59.400001525878906,16600
2026-08-13 15:20:00-03:00,59.400001525878906,59.599998474121094,59.369998931884766,59.5099983215332,70400
2026-08-13 15:25:00-03:00,59.52000045776367,59.54999923706055,59.33000183105469,59.349998474121094,76600
2026-08-13 15:30:00-03:00,59.34000015258789,59.380001068115234,59.220001220703125,59.25,63700
2026-08-13 15:35:00-03:00,59.22999954223633,59.380001068115234,59.130001068115234,59.33000183105469,91500
2026-08-13 15:40:00-03:00,59.29999923706055,59.36000061035156,59.2599983215332,59.34000015258789,30000
2026-08-13 15:45:00-03:00,59.34000015258789,59.41999816894531,59.310001373291016,59.41999816894531,52100
2026-08-13 15:50:00-03:00,59.41999816894531,59.5,59.369998931884766,59.47999954223633,81100
2026-08-13 15:55:00-03:00,59.47999954223633,59.5099983215332,59.41999816894531,59.43000030517578,34600
2026-08-13 16:00:00-03:00,59.439998626708984,59.4900016784668,59.43000030517578,59.470001220703125,27700
2026-08-13 16:05:00-03:00,59.470001220703125,59.47999954223633,59.349998474121094,59.38999938964844,83900
2026-08-13 16:10:00-03:00,59.380001068115234,59.40999984741211,59.2599983215332,59.279998779296875,76400
2026-08-13 16:15:00-03:00,59.290000915527344,59.36000061035156,59.2599983215332,59.310001373291016,49400
2026-08-13 16:20:00-03:00,59.310001373291016,59.33000183105469,59.27000045776367,59.27000045776367,72900
2026-08-13 16:25:00-03:00,59.27000045776367,59.310001373291016,59.2599983215332,59.29999923706055,55400
2026-08-13 16:30:00-03:00,59.29999923706055,59.34000015258789,59.13999938964844,59.150001525878906,215900
2026-08-13 16:35:00-03:00,59.15999984741211,59.2599983215332,59.130001068115234,59.130001068115234,81700
2026-08-13 16:40:00-03:00,59.119998931884766,59.150001525878906,59.02000045776367,59.130001068115234,72400
2026-08-13 16:45:00-03:00,59.119998931884766,59.22999954223633,59.06999969482422,59.209999084472656,44900
2026-08-13 16:50:00-03:00,59.220001220703125,59.22999954223633,59.04999923706055,59.20000076293945,43000
2026-08-14 10:05:00-03:00,58.54999923706055,58.81999969482422,58.54999923706055,58.779998779296875,0
2026-08-14 10:10:00-03:00,58.779998779296875,59.20000076293945,58.66999816894531,59.06999969482422,86600
2026-08-14 10:15:00-03:00,59.08000183105469,59.38999938964844,59.060001373291016,59.25,117100
2026-08-14 10:20:00-03:00,59.2400016784668,59.2400016784668,59.04999923706055,59.060001373291016,44800
2026-08-14 10:25:00-03:00,59.060001373291016,59.060001373291016,58.91999816894531,59.0099983215332,60500
2026-08-14 10:30:00-03:00,59.0,59.130001068115234,58.86000061035156,58.880001068115234,72000
2026-08-14 10:35:00-03:00,58.880001068115234,59.0,58.79999923706055,58.900001525878906,60900
2026-08-14 10:40:00-03:00,58.900001525878906,58.97999954223633,58.79999923706055,58.93000030517578,60100
2026-08-14 10:45:00-03:00,58.939998626708984,59.06999969482422,58.880001068115234,58.900001525878906,49300
2026-08-14 10:50:00-03:00,58.90999984741211,59.08000183105469,58.88999938964844,59.060001373291016,32500
2026-08-14 10:55:00-03:00,59.04999923706055,59.189998626708984,59.0,59.04999923706055,80400
2026-08-14 11:00:00-03:00,59.04999923706055,59.04999923706055,58.84000015258789,58.84000015258789,113400
2026-08-14 11:05:00-03:00,58.810001373291016,58.849998474121094,58.7400016784668,58.81999969482422,43800
2026-08-14 11:10:00-03:00,58.81999969482422,58.880001068115234,58.66999816894531,58.709999084472656,63100
2026-08-14 11:15:00-03:00,58.720001220703125,58.790000915527344,58.650001525878906,58.790000915527344,40900
2026-08-14 11:20:00-03:00,58.779998779296875,58.970001220703125,58.77000045776367,58.95000076293945,36800
2026-08-14 11:25:00-03:00,58.970001220703125,59.08000183105469,58.93000030517578,58.95000076293945,71800
2026-08-14 11:30:00-03:00,58.959999084472656,58.959999084472656,58.900001525878906,58.90999984741211,77400
2026-08-14 11:35:00-03:00,58.95000076293945,58.95000076293945,58.7400016784668,58.75,77700
2026-08-14 11:40:00-03:00,58.77000045776367,58.810001373291016,58.65999984741211,58.810001373291016,48800
2026-08-14 11:45:00-03:00,58.790000915527344,58.81999969482422,58.709999084472656,58.7599983215332,29100
2026-08-14 11:50:00-03:00,58.7599983215332,58.849998474121094,58.7599983215332,58.84000015258789,31500
2026-08-14 11:55:00-03:00,58.84000015258789,58.970001220703125,58.810001373291016,58.95000076293945,37500
2026-08-14 12:00:00-03:00,58.95000076293945,59.060001373291016,58.900001525878906,59.060001373291016,48500
2026-08-14 12:05:00-03:00,59.04999923706055,59.13999938964844,59.0,59.0099983215332,236900
2026-08-14 12:10:00-03:00,59.0,59.099998474121094,58.970001220703125,59.060001373291016,62200
2026-08-14 12:15:00-03:00,59.04999923706055,59.04999923706055,59.0099983215332,59.02000045776367,30300
2026-08-14 12:20:00-03:00,59.02000045776367,59.04999923706055,58.900001525878906,58.900001525878906,36100
2026-08-14 12:25:00-03:00,58.900001525878906,58.91999816894531,58.720001220703125,58.7400016784668,95900
2026-08-14 12:30:00-03:00,58.72999954223633,58.77000045776367,58.720001220703125,58.7599983215332,53800
2026-08-14 12:35:00-03:00,58.75,58.7599983215332,58.720001220703125,58.7599983215332,16300
2026-08-14 12:40:00-03:00,58.7599983215332,58.779998779296875,58.72999954223633,58.72999954223633,30000
2026-08-14 12:45:00-03:00,58.72999954223633,58.810001373291016,58.709999084472656,58.79999923706055,30600
2026-08-14 12:50:00-03:00,58.790000915527344,58.79999923706055,58.720001220703125,58.779998779296875,44500
2026-08-14 12:55:00-03:00,58.779998779296875,58.849998474121094,58.779998779296875,58.83000183105469,73700
2026-08-14 13:00:00-03:00,58.83000183105469,58.83000183105469,58.77000045776367,58.77000045776367,23900
2026-08-14 13:05:00-03:00,58.77000045776367,58.79999923706055,58.7599983215332,58.790000915527344,29600
2026-08-14 13:10:00-03:00,58.79999923706055,58.84000015258789,58.72999954223633,58.72999954223633,25400
2026-08-14 13:15:00-03:00,58.72999954223633,58.81999969482422,58.72999954223633,58.810001373291016,23400
2026-08-14 13:20:00-03:00,58.79999923706055,58.81999969482422,58.75,58.790000915527344,47700
2026-08-14 13:25:00-03:00,58.79999923706055,58.849998474121094,58.790000915527344,58.849998474121094,12600
2026-08-14 13:30:00-03:00,58.84000015258789,58.849998474121094,58.790000915527344,58.79999923706055,14300
2026-08-14 13:35:00-03:00,58.79999923706055,58.810001373291016,58.790000915527344,58.79999923706055,12700
2026-08-14 13:40:00-03:00,58.790000915527344,58.81999969482422,58.790000915527344,58.790000915527344,14000
2026-08-14 13:45:00-03:00,58.790000915527344,58.79999923706055,58.619998931884766,58.63999938964844,41700
2026-08-14 13:50:00-03:00,58.630001068115234,58.689998626708984,58.599998474121094,58.63999938964844,43400
2026-08-14 13:55:00-03:00,58.63999938964844,58.77000045776367,58.61000061035156,58.720001220703125,48000
2026-08-14 14:00:00-03:00,58.720001220703125,58.720001220703125,58.630001068115234,58.650001525878906,29600
2026-08-14 14:05:00-03:00,58.66999816894531,58.66999816894531,58.619998931884766,58.650001525878906,19000
2026-08-14 14:10:00-03:00,58.63999938964844,58.709999084472656,58.63999938964844,58.66999816894531,25100
2026-08-14 14:15:00-03:00,58.66999816894531,58.79999923706055,58.61000061035156,58.75,32600
2026-08-14 14:20:00-03:00,58.720001220703125,58.79999923706055,58.709999084472656,58.709999084472656,25800
2026-08-14 14:25:00-03:00,58.72999954223633,58.75,58.65999984741211,58.689998626708984,25200
2026-08-14 14:30:00-03:00,58.689998626708984,58.869998931884766,58.689998626708984,58.81999969482422,50700
2026-08-14 14:35:00-03:00,58.790000915527344,58.880001068115234,58.790000915527344,58.810001373291016,41400
2026-08-14 14:40:00-03:00,58.810001373291016,58.88999938964844,58.7599983215332,58.790000915527344,49500
2026-08-14 14:45:00-03:00,58.790000915527344,58.81999969482422,58.7400016784668,58.81999969482422,32000
2026-08-14 14:50:00-03:00,58.810001373291016,58.810001373291016,58.59000015258789,58.61000061035156,71500
2026-08-14 14:55:00-03:00,58.61000061035156,58.66999816894531,58.61000061035156,58.630001068115234,38700
2026-08-14 15:00:00-03:00,58.619998931884766,58.630001068115234,58.56999969482422,58.619998931884766,96100
2026-08-14 15:05:00-03:00,58.630001068115234,58.689998626708984,58.619998931884766,58.66999816894531,32400
2026-08-14 15:10:00-03:00,58.65999984741211,58.709999084472656,58.65999984741211,58.689998626708984,23600
2026-08-14 15:15:00-03:00,58.689998626708984,58.70000076293945,58.68000030517578,58.689998626708984,27400
2026-08-14 15:20:00-03:00,58.68000030517578,58.709999084472656,58.66999816894531,58.709999084472656,22900
2026-08-14 15:25:00-03:00,58.709999084472656,58.72999954223633,58.70000076293945,58.720001220703125,20300
2026-08-14 15:30:00-03:00,58.72999954223633,58.779998779296875,58.70000076293945,58.77000045776367,33600
2026-08-14 15:35:00-03:00,58.75,58.77000045776367,58.72999954223633,58.72999954223633,27000
2026-08-14 15:40:00-03:00,58.72999954223633,58.7400016784668,58.68000030517578,58.709999084472656,31000
2026-08-14 15:45:00-03:00,58.709999084472656,58.709999084472656,58.650001525878906,58.689998626708984,37500
2026-08-14 15:50:00-03:00,58.68000030517578,58.689998626708984,58.630001068115234,58.630001068115234,22500
2026-08-14 15:55:00-03:00,58.630001068115234,58.70000076293945,58.619998931884766,58.70000076293945,52400
2026-08-14 16:00:00-03:00,58.689998626708984,58.70000076293945,58.63999938964844,58.68000030517578,37800
2026-08-14 16:05:00-03:00,58.68000030517578,58.720001220703125,58.650001525878906,58.70000076293945,175200
2026-08-14 16:10:00-03:00,58.70000076293945,58.86000061035156,58.689998626708984,58.720001220703125,84800
2026-08-14 16:15:00-03:00,58.720001220703125,58.72999954223633,58.68000030517578,58.70000076293945,46900
2026-08-14 16:20:00-03:00,58.70000076293945,58.709999084472656,58.61000061035156,58.70000076293945,54200
2026-08-14 16:25:00-03:00,58.70000076293945,58.75,58.689998626708984,58.72999954223633,44900
2026-08-14 16:30:00-03:00,58.720001220703125,58.9900016784668,58.720001220703125,58.91999816894531,162900
2026-08-14 16:35:00-03:00,58.90999984741211,58.95000076293945,58.810001373291016,58.849998474121094,97000
2026-08-14 16:40:00-03:00,58.849998474121094,58.95000076293945,58.81999969482422,58.900001525878906,123700
2026-08-14 16:45:00-03:00,58.90999984741211,59.0,58.90999984741211,58.970001220703125,107700
2026-08-14 16:50:00-03:00,58.959999084472656,59.150001525878906,58.900001525878906,59.150001525878906,117100
2026-08-17 10:00:00-03:00,58.709999084472656,59.31999969482422,58.709999084472656,59.209999084472656,0
2026-08-17 10:05:00-03:00,59.209999084472656,59.5,59.150001525878906,59.47999954223633,88700
2026-08-17 10:10:00-03:00,59.47999954223633,59.630001068115234,59.36000061035156,59.5,120500
2026-08-17 10:15:00-03:00,59.4900016784668,59.560001373291016,59.43000030517578,59.45000076293945,68900
2026-08-17 10:20:00-03:00,59.4900016784668,59.59000015258789,59.439998626708984,59.54999923706055,85000
2026-08-17 10:25:00-03:00,59.56999969482422,59.599998474121094,59.4900016784668,59.5099983215332,60900
2026-08-17 10:30:00-03:00,59.560001373291016,59.560001373291016,59.09000015258789,59.099998474121094,127800
2026-08-17 10:35:00-03:00,59.099998474121094,59.189998626708984,59.0,59.18000030517578,73000
2026-08-17 10:40:00-03:00,59.18000030517578,59.189998626708984,59.0099983215332,59.0099983215332,36300
2026-08-17 10:45:00-03:00,59.02000045776367,59.18000030517578,59.0,59.11000061035156,21800
2026-08-17 10:50:00-03:00,59.119998931884766,59.18000030517578,59.11000061035156,59.18000030517578,12200
2026-08-17 10:55:00-03:00,59.16999816894531,59.279998779296875,59.11000061035156,59.27000045776367,27200
2026-08-17 11:00:00-03:00,59.25,59.52000045776367,59.25,59.45000076293945,63700
2026-08-17 11:05:00-03:00,59.439998626708984,59.52000045776367,59.400001525878906,59.4900016784668,38000
2026-08-17 11:10:00-03:00,59.4900016784668,59.4900016784668,59.43000030517578,59.43000030517578,66700
2026-08-17 11:15:00-03:00,59.43000030517578,59.529998779296875,59.29999923706055,59.5,81700
2026-08-17 11:20:00-03:00,59.529998779296875,59.689998626708984,59.529998779296875,59.599998474121094,401600
2026-08-17 11:25:00-03:00,59.599998474121094,59.7400016784668,59.599998474121094,59.72999954223633,35100
2026-08-17 11:30:00-03:00,59.720001220703125,59.7400016784668,59.65999984741211,59.68000030517578,25900
2026-08-17 11:35:00-03:00,59.65999984741211,59.65999984741211,59.529998779296875,59.54999923706055,27100
2026-08-17 11:40:00-03:00,59.54999923706055,59.720001220703125,59.52000045776367,59.720001220703125,981700
2026-08-17 11:45:00-03:00,59.72999954223633,59.79999923706055,59.72999954223633,59.779998779296875,36400
2026-08-17 11:50:00-03:00,59.779998779296875,59.779998779296875,59.720001220703125,59.7400016784668,18200
2026-08-17 11:55:00-03:00,59.72999954223633,59.75,59.630001068115234,59.630001068115234,21000
2026-08-17 12:00:00-03:00,59.619998931884766,59.849998474121094,59.5099983215332,59.849998474121094,134700
2026-08-17 12:05:00-03:00,59.849998474121094,59.869998931884766,59.7599983215332,59.84000015258789,45200
2026-08-17 12:10:00-03:00,59.84000015258789,59.880001068115234,59.709999084472656,59.720001220703125,24400
2026-08-17 12:15:00-03:00,59.7400016784668,59.79999923706055,59.720001220703125,59.7599983215332,18900
2026-08-17 12:20:00-03:00,59.77000045776367,59.81999969482422,59.7400016784668,59.81999969482422,18000
2026-08-17 12:25:00-03:00,59.83000183105469,60.11000061035156,59.83000183105469,60.11000061035156,95500
2026-08-17 12:30:00-03:00,60.11000061035156,60.130001068115234,60.040000915527344,60.119998931884766,43800
2026-08-17 12:35:00-03:00,60.119998931884766,60.220001220703125,60.04999923706055,60.220001220703125,62600
2026-08-17 12:40:00-03:00,60.209999084472656,60.290000915527344,59.630001068115234,60.209999084472656,0
2026-08-17 12:45:00-03:00,60.209999084472656,60.220001220703125,60.06999969482422,60.11000061035156,111700
2026-08-17 12:50:00-03:00,60.099998474121094,60.18000030517578,60.099998474121094,60.130001068115234,41500
2026-08-17 12:55:00-03:00,60.130001068115234,60.25,60.119998931884766,60.22999954223633,74400
2026-08-17 13:00:00-03:00,60.22999954223633,60.27000045776367,60.20000076293945,60.22999954223633,54100
2026-08-17 13:05:00-03:00,60.22999954223633,60.380001068115234,60.22999954223633,60.34000015258789,73900
2026-08-17 13:10:00-03:00,60.34000015258789,60.880001068115234,60.33000183105469,60.880001068115234,331200
2026-08-17 13:15:00-03:00,60.880001068115234,61.040000915527344,60.79999923706055,61.029998779296875,176100
2026-08-17 13:20:00-03:00,61.040000915527344,61.11000061035156,60.97999954223633,61.060001373291016,121500
2026-08-17 13:25:00-03:00,61.040000915527344,61.04999923706055,60.900001525878906,61.029998779296875,223400
2026-08-17 13:30:00-03:00,61.02000045776367,61.029998779296875,60.849998474121094,60.91999816894531,77000
2026-08-17 13:35:00-03:00,60.91999816894531,61.02000045776367,60.900001525878906,60.91999816894531,43700
2026-08-17 13:40:00-03:00,60.91999816894531,60.939998626708984,60.81999969482422,60.86000061035156,42900
2026-08-17 13:45:00-03:00,60.849998474121094,60.88999938964844,60.70000076293945,60.86000061035156,99900
2026-08-17 13:50:00-03:00,60.869998931884766,61.040000915527344,60.869998931884766,61.0099983215332,108200
2026-08-17 13:55:00-03:00,61.0099983215332,61.470001220703125,61.0099983215332,61.369998931884766,347000
2026-08-17 14:00:00-03:00,61.36000061035156,61.45000076293945,61.189998626708984,61.25,113800
2026-08-17 14:05:00-03:00,61.25,61.34000015258789,61.209999084472656,61.34000015258789,42900
2026-08-17 14:10:00-03:00,61.349998474121094,61.400001525878906,61.29999923706055,61.38999938964844,35800
2026-08-17 14:15:00-03:00,61.400001525878906,61.68000030517578,61.38999938964844,61.650001525878906,208200
2026-08-17 14:20:00-03:00,61.650001525878906,61.90999984741211,61.619998931884766,61.79999923706055,213600
2026-08-17 14:25:00-03:00,61.790000915527344,61.88999938964844,61.7599983215332,61.849998474121094,57500
2026-08-17 14:30:00-03:00,61.84000015258789,61.90999984741211,61.72999954223633,61.849998474121094,81300
2026-08-17 14:35:00-03:00,61.84000015258789,61.869998931884766,61.599998474121094,61.619998931884766,83400
2026-08-17 14:40:00-03:00,61.599998474121094,61.630001068115234,61.33000183105469,61.369998931884766,126700
2026-08-17 14:45:00-03:00,61.369998931884766,61.58000183105469,61.36000061035156,61.41999816894531,117800
2026-08-17 14:50:00-03:00,61.41999816894531,61.630001068115234,61.40999984741211,61.58000183105469,276600
2026-08-17 14:55:00-03:00,61.56999969482422,61.599998474121094,61.47999954223633,61.4900016784668,55500
2026-08-17 15:00:00-03:00,61.5,61.56999969482422,61.470001220703125,61.52000045776367,83300
2026-08-17 15:05:00-03:00,61.52000045776367,61.54999923706055,61.380001068115234,61.47999954223633,89700
2026-08-17 15:10:00-03:00,61.47999954223633,61.5,61.369998931884766,61.45000076293945,64300
2026-08-17 15:15:00-03:00,61.459999084472656,61.630001068115234,61.459999084472656,61.560001373291016,95900
2026-08-17 15:20:00-03:00,61.560001373291016,61.599998474121094,61.439998626708984,61.470001220703125,54700
2026-08-17 15:25:00-03:00,61.4900016784668,61.58000183105469,61.41999816894531,61.45000076293945,137500
2026-08-17 15:30:00-03:00,61.439998626708984,61.5,61.400001525878906,61.41999816894531,85600
2026-08-17 15:35:00-03:00,61.41999816894531,61.47999954223633,61.40999984741211,61.43000030517578,64000
2026-08-17 15:40:00-03:00,61.43000030517578,61.599998474121094,61.400001525878906,61.59000015258789,117700
2026-08-17 15:45:00-03:00,61.58000183105469,61.59000015258789,61.4900016784668,61.540000915527344,67600
2026-08-17 15:50:00-03:00,61.540000915527344,61.66999816894531,61.529998779296875,61.599998474121094,65600
2026-08-17 15:55:00-03:00,61.599998474121094,61.61000061035156,61.529998779296875,61.59000015258789,47400
2026-08-17 16:00:00-03:00,61.58000183105469,61.650001525878906,61.529998779296875,61.59000015258789,50900
2026-08-17 16:05:00-03:00,61.59000015258789,61.81999969482422,61.58000183105469,61.77000045776367,87100
2026-08-17 16:10:00-03:00,61.77000045776367,61.779998779296875,61.63999938964844,61.650001525878906,80200
2026-08-17 16:15:00-03:00,61.63999938964844,61.63999938964844,61.560001373291016,61.59000015258789,75400
2026-08-17 16:20:00-03:00,61.59000015258789,61.599998474121094,61.470001220703125,61.5,64600
2026-08-17 16:25:00-03:00,61.5,61.5099983215332,61.43000030517578,61.43000030517578,140400
2026-08-17 16:30:00-03:00,61.43000030517578,61.560001373291016,61.380001068115234,61.540000915527344,174000
2026-08-17 16:35:00-03:00,61.560001373291016,61.61000061035156,61.52000045776367,61.54999923706055,89800
2026-08-17 16:40:00-03:00,61.540000915527344,61.72999954223633,61.540000915527344,61.689998626708984,129900
2026-08-17 16:45:00-03:00,61.689998626708984,61.77000045776367,61.66999816894531,61.75,114000
2026-08-17 16:50:00-03:00,61.75,61.77000045776367,61.5099983215332,61.58000183105469,283500
2026-08-18 10:05:00-03:00,61.79999923706055,62.220001220703125,61.79999923706055,62.150001525878906,108600
2026-08-18 10:10:00-03:00,62.150001525878906,62.27000045776367,61.720001220703125,61.7599983215332,299500
2026-08-18 10:15:00-03:00,61.77000045776367,61.86000061035156,61.70000076293945,61.75,84500
2026-08-18 10:20:00-03:00,61.709999084472656,61.83000183105469,61.619998931884766,61.65999984741211,129700
2026-08-18 10:25:00-03:00,61.66999816894531,61.66999816894531,61.529998779296875,61.560001373291016,31600
2026-08-18 10:30:00-03:00,61.599998474121094,61.61000061035156,61.119998931884766,61.13999938964844,121900
2026-08-18 10:35:00-03:00,61.13999938964844,61.689998626708984,61.13999938964844,61.63999938964844,201800
2026-08-18 10:40:00-03:00,61.630001068115234,61.630001068115234,61.310001373291016,61.36000061035156,169700
2026-08-18 10:45:00-03:00,61.369998931884766,61.40999984741211,61.119998931884766,61.15999984741211,74200
2026-08-18 10:50:00-03:00,61.15999984741211,61.279998779296875,61.06999969482422,61.2400016784668,116200
2026-08-18 10:55:00-03:00,61.25,61.34000015258789,61.189998626708984,61.290000915527344,32300
2026-08-18 11:00:00-03:00,61.290000915527344,61.310001373291016,61.18000030517578,61.27000045776367,23000
2026-08-18 11:05:00-03:00,61.279998779296875,61.290000915527344,61.16999816894531,61.16999816894531,18200
2026-08-18 11:10:00-03:00,61.16999816894531,61.18000030517578,61.13999938964844,61.150001525878906,16300
2026-08-18 11:15:00-03:00,61.15999984741211,61.15999984741211,60.970001220703125,61.15999984741211,84400
2026-08-18 11:20:00-03:00,61.150001525878906,61.290000915527344,61.130001068115234,61.279998779296875,25600
2026-08-18 11:25:00-03:00,61.27000045776367,61.27000045776367,61.18000030517578,61.20000076293945,25900
2026-08-18 11:30:00-03:00,61.209999084472656,61.349998474121094,61.20000076293945,61.310001373291016,171700
2026-08-18 11:35:00-03:00,61.310001373291016,61.369998931884766,61.2400016784668,61.2400016784668,43200
2026-08-18 11:40:00-03:00,61.22999954223633,61.290000915527344,61.220001220703125,61.27000045776367,20800
2026-08-18 11:45:00-03:00,61.27000045776367,61.349998474121094,61.15999984741211,61.31999969482422,84900
2026-08-18 11:50:00-03:00,61.290000915527344,61.40999984741211,61.220001220703125,61.38999938964844,32800
2026-08-18 11:55:00-03:00,61.380001068115234,61.70000076293945,61.310001373291016,61.5,173100
2026-08-18 12:00:00-03:00,61.47999954223633,61.599998474121094,61.400001525878906,61.43000030517578,119000
2026-08-18 12:05:00-03:00,61.43000030517578,61.52000045776367,61.380001068115234,61.400001525878906,13800
2026-08-18 12:10:00-03:00,61.38999938964844,61.41999816894531,61.2599983215332,61.33000183105469,34400
2026-08-18 12:15:00-03:00,61.34000015258789,61.400001525878906,61.29999923706055,61.36000061035156,21200
2026-08-18 12:20:00-03:00,61.36000061035156,61.36000061035156,61.22999954223633,61.29999923706055,26000
2026-08-18 12:25:00-03:00,61.290000915527344,61.290000915527344,61.220001220703125,61.220001220703125,35500
2026-08-18 12:30:00-03:00,61.220001220703125,61.290000915527344,61.20000076293945,61.279998779296875,29300
2026-08-18 12:35:00-03:00,61.279998779296875,61.36000061035156,61.2599983215332,61.2599983215332,69400
2026-08-18 12:40:00-03:00,61.25,61.310001373291016,61.20000076293945,61.25,37600
2026-08-18 12:45:00-03:00,61.2599983215332,61.2599983215332,61.22999954223633,61.2400016784668,9200
2026-08-18 12:50:00-03:00,61.22999954223633,61.40999984741211,61.220001220703125,61.38999938964844,168300
2026-08-18 12:55:00-03:00,61.380001068115234,61.40999984741211,61.369998931884766,61.38999938964844,41200
2026-08-18 13:00:00-03:00,61.380001068115234,61.40999984741211,61.31999969482422,61.380001068115234,29400
2026-08-18 13:05:00-03:00,61.36000061035156,61.36000061035156,61.2599983215332,61.310001373291016,54000
2026-08-18 13:10:00-03:00,61.310001373291016,61.31999969482422,61.220001220703125,61.27000045776367,20100
2026-08-18 13:15:00-03:00,61.27000045776367,61.349998474121094,61.2599983215332,61.279998779296875,44400
2026-08-18 13:20:00-03:00,61.290000915527344,61.290000915527344,61.2400016784668,61.279998779296875,13100
2026-08-18 13:25:00-03:00,61.27000045776367,61.310001373291016,61.2599983215332,61.290000915527344,16200
2026-08-18 13:30:00-03:00,61.279998779296875,61.33000183105469,61.27000045776367,61.29999923706055,22000
2026-08-18 13:35:00-03:00,61.279998779296875,61.29999923706055,61.20000076293945,61.20000076293945,21100
2026-08-18 13:40:00-03:00,61.20000076293945,61.22999954223633,61.119998931884766,61.150001525878906,36500
2026-08-18 13:45:00-03:00,61.150001525878906,61.2599983215332,61.13999938964844,61.25,29500
2026-08-18 13:50:00-03:00,61.25,61.279998779296875,61.209999084472656,61.25,34400
2026-08-18 13:55:00-03:00,61.2400016784668,61.349998474121094,61.22999954223633,61.310001373291016,71000
2026-08-18 14:00:00-03:00,61.29999923706055,61.47999954223633,61.29999923706055,61.349998474121094,76200
2026-08-18 14:05:00-03:00,61.369998931884766,61.38999938964844,61.29999923706055,61.310001373291016,78000
2026-08-18 14:10:00-03:00,61.310001373291016,61.34000015258789,61.290000915527344,61.33000183105469,26800
2026-08-18 14:15:00-03:00,61.33000183105469,61.349998474121094,61.29999923706055,61.310001373291016,64900
2026-08-18 14:20:00-03:00,61.29999923706055,61.369998931884766,61.29999923706055,61.349998474121094,59000
2026-08-18 14:25:00-03:00,61.349998474121094,61.349998474121094,61.29999923706055,61.29999923706055,30700
2026-08-18 14:30:00-03:00,61.310001373291016,61.38999938964844,61.310001373291016,61.34000015258789,28600
2026-08-18 14:35:00-03:00,61.34000015258789,61.36000061035156,61.279998779296875,61.290000915527344,28000
2026-08-18 14:40:00-03:00,61.290000915527344,61.38999938964844,61.290000915527344,61.349998474121094,33700
2026-08-18 14:45:00-03:00,61.349998474121094,61.41999816894531,61.349998474121094,61.41999816894531,52800
2026-08-18 14:50:00-03:00,61.40999984741211,61.439998626708984,61.400001525878906,61.400001525878906,25300
2026-08-18 14:55:00-03:00,61.400001525878906,61.41999816894531,61.400001525878906,61.400001525878906,27000
2026-08-18 15:00:00-03:00,61.400001525878906,61.41999816894531,61.38999938964844,61.400001525878906,25800
2026-08-18 15:05:00-03:00,61.400001525878906,61.41999816894531,61.38999938964844,61.400001525878906,36500
2026-08-18 15:10:00-03:00,61.400001525878906,61.400001525878906,61.380001068115234,61.38999938964844,29700
2026-08-18 15:15:00-03:00,61.38999938964844,61.41999816894531,61.36000061035156,61.400001525878906,38600
2026-08-18 15:20:00-03:00,61.400001525878906,61.459999084472656,61.38999938964844,61.43000030517578,34200
2026-08-18 15:25:00-03:00,61.43000030517578,61.47999954223633,61.400001525878906,61.45000076293945,40100
2026-08-18 15:30:00-03:00,61.43000030517578,61.47999954223633,61.43000030517578,61.45000076293945,23500
2026-08-18 15:35:00-03:00,61.45000076293945,61.459999084472656,61.349998474121094,61.349998474121094,35800
2026-08-18 15:40:00-03:00,61.349998474121094,61.400001525878906,61.290000915527344,61.380001068115234,91600
2026-08-18 15:45:00-03:00,61.369998931884766,61.40999984741211,61.33000183105469,61.33000183105469,42100
2026-08-18 15:50:00-03:00,61.33000183105469,61.349998474121094,61.29999923706055,61.31999969482422,44500
2026-08-18 15:55:00-03:00,61.29999923706055,61.31999969482422,61.29999923706055,61.310001373291016,36200
2026-08-18 16:00:00-03:00,61.310001373291016,61.369998931884766,61.310001373291016,61.36000061035156,50100
2026-08-18 16:05:00-03:00,61.36000061035156,61.36000061035156,61.290000915527344,61.29999923706055,64600
2026-08-18 16:10:00-03:00,61.29999923706055,61.33000183105469,61.2400016784668,61.31999969482422,71900
2026-08-18 16:15:00-03:00,61.31999969482422,61.400001525878906,61.310001373291016,61.349998474121094,44300
2026-08-18 16:20:00-03:00,61.33000183105469,61.439998626708984,61.310001373291016,61.41999816894531,75000
2026-08-18 16:25:00-03:00,61.41999816894531,61.47999954223633,61.40999984741211,61.470001220703125,39300
2026-08-18 16:30:00-03:00,61.459999084472656,61.470001220703125,61.41999816894531,61.439998626708984,41600
2026-08-18 16:35:00-03:00,61.439998626708984,61.47999954223633,61.41999816894531,61.45000076293945,53600
2026-08-18 16:40:00-03:00,61.45000076293945,61.459999084472656,61.36000061035156,61.36000061035156,38000
2026-08-18 16:45:00-03:00,61.36000061035156,61.41999816894531,61.33000183105469,61.349998474121094,75300
2026-08-18 16:50:00-03:00,61.349998474121094,61.43000030517578,61.29999923706055,61.380001068115234,111700
2026-08-19 10:05:00-03:00,62.0,62.099998474121094,61.63999938964844,61.88999938964844,10700
2026-08-19 10:10:00-03:00,61.90999984741211,61.939998626708984,61.619998931884766,61.900001525878906,100400
2026-08-19 10:15:00-03:00,61.90999984741211,62.029998779296875,61.869998931884766,61.97999954223633,88800
2026-08-19 10:20:00-03:00,62.0099983215332,62.04999923706055,61.88999938964844,61.93000030517578,83900
2026-08-19 10:25:00-03:00,61.95000076293945,61.970001220703125,61.77000045776367,61.90999984741211,75500
2026-08-19 10:30:00-03:00,61.939998626708984,62.02000045776367,61.83000183105469,61.939998626708984,56100
2026-08-19 10:35:00-03:00,61.97999954223633,62.0,61.61000061035156,61.75,122600
2026-08-19 10:40:00-03:00,61.7599983215332,62.58000183105469,61.7400016784668,62.5,515700
2026-08-19 10:45:00-03:00,62.54999923706055,62.72999954223633,62.40999984741211,62.709999084472656,224200
2026-08-19 10:50:00-03:00,62.68000030517578,62.7400016784668,62.5,62.529998779296875,236600
2026-08-19 10:55:00-03:00,62.529998779296875,62.790000915527344,62.529998779296875,62.77000045776367,304300
2026-08-19 11:00:00-03:00,62.779998779296875,62.779998779296875,62.5,62.529998779296875,354800
2026-08-19 11:05:00-03:00,62.52000045776367,62.540000915527344,62.25,62.459999084472656,238100
2026-08-19 11:10:00-03:00,62.459999084472656,62.54999923706055,62.349998474121094,62.369998931884766,83600
2026-08-19 11:15:00-03:00,62.369998931884766,62.52000045776367,62.369998931884766,62.459999084472656,250300
2026-08-19 11:20:00-03:00,62.459999084472656,62.63999938964844,62.40999984741211,62.56999969482422,46900
2026-08-19 11:25:00-03:00,62.61000061035156,62.68000030517578,62.54999923706055,62.650001525878906,41400
2026-08-19 11:30:00-03:00,62.63999938964844,62.720001220703125,62.54999923706055,62.709999084472656,90800
2026-08-19 11:35:00-03:00,62.689998626708984,62.689998626708984,62.61000061035156,62.650001525878906,25300
2026-08-19 11:40:00-03:00,62.650001525878906,62.72999954223633,62.63999938964844,62.709999084472656,50500
2026-08-19 11:45:00-03:00,62.70000076293945,62.709999084472656,62.54999923706055,62.61000061035156,43800
2026-08-19 11:50:00-03:00,62.59000015258789,62.65999984741211,62.540000915527344,62.63999938964844,50700
2026-08-19 11:55:00-03:00,62.63999938964844,62.7400016784668,62.63999938964844,62.689998626708984,82200
2026-08-19 12:00:00-03:00,62.689998626708984,62.70000076293945,62.56999969482422,62.65999984741211,47000
2026-08-19 12:05:00-03:00,62.66999816894531,62.790000915527344,62.65999984741211,62.779998779296875,50500
2026-08-19 12:10:00-03:00,62.779998779296875,62.779998779296875,62.619998931884766,62.66999816894531,27700
2026-08-19 12:15:00-03:00,62.65999984741211,62.720001220703125,62.650001525878906,62.689998626708984,20300
2026-08-19 12:20:00-03:00,62.68000030517578,62.689998626708984,62.459999084472656,62.5099983215332,59400
2026-08-19 12:25:00-03:00,62.5,62.56999969482422,62.4900016784668,62.54999923706055,21500
2026-08-19 12:30:00-03:00,62.560001373291016,62.63999938964844,62.540000915527344,62.540000915527344,28600
2026-08-19 12:35:00-03:00,62.540000915527344,62.63999938964844,62.45000076293945,62.630001068115234,153900
2026-08-19 12:40:00-03:00,62.58000183105469,62.68000030517578,62.58000183105469,62.63999938964844,30100
2026-08-19 12:45:00-03:00,62.630001068115234,62.63999938964844,62.59000015258789,62.63999938964844,21200
2026-08-19 12:50:00-03:00,62.63999938964844,62.650001525878906,62.59000015258789,62.619998931884766,18900
2026-08-19 12:55:00-03:00,62.619998931884766,62.720001220703125,62.59000015258789,62.59000015258789,80300
2026-08-19 13:00:00-03:00,62.599998474121094,62.619998931884766,62.54999923706055,62.619998931884766,38300
2026-08-19 13:05:00-03:00,62.619998931884766,62.63999938964844,62.58000183105469,62.59000015258789,40900
2026-08-19 13:10:00-03:00,62.59000015258789,62.63999938964844,62.54999923706055,62.54999923706055,24900
2026-08-19 13:15:00-03:00,62.58000183105469,62.63999938964844,62.560001373291016,62.599998474121094,21000
2026-08-19 13:20:00-03:00,62.61000061035156,62.619998931884766,62.560001373291016,62.560001373291016,13400
2026-08-19 13:25:00-03:00,62.56999969482422,62.58000183105469,62.45000076293945,62.4900016784668,133800
2026-08-19 13:30:00-03:00,62.4900016784668,62.599998474121094,62.45000076293945,62.540000915527344,111000
2026-08-19 13:35:00-03:00,62.54999923706055,62.54999923706055,62.459999084472656,62.4900016784668,51000
2026-08-19 13:40:00-03:00,62.5,62.5099983215332,62.380001068115234,62.470001220703125,89600
2026-08-19 13:45:00-03:00,62.45000076293945,62.470001220703125,62.209999084472656,62.279998779296875,46300
2026-08-19 13:50:00-03:00,62.279998779296875,62.279998779296875,62.09000015258789,62.099998474121094,38300
2026-08-19 13:55:00-03:00,62.09000015258789,62.290000915527344,62.04999923706055,62.290000915527344,75300
2026-08-19 14:00:00-03:00,62.279998779296875,62.29999923706055,62.25,62.27000045776367,19700
2026-08-19 14:05:00-03:00,62.27000045776367,62.290000915527344,62.16999816894531,62.16999816894531,26100
2026-08-19 14:10:00-03:00,62.16999816894531,62.2599983215332,62.16999816894531,62.22999954223633,25900
2026-08-19 14:15:00-03:00,62.22999954223633,62.22999954223633,62.16999816894531,62.209999084472656,25300
2026-08-19 14:20:00-03:00,62.22999954223633,62.290000915527344,62.189998626708984,62.209999084472656,27600
2026-08-19 14:25:00-03:00,62.209999084472656,62.25,62.16999816894531,62.220001220703125,21300
2026-08-19 14:30:00-03:00,62.220001220703125,62.220001220703125,62.060001373291016,62.09000015258789,22000
2026-08-19 14:35:00-03:00,62.09000015258789,62.150001525878906,62.08000183105469,62.13999938964844,36700
2026-08-19 14:40:00-03:00,62.150001525878906,62.18000030517578,62.130001068115234,62.18000030517578,19100
2026-08-19 14:45:00-03:00,62.18000030517578,62.18000030517578,62.060001373291016,62.099998474121094,30400
2026-08-19 14:50:00-03:00,62.099998474121094,62.20000076293945,62.08000183105469,62.15999984741211,23700
2026-08-19 14:55:00-03:00,62.150001525878906,62.150001525878906,62.060001373291016,62.150001525878906,32700
2026-08-19 15:00:00-03:00,62.13999938964844,62.16999816894531,62.130001068115234,62.15999984741211,14300
2026-08-19 15:05:00-03:00,62.15999984741211,62.25,62.15999984741211,62.25,31800
2026-08-19 15:10:00-03:00,62.25,62.279998779296875,62.209999084472656,62.2400016784668,26600
2026-08-19 15:15:00-03:00,62.2400016784668,62.25,62.06999969482422,62.15999984741211,56300
2026-08-19 15:20:00-03:00,62.16999816894531,62.16999816894531,62.040000915527344,62.09000015258789,36200
2026-08-19 15:25:00-03:00,62.09000015258789,62.130001068115234,61.95000076293945,61.97999954223633,42400
2026-08-19 15:30:00-03:00,61.970001220703125,62.040000915527344,61.939998626708984,62.02000045776367,60500
2026-08-19 15:35:00-03:00,62.0099983215332,62.02000045776367,61.939998626708984,61.939998626708984,31200
2026-08-19 15:40:00-03:00,61.939998626708984,62.02000045776367,61.93000030517578,62.0,24400
2026-08-19 15:45:00-03:00,62.0,62.0,61.970001220703125,61.97999954223633,22300
2026-08-19 15:50:00-03:00,61.970001220703125,62.0,61.900001525878906,61.93000030517578,46100
2026-08-19 15:55:00-03:00,61.91999816894531,61.93000030517578,61.880001068115234,61.880001068115234,28300
2026-08-19 16:00:00-03:00,61.880001068115234,62.0,61.86000061035156,61.91999816894531,34800
2026-08-19 16:05:00-03:00,61.90999984741211,61.93000030517578,61.86000061035156,61.86000061035156,28100
2026-08-19 16:10:00-03:00,61.86000061035156,61.95000076293945,61.83000183105469,61.93000030517578,46300
2026-08-19 16:15:00-03:00,61.93000030517578,61.97999954223633,61.88999938964844,61.970001220703125,49800
2026-08-19 16:20:00-03:00,61.970001220703125,61.970001220703125,61.84000015258789,61.84000015258789,37400
2026-08-19 16:25:00-03:00,61.849998474121094,61.93000030517578,61.810001373291016,61.93000030517578,42900
2026-08-19 16:30:00-03:00,61.93000030517578,61.93000030517578,61.75,61.86000061035156,60200
2026-08-19 16:35:00-03:00,61.869998931884766,61.869998931884766,61.720001220703125,61.779998779296875,57100
2026-08-19 16:40:00-03:00,61.779998779296875,61.90999984741211,61.77000045776367,61.88999938964844,63200
2026-08-19 16:45:00-03:00,61.88999938964844,61.88999938964844,61.66999816894531,61.66999816894531,66100
2026-08-19 16:50:00-03:00,61.689998626708984,61.77000045776367,61.66999816894531,61.68000030517578,112900
2026-08-20 10:05:00-03:00,62.79999923706055,62.79999923706055,62.310001373291016,62.470001220703125,44100
2026-08-20 10:10:00-03:00,62.459999084472656,62.72999954223633,62.310001373291016,62.31999969482422,148300
2026-08-20 10:15:00-03:00,62.31999969482422,62.52000045776367,62.25,62.36000061035156,79000
2026-08-20 10:20:00-03:00,62.36000061035156,62.459999084472656,62.349998474121094,62.400001525878906,33500
2026-08-20 10:25:00-03:00,62.400001525878906,62.619998931884766,62.36000061035156,62.599998474121094,35800
2026-08-20 10:30:00-03:00,62.619998931884766,62.68000030517578,62.36000061035156,62.599998474121094,77100
2026-08-20 10:35:00-03:00,62.599998474121094,62.880001068115234,62.58000183105469,62.790000915527344,100400
2026-08-20 10:40:00-03:00,62.790000915527344,62.81999969482422,62.40999984741211,62.41999816894531,118500
2026-08-20 10:45:00-03:00,62.41999816894531,62.47999954223633,62.25,62.27000045776367,76600
2026-08-20 10:50:00-03:00,62.27000045776367,62.5099983215332,62.27000045776367,62.5099983215332,87500
2026-08-20 10:55:00-03:00,62.540000915527344,62.650001525878906,62.4900016784668,62.54999923706055,171100
2026-08-20 11:00:00-03:00,62.56999969482422,62.790000915527344,62.5099983215332,62.7599983215332,254200
2026-08-20 11:05:00-03:00,62.779998779296875,62.880001068115234,62.720001220703125,62.77000045776367,134700
2026-08-20 11:10:00-03:00,62.779998779296875,62.869998931884766,62.68000030517578,62.689998626708984,103300
2026-08-20 11:15:00-03:00,62.70000076293945,62.790000915527344,62.630001068115234,62.68000030517578,86800
2026-08-20 11:20:00-03:00,62.66999816894531,62.720001220703125,62.630001068115234,62.68000030517578,59400
2026-08-20 11:25:00-03:00,62.68000030517578,62.720001220703125,62.63999938964844,62.66999816894531,47300
2026-08-20 11:30:00-03:00,62.66999816894531,62.93000030517578,62.65999984741211,62.93000030517578,108300
2026-08-20 11:35:00-03:00,62.93000030517578,62.95000076293945,62.720001220703125,62.720001220703125,115400
2026-08-20 11:40:00-03:00,62.720001220703125,62.7400016784668,62.599998474121094,62.68000030517578,79800
2026-08-20 11:45:00-03:00,62.66999816894531,62.68000030517578,62.4900016784668,62.630001068115234,58000
2026-08-20 11:50:00-03:00,62.59000015258789,62.779998779296875,62.59000015258789,62.7400016784668,34500
2026-08-20 11:55:00-03:00,62.7400016784668,62.7599983215332,62.689998626708984,62.7599983215332,27200
2026-08-20 12:00:00-03:00,62.77000045776367,62.90999984741211,62.77000045776367,62.880001068115234,59100
2026-08-20 12:05:00-03:00,62.869998931884766,62.900001525878906,62.7400016784668,62.83000183105469,60000
2026-08-20 12:10:00-03:00,62.810001373291016,62.90999984741211,62.7400016784668,62.790000915527344,50100
2026-08-20 12:15:00-03:00,62.79999923706055,62.849998474121094,62.7400016784668,62.7400016784668,28500
2026-08-20 12:20:00-03:00,62.7400016784668,62.75,62.619998931884766,62.720001220703125,47500
2026-08-20 12:25:00-03:00,62.720001220703125,62.7400016784668,62.66999816894531,62.709999084472656,31700
2026-08-20 12:30:00-03:00,62.70000076293945,62.849998474121094,62.689998626708984,62.75,55200
2026-08-20 12:35:00-03:00,62.75,62.84000015258789,62.709999084472656,62.79999923706055,60900
2026-08-20 12:40:00-03:00,62.810001373291016,62.869998931884766,62.77000045776367,62.84000015258789,58900
2026-08-20 12:45:00-03:00,62.84000015258789,62.88999938964844,62.79999923706055,62.84000015258789,116700
2026-08-20 12:50:00-03:00,62.84000015258789,62.97999954223633,62.72999954223633,62.97999954223633,154900
2026-08-20 12:55:00-03:00,62.970001220703125,62.970001220703125,62.900001525878906,62.959999084472656,37900
2026-08-20 13:00:00-03:00,62.95000076293945,62.959999084472656,62.90999984741211,62.95000076293945,27400
2026-08-20 13:05:00-03:00,62.939998626708984,62.959999084472656,62.90999984741211,62.93000030517578,35500
2026-08-20 13:10:00-03:00,62.939998626708984,62.939998626708984,62.83000183105469,62.86000061035156,40800
2026-08-20 13:15:00-03:00,62.86000061035156,62.86000061035156,62.7400016784668,62.77000045776367,85900
2026-08-20 13:20:00-03:00,62.75,62.849998474121094,62.7400016784668,62.849998474121094,84600
2026-08-20 13:25:00-03:00,62.849998474121094,62.86000061035156,62.810001373291016,62.83000183105469,31400
2026-08-20 13:30:00-03:00,62.83000183105469,62.86000061035156,62.79999923706055,62.81999969482422,39000
2026-08-20 13:35:00-03:00,62.81999969482422,62.88999938964844,62.810001373291016,62.81999969482422,40100
2026-08-20 13:40:00-03:00,62.83000183105469,62.849998474121094,62.790000915527344,62.81999969482422,25400
2026-08-20 13:45:00-03:00,62.81999969482422,62.84000015258789,62.75,62.790000915527344,150200
2026-08-20 13:50:00-03:00,62.79999923706055,62.79999923706055,62.72999954223633,62.779998779296875,42100
2026-08-20 13:55:00-03:00,62.7599983215332,62.7599983215332,62.619998931884766,62.66999816894531,137000
2026-08-20 14:00:00-03:00,62.66999816894531,62.68000030517578,62.58000183105469,62.66999816894531,127000
2026-08-20 14:05:00-03:00,62.66999816894531,62.75,62.65999984741211,62.720001220703125,43700
2026-08-20 14:10:00-03:00,62.720001220703125,62.72999954223633,62.619998931884766,62.66999816894531,44000
2026-08-20 14:15:00-03:00,62.68000030517578,62.689998626708984,62.5099983215332,62.560001373291016,148900
2026-08-20 14:20:00-03:00,62.54999923706055,62.630001068115234,62.5099983215332,62.59000015258789,61600
2026-08-20 14:25:00-03:00,62.58000183105469,62.65999984741211,62.58000183105469,62.61000061035156,47400
2026-08-20 14:30:00-03:00,62.61000061035156,62.63999938964844,62.439998626708984,62.52000045776367,123000
2026-08-20 14:35:00-03:00,62.52000045776367,62.59000015258789,62.5,62.59000015258789,96900
2026-08-20 14:40:00-03:00,62.56999969482422,62.58000183105469,62.45000076293945,62.47999954223633,90300
2026-08-20 14:45:00-03:00,62.459999084472656,62.5099983215332,62.43000030517578,62.4900016784668,74900
2026-08-20 14:50:00-03:00,62.47999954223633,62.4900016784668,62.33000183105469,62.33000183105469,46500
2026-08-20 14:55:00-03:00,62.33000183105469,62.47999954223633,62.2599983215332,62.45000076293945,72500
2026-08-20 15:00:00-03:00,62.45000076293945,62.459999084472656,62.29999923706055,62.310001373291016,123400
2026-08-20 15:05:00-03:00,62.34000015258789,62.380001068115234,62.29999923706055,62.369998931884766,86300
2026-08-20 15:10:00-03:00,62.38999938964844,62.459999084472656,62.34000015258789,62.459999084472656,52600
2026-08-20 15:15:00-03:00,62.470001220703125,62.52000045776367,62.41999816894531,62.4900016784668,50700
2026-08-20 15:20:00-03:00,62.5,62.52000045776367,62.38999938964844,62.40999984741211,76000
2026-08-20 15:25:00-03:00,62.400001525878906,62.439998626708984,62.38999938964844,62.40999984741211,82300
2026-08-20 15:30:00-03:00,62.40999984741211,62.439998626708984,62.400001525878906,62.43000030517578,41200
2026-08-20 15:35:00-03:00,62.439998626708984,62.439998626708984,62.38999938964844,62.40999984741211,55600
2026-08-20 15:40:00-03:00,62.40999984741211,62.439998626708984,62.38999938964844,62.400001525878906,42900
2026-08-20 15:45:00-03:00,62.40999984741211,62.630001068115234,62.400001525878906,62.459999084472656,386300
2026-08-20 15:50:00-03:00,62.459999084472656,62.5,62.31999969482422,62.36000061035156,81900
2026-08-20 15:55:00-03:00,62.33000183105469,62.349998474121094,62.02000045776367,62.02000045776367,101600
2026-08-20 16:00:00-03:00,62.02000045776367,62.06999969482422,61.95000076293945,62.029998779296875,77300
2026-08-20 16:05:00-03:00,62.040000915527344,62.08000183105469,61.9900016784668,62.02000045776367,67900
2026-08-20 16:10:00-03:00,62.02000045776367,62.040000915527344,61.79999923706055,61.869998931884766,79700
2026-08-20 16:15:00-03:00,61.849998474121094,62.04999923706055,61.849998474121094,62.0,55300
2026-08-20 16:20:00-03:00,62.0,62.0,61.849998474121094,61.91999816894531,82600
2026-08-20 16:25:00-03:00,61.95000076293945,62.0,61.90999984741211,61.95000076293945,67200
2026-08-20 16:30:00-03:00,61.959999084472656,62.02000045776367,61.95000076293945,61.97999954223633,48700
2026-08-20 16:35:00-03:00,62.0,62.09000015258789,61.939998626708984,62.040000915527344,150600
2026-08-20 16:40:00-03:00,62.040000915527344,62.099998474121094,62.02000045776367,62.09000015258789,101200
2026-08-20 16:45:00-03:00,62.09000015258789,62.150001525878906,62.04999923706055,62.11000061035156,98300
2026-08-20 16:50:00-03:00,62.119998931884766,62.16999816894531,62.02000045776367,62.09000015258789,562700
2026-08-21 10:00:00-03:00,62.11000061035156,62.11000061035156,61.81999969482422,61.97999954223633,0
2026-08-21 10:05:00-03:00,61.939998626708984,62.470001220703125,61.939998626708984,62.29999923706055,82200
2026-08-21 10:10:00-03:00,62.279998779296875,62.459999084472656,62.20000076293945,62.36000061035156,218600
2026-08-21 10:15:00-03:00,62.40999984741211,62.529998779296875,62.400001525878906,62.4900016784668,70000
2026-08-21 10:20:00-03:00,62.459999084472656,62.650001525878906,62.349998474121094,62.63999938964844,53200
2026-08-21 10:25:00-03:00,62.59000015258789,62.63999938964844,62.47999954223633,62.59000015258789,40700
2026-08-21 10:30:00-03:00,62.599998474121094,62.790000915527344,62.54999923706055,62.65999984741211,77000
2026-08-21 10:35:00-03:00,62.65999984741211,62.810001373291016,62.63999938964844,62.79999923706055,98000
2026-08-21 10:40:00-03:00,62.810001373291016,62.97999954223633,62.65999984741211,62.779998779296875,133600
2026-08-21 10:45:00-03:00,62.779998779296875,62.79999923706055,62.52000045776367,62.560001373291016,103600
2026-08-21 10:50:00-03:00,62.59000015258789,62.709999084472656,62.540000915527344,62.650001525878906,47200
2026-08-21 10:55:00-03:00,62.650001525878906,62.709999084472656,62.599998474121094,62.63999938964844,33900
2026-08-21 11:00:00-03:00,62.63999938964844,62.68000030517578,62.380001068115234,62.380001068115234,51500
2026-08-21 11:05:00-03:00,62.41999816894531,62.63999938964844,62.38999938964844,62.59000015258789,44200
2026-08-21 11:10:00-03:00,62.54999923706055,62.63999938964844,62.5,62.56999969482422,29500
2026-08-21 11:15:00-03:00,62.540000915527344,62.61000061035156,62.459999084472656,62.59000015258789,50600
2026-08-21 11:20:00-03:00,62.599998474121094,62.709999084472656,62.59000015258789,62.68000030517578,37200
2026-08-21 11:25:00-03:00,62.70000076293945,62.7599983215332,62.650001525878906,62.650001525878906,31800
2026-08-21 11:30:00-03:00,62.650001525878906,62.720001220703125,62.61000061035156,62.68000030517578,35300
2026-08-21 11:35:00-03:00,62.689998626708984,62.88999938964844,62.68000030517578,62.77000045776367,127300
2026-08-21 11:40:00-03:00,62.77000045776367,62.900001525878906,62.709999084472656,62.849998474121094,78000
2026-08-21 11:45:00-03:00,62.84000015258789,62.88999938964844,62.72999954223633,62.83000183105469,34900
2026-08-21 11:50:00-03:00,62.83000183105469,62.91999816894531,62.66999816894531,62.709999084472656,109600
2026-08-21 11:55:00-03:00,62.70000076293945,62.869998931884766,62.70000076293945,62.790000915527344,36600
2026-08-21 12:00:00-03:00,62.79999923706055,62.88999938964844,62.779998779296875,62.790000915527344,38300
2026-08-21 12:05:00-03:00,62.779998779296875,62.81999969482422,62.70000076293945,62.75,87300
2026-08-21 12:10:00-03:00,62.75,62.79999923706055,62.70000076293945,62.70000076293945,96700
2026-08-21 12:15:00-03:00,62.709999084472656,62.72999954223633,62.650001525878906,62.68000030517578,39300
2026-08-21 12:20:00-03:00,62.689998626708984,62.72999954223633,62.650001525878906,62.66999816894531,41700
2026-08-21 12:25:00-03:00,62.68000030517578,62.72999954223633,62.560001373291016,62.61000061035156,150800
2026-08-21 12:30:00-03:00,62.61000061035156,62.83000183105469,62.61000061035156,62.70000076293945,69100
2026-08-21 12:35:00-03:00,62.70000076293945,62.880001068115234,62.689998626708984,62.79999923706055,58300
2026-08-21 12:40:00-03:00,62.79999923706055,62.880001068115234,62.790000915527344,62.810001373291016,68400
2026-08-21 12:45:00-03:00,62.79999923706055,62.83000183105469,62.77000045776367,62.79999923706055,25900
2026-08-21 12:50:00-03:00,62.790000915527344,62.83000183105469,62.77000045776367,62.779998779296875,19600
2026-08-21 12:55:00-03:00,62.779998779296875,62.779998779296875,62.75,62.75,51400
2026-08-21 13:00:00-03:00,62.7599983215332,62.79999923706055,62.7400016784668,62.75,55500
2026-08-21 13:05:00-03:00,62.75,62.7599983215332,62.70000076293945,62.709999084472656,29900
2026-08-21 13:10:00-03:00,62.709999084472656,62.72999954223633,62.70000076293945,62.70000076293945,50200
2026-08-21 13:15:00-03:00,62.709999084472656,62.709999084472656,62.599998474121094,62.599998474121094,95000
2026-08-21 13:20:00-03:00,62.599998474121094,62.61000061035156,62.36000061035156,62.38999938964844,185600
2026-08-21 13:25:00-03:00,62.380001068115234,62.58000183105469,62.380001068115234,62.529998779296875,112000
2026-08-21 13:30:00-03:00,62.52000045776367,62.59000015258789,62.470001220703125,62.560001373291016,78300
2026-08-21 13:35:00-03:00,62.540000915527344,62.68000030517578,62.540000915527344,62.61000061035156,39400
2026-08-21 13:40:00-03:00,62.61000061035156,62.63999938964844,62.58000183105469,62.599998474121094,43900
2026-08-21 13:45:00-03:00,62.599998474121094,62.650001525878906,62.599998474121094,62.619998931884766,23100
2026-08-21 13:50:00-03:00,62.619998931884766,62.630001068115234,62.56999969482422,62.599998474121094,35200
2026-08-21 13:55:00-03:00,62.59000015258789,62.709999084472656,62.59000015258789,62.66999816894531,58000
2026-08-21 14:00:00-03:00,62.68000030517578,62.720001220703125,62.66999816894531,62.689998626708984,17800
2026-08-21 14:05:00-03:00,62.70000076293945,62.7400016784668,62.68000030517578,62.7400016784668,28400
2026-08-21 14:10:00-03:00,62.72999954223633,62.7400016784668,62.54999923706055,62.619998931884766,104300
2026-08-21 14:15:00-03:00,62.630001068115234,62.70000076293945,62.619998931884766,62.650001525878906,44700
2026-08-21 14:20:00-03:00,62.65999984741211,62.65999984741211,62.470001220703125,62.470001220703125,46400
2026-08-21 14:25:00-03:00,62.470001220703125,62.47999954223633,62.45000076293945,62.45000076293945,22400
2026-08-21 14:30:00-03:00,62.459999084472656,62.52000045776367,62.40999984741211,62.4900016784668,57900
2026-08-21 14:35:00-03:00,62.5,62.52000045776367,62.5,62.5099983215332,19100
2026-08-21 14:40:00-03:00,62.5099983215332,62.5099983215332,62.45000076293945,62.45000076293945,52700
2026-08-21 14:45:00-03:00,62.470001220703125,62.470001220703125,62.40999984741211,62.43000030517578,19900
2026-08-21 14:50:00-03:00,62.41999816894531,62.439998626708984,62.380001068115234,62.400001525878906,41600
2026-08-21 14:55:00-03:00,62.400001525878906,62.5099983215332,62.38999938964844,62.5099983215332,45500
2026-08-21 15:00:00-03:00,62.5099983215332,62.619998931884766,62.439998626708984,62.619998931884766,43400
2026-08-21 15:05:00-03:00,62.61000061035156,62.689998626708984,62.599998474121094,62.65999984741211,55300
2026-08-21 15:10:00-03:00,62.66999816894531,62.7400016784668,62.66999816894531,62.70000076293945,48500
2026-08-21 15:15:00-03:00,62.70000076293945,62.7599983215332,62.70000076293945,62.7599983215332,38900
2026-08-21 15:20:00-03:00,62.7599983215332,62.84000015258789,62.75,62.790000915527344,56900
2026-08-21 15:25:00-03:00,62.810001373291016,62.83000183105469,62.75,62.7599983215332,34000
2026-08-21 15:30:00-03:00,62.7599983215332,62.77000045776367,62.70000076293945,62.75,29700
2026-08-21 15:35:00-03:00,62.75,62.790000915527344,62.720001220703125,62.72999954223633,47100
2026-08-21 15:40:00-03:00,62.720001220703125,62.72999954223633,62.619998931884766,62.619998931884766,40300
2026-08-21 15:45:00-03:00,62.619998931884766,62.630001068115234,62.56999969482422,62.59000015258789,35900
2026-08-21 15:50:00-03:00,62.599998474121094,62.630001068115234,62.560001373291016,62.560001373291016,33500
2026-08-21 15:55:00-03:00,62.560001373291016,62.56999969482422,62.4900016784668,62.529998779296875,45100
2026-08-21 16:00:00-03:00,62.529998779296875,62.529998779296875,62.40999984741211,62.5099983215332,117000
2026-08-21 16:05:00-03:00,62.4900016784668,62.5099983215332,62.4900016784668,62.5,27800
2026-08-21 16:10:00-03:00,62.5,62.5099983215332,62.43000030517578,62.5,61300
2026-08-21 16:15:00-03:00,62.4900016784668,62.58000183105469,62.47999954223633,62.52000045776367,56700
2026-08-21 16:20:00-03:00,62.540000915527344,62.599998474121094,62.5,62.540000915527344,38200
2026-08-21 16:25:00-03:00,62.540000915527344,62.54999923706055,62.45000076293945,62.4900016784668,91200
2026-08-21 16:30:00-03:00,62.4900016784668,62.58000183105469,62.47999954223633,62.58000183105469,66400
2026-08-21 16:35:00-03:00,62.58000183105469,62.650001525878906,62.54999923706055,62.619998931884766,68600
2026-08-21 16:40:00-03:00,62.650001525878906,62.720001220703125,62.619998931884766,62.66999816894531,87800
2026-08-21 16:45:00-03:00,62.66999816894531,62.75,62.65999984741211,62.720001220703125,69300
2026-08-21 16:50:00-03:00,62.72999954223633,62.81999969482422,62.68000030517578,62.68000030517578,142900
2026-08-24 10:05:00-03:00,61.91999816894531,61.91999816894531,61.33000183105469,61.56999969482422,54600
2026-08-24 10:10:00-03:00,61.529998779296875,61.66999816894531,61.310001373291016,61.34000015258789,112500
2026-08-24 10:15:00-03:00,61.34000015258789,61.63999938964844,61.33000183105469,61.59000015258789,79500
2026-08-24 10:20:00-03:00,61.61000061035156,61.689998626708984,61.2400016784668,61.279998779296875,109800
2026-08-24 10:25:00-03:00,61.279998779296875,61.38999938964844,61.18000030517578,61.380001068115234,68500
2026-08-24 10:30:00-03:00,61.380001068115234,61.77000045776367,61.31999969482422,61.7400016784668,242000
2026-08-24 10:35:00-03:00,61.709999084472656,61.869998931884766,61.63999938964844,61.83000183105469,94200
2026-08-24 10:40:00-03:00,61.84000015258789,62.06999969482422,61.84000015258789,61.88999938964844,49000
2026-08-24 10:45:00-03:00,61.900001525878906,61.900001525878906,61.41999816894531,61.43000030517578,95400
2026-08-24 10:50:00-03:00,61.439998626708984,61.529998779296875,61.099998474121094,61.439998626708984,135000
2026-08-24 10:55:00-03:00,61.47999954223633,61.599998474121094,61.400001525878906,61.400001525878906,58100
2026-08-24 11:00:00-03:00,61.400001525878906,61.59000015258789,61.349998474121094,61.540000915527344,60100
2026-08-24 11:05:00-03:00,61.54999923706055,61.59000015258789,61.400001525878906,61.43000030517578,27600
2026-08-24 11:10:00-03:00,61.45000076293945,61.45000076293945,61.25,61.279998779296875,79700
2026-08-24 11:15:00-03:00,61.279998779296875,61.349998474121094,61.20000076293945,61.2400016784668,35500
2026-08-24 11:20:00-03:00,61.2400016784668,61.279998779296875,61.150001525878906,61.27000045776367,120800
2026-08-24 11:25:00-03:00,61.29999923706055,61.34000015258789,61.16999816894531,61.16999816894531,20900
2026-08-24 11:30:00-03:00,61.16999816894531,61.189998626708984,61.13999938964844,61.13999938964844,21500
2026-08-24 11:35:00-03:00,61.16999816894531,61.16999816894531,60.90999984741211,60.93000030517578,108900
2026-08-24 11:40:00-03:00,60.939998626708984,60.970001220703125,60.79999923706055,60.81999969482422,105200
2026-08-24 11:45:00-03:00,60.849998474121094,60.95000076293945,60.70000076293945,60.84000015258789,81400
2026-08-24 11:50:00-03:00,60.86000061035156,61.099998474121094,60.77000045776367,61.06999969482422,104100
2026-08-24 11:55:00-03:00,61.060001373291016,61.09000015258789,61.0099983215332,61.0099983215332,37400
2026-08-24 12:00:00-03:00,61.02000045776367,61.13999938964844,61.02000045776367,61.11000061035156,22500
2026-08-24 12:05:00-03:00,61.119998931884766,61.13999938964844,61.040000915527344,61.09000015258789,28100
2026-08-24 12:10:00-03:00,61.099998474121094,61.2400016784668,61.09000015258789,61.15999984741211,47300
2026-08-24 12:15:00-03:00,61.13999938964844,61.310001373291016,61.08000183105469,61.29999923706055,106200
2026-08-24 12:20:00-03:00,61.29999923706055,61.349998474121094,61.290000915527344,61.33000183105469,32100
2026-08-24 12:25:00-03:00,61.34000015258789,61.43000030517578,61.189998626708984,61.189998626708984,238800
2026-08-24 12:30:00-03:00,61.189998626708984,61.33000183105469,61.189998626708984,61.29999923706055,75500
2026-08-24 12:35:00-03:00,61.31999969482422,61.38999938964844,61.29999923706055,61.369998931884766,22500
2026-08-24 12:40:00-03:00,61.369998931884766,61.400001525878906,61.279998779296875,61.38999938964844,26300
2026-08-24 12:45:00-03:00,61.380001068115234,61.380001068115234,61.31999969482422,61.33000183105469,12300
2026-08-24 12:50:00-03:00,61.31999969482422,61.349998474121094,61.27000045776367,61.310001373291016,23200
2026-08-24 12:55:00-03:00,61.310001373291016,61.400001525878906,61.29999923706055,61.400001525878906,11400
2026-08-24 13:00:00-03:00,61.400001525878906,61.43000030517578,61.209999084472656,61.220001220703125,28400
2026-08-24 13:05:00-03:00,61.220001220703125,61.310001373291016,61.16999816894531,61.2599983215332,34200
2026-08-24 13:10:00-03:00,61.27000045776367,61.41999816894531,61.2599983215332,61.41999816894531,42200
2026-08-24 13:15:00-03:00,61.43000030517578,61.5,61.41999816894531,61.47999954223633,54300
2026-08-24 13:20:00-03:00,61.47999954223633,61.5,61.439998626708984,61.45000076293945,24000
2026-08-24 13:25:00-03:00,61.459999084472656,61.540000915527344,61.45000076293945,61.529998779296875,56300
2026-08-24 13:30:00-03:00,61.529998779296875,61.54999923706055,61.36000061035156,61.36000061035156,72100
2026-08-24 13:35:00-03:00,61.36000061035156,61.41999816894531,61.279998779296875,61.36000061035156,40800
2026-08-24 13:40:00-03:00,61.369998931884766,61.369998931884766,61.31999969482422,61.33000183105469,20900
2026-08-24 13:45:00-03:00,61.31999969482422,61.31999969482422,61.209999084472656,61.25,34700
2026-08-24 13:50:00-03:00,61.27000045776367,61.290000915527344,61.22999954223633,61.2400016784668,21200
2026-08-24 13:55:00-03:00,61.2400016784668,61.25,61.209999084472656,61.220001220703125,19700
2026-08-24 14:00:00-03:00,61.209999084472656,61.31999969482422,61.150001525878906,61.310001373291016,59700
2026-08-24 14:05:00-03:00,61.310001373291016,61.33000183105469,61.2400016784668,61.290000915527344,27200
2026-08-24 14:10:00-03:00,61.279998779296875,61.31999969482422,61.2400016784668,61.31999969482422,17600
2026-08-24 14:15:00-03:00,61.31999969482422,61.40999984741211,61.290000915527344,61.29999923706055,29900
2026-08-24 14:20:00-03:00,61.29999923706055,61.29999923706055,61.2400016784668,61.25,17400
2026-08-24 14:25:00-03:00,61.25,61.29999923706055,61.220001220703125,61.2400016784668,19100
2026-08-24 14:30:00-03:00,61.2400016784668,61.2599983215332,61.20000076293945,61.20000076293945,29400
2026-08-24 14:35:00-03:00,61.18000030517578,61.209999084472656,61.060001373291016,61.060001373291016,33000
2026-08-24 14:40:00-03:00,61.04999923706055,61.099998474121094,61.0099983215332,61.099998474121094,45600
2026-08-24 14:45:00-03:00,61.06999969482422,61.150001525878906,61.040000915527344,61.060001373291016,62100
2026-08-24 14:50:00-03:00,61.08000183105469,61.189998626708984,61.04999923706055,61.099998474121094,68800
2026-08-24 14:55:00-03:00,61.099998474121094,61.18000030517578,61.029998779296875,61.15999984741211,77600
2026-08-24 15:00:00-03:00,61.15999984741211,61.25,61.15999984741211,61.20000076293945,21500
2026-08-24 15:05:00-03:00,61.22999954223633,61.290000915527344,61.220001220703125,61.290000915527344,12500
2026-08-24 15:10:00-03:00,61.279998779296875,61.290000915527344,61.119998931884766,61.150001525878906,22700
2026-08-24 15:15:00-03:00,61.15999984741211,61.22999954223633,61.15999984741211,61.209999084472656,13900
2026-08-24 15:20:00-03:00,61.220001220703125,61.22999954223633,61.16999816894531,61.18000030517578,17200
2026-08-24 15:25:00-03:00,61.18000030517578,61.22999954223633,61.150001525878906,61.20000076293945,13400
2026-08-24 15:30:00-03:00,61.189998626708984,61.20000076293945,61.099998474121094,61.099998474121094,24700
2026-08-24 15:35:00-03:00,61.11000061035156,61.18000030517578,61.099998474121094,61.130001068115234,18500
2026-08-24 15:40:00-03:00,61.119998931884766,61.15999984741211,61.08000183105469,61.150001525878906,23100
2026-08-24 15:45:00-03:00,61.15999984741211,61.16999816894531,61.11000061035156,61.130001068115234,22500
2026-08-24 15:50:00-03:00,61.13999938964844,61.15999984741211,61.060001373291016,61.08000183105469,15700
2026-08-24 15:55:00-03:00,61.08000183105469,61.08000183105469,60.970001220703125,60.9900016784668,65800
2026-08-24 16:00:00-03:00,60.9900016784668,61.040000915527344,60.9900016784668,61.040000915527344,16300
2026-08-24 16:05:00-03:00,61.040000915527344,61.119998931884766,61.029998779296875,61.11000061035156,27100
2026-08-24 16:10:00-03:00,61.099998474121094,61.20000076293945,61.09000015258789,61.20000076293945,25500
2026-08-24 16:15:00-03:00,61.20000076293945,61.2599983215332,61.18000030517578,61.2599983215332,34300
2026-08-24 16:20:00-03:00,61.25,61.279998779296875,61.22999954223633,61.279998779296875,39800
2026-08-24 16:25:00-03:00,61.279998779296875,61.279998779296875,61.189998626708984,61.2599983215332,45300
2026-08-24 16:30:00-03:00,61.279998779296875,61.33000183105469,61.2599983215332,61.33000183105469,53700
2026-08-24 16:35:00-03:00,61.33000183105469,61.36000061035156,61.2599983215332,61.279998779296875,68500
2026-08-24 16:40:00-03:00,61.279998779296875,61.31999969482422,61.279998779296875,61.279998779296875,41100
2026-08-24 16:45:00-03:00,61.290000915527344,61.290000915527344,61.2400016784668,61.2599983215332,31300
2026-08-24 16:50:00-03:00,61.27000045776367,61.27000045776367,61.189998626708984,61.27000045776367,78400
2026-08-25 10:05:00-03:00,60.15999984741211,60.189998626708984,59.959999084472656,60.060001373291016,84000
2026-08-25 10:10:00-03:00,60.060001373291016,60.560001373291016,60.0,60.540000915527344,204700
2026-08-25 10:15:00-03:00,60.54999923706055,60.63999938964844,60.33000183105469,60.619998931884766,67100
2026-08-25 10:20:00-03:00,60.61000061035156,60.70000076293945,60.5,60.529998779296875,57500
2026-08-25 10:25:00-03:00,60.529998779296875,60.709999084472656,60.5099983215332,60.63999938964844,61800
2026-08-25 10:30:00-03:00,60.58000183105469,60.75,60.540000915527344,60.70000076293945,78500
2026-08-25 10:35:00-03:00,60.689998626708984,60.91999816894531,60.619998931884766,60.7599983215332,96000
2026-08-25 10:40:00-03:00,60.75,60.810001373291016,60.58000183105469,60.689998626708984,82300
2026-08-25 10:45:00-03:00,60.68000030517578,60.68000030517578,60.5,60.61000061035156,89400
2026-08-25 10:50:00-03:00,60.61000061035156,60.689998626708984,60.540000915527344,60.54999923706055,39900
2026-08-25 10:55:00-03:00,60.54999923706055,60.54999923706055,60.47999954223633,60.5,61100
2026-08-25 11:00:00-03:00,60.5,60.65999984741211,60.400001525878906,60.619998931884766,35400
2026-08-25 11:05:00-03:00,60.63999938964844,60.65999984741211,60.540000915527344,60.56999969482422,19700
2026-08-25 11:10:00-03:00,60.59000015258789,60.630001068115234,60.5,60.540000915527344,31700
2026-08-25 11:15:00-03:00,60.54999923706055,60.599998474121094,60.4900016784668,60.560001373291016,13800
2026-08-25 11:20:00-03:00,60.560001373291016,60.59000015258789,60.43000030517578,60.5,32000
2026-08-25 11:25:00-03:00,60.529998779296875,60.58000183105469,60.47999954223633,60.4900016784668,55000
2026-08-25 11:30:00-03:00,60.47999954223633,60.56999969482422,60.36000061035156,60.369998931884766,85300
2026-08-25 11:35:00-03:00,60.349998474121094,60.41999816894531,60.290000915527344,60.41999816894531,66200
2026-08-25 11:40:00-03:00,60.400001525878906,60.43000030517578,60.29999923706055,60.34000015258789,30900
2026-08-25 11:45:00-03:00,60.349998474121094,60.41999816894531,60.33000183105469,60.380001068115234,23200
2026-08-25 11:50:00-03:00,60.38999938964844,60.43000030517578,60.349998474121094,60.36000061035156,52600
2026-08-25 11:55:00-03:00,60.36000061035156,60.45000076293945,60.36000061035156,60.439998626708984,21700
2026-08-25 12:00:00-03:00,60.439998626708984,60.54999923706055,60.439998626708984,60.52000045776367,56100
2026-08-25 12:05:00-03:00,60.52000045776367,60.63999938964844,60.52000045776367,60.54999923706055,57900
2026-08-25 12:10:00-03:00,60.52000045776367,60.630001068115234,60.470001220703125,60.470001220703125,38300
2026-08-25 12:15:00-03:00,60.459999084472656,60.56999969482422,60.459999084472656,60.54999923706055,24600
2026-08-25 12:20:00-03:00,60.54999923706055,60.65999984741211,60.54999923706055,60.63999938964844,36700
2026-08-25 12:25:00-03:00,60.63999938964844,60.779998779296875,60.61000061035156,60.70000076293945,51600
2026-08-25 12:30:00-03:00,60.709999084472656,60.709999084472656,60.619998931884766,60.630001068115234,40900
2026-08-25 12:35:00-03:00,60.63999938964844,60.7400016784668,60.56999969482422,60.66999816894531,41900
2026-08-25 12:40:00-03:00,60.66999816894531,60.689998626708984,60.5,60.630001068115234,77300
2026-08-25 12:45:00-03:00,60.63999938964844,60.70000076293945,60.61000061035156,60.63999938964844,34300
2026-08-25 12:50:00-03:00,60.63999938964844,60.63999938964844,60.56999969482422,60.58000183105469,22800
2026-08-25 12:55:00-03:00,60.56999969482422,60.689998626708984,60.54999923706055,60.56999969482422,59100
2026-08-25 13:00:00-03:00,60.59000015258789,60.66999816894531,60.540000915527344,60.54999923706055,33900
2026-08-25 13:05:00-03:00,60.58000183105469,60.58000183105469,60.52000045776367,60.52000045776367,20900
2026-08-25 13:10:00-03:00,60.52000045776367,60.599998474121094,60.5099983215332,60.54999923706055,29300
2026-08-25 13:15:00-03:00,60.56999969482422,60.599998474121094,60.540000915527344,60.59000015258789,19700
2026-08-25 13:20:00-03:00,60.59000015258789,60.66999816894531,60.58000183105469,60.65999984741211,33700
2026-08-25 13:25:00-03:00,60.650001525878906,60.70000076293945,60.619998931884766,60.619998931884766,24400
2026-08-25 13:30:00-03:00,60.619998931884766,60.79999923706055,60.61000061035156,60.79999923706055,54500
2026-08-25 13:35:00-03:00,60.790000915527344,60.869998931884766,60.790000915527344,60.810001373291016,48400
2026-08-25 13:40:00-03:00,60.810001373291016,60.869998931884766,60.77000045776367,60.869998931884766,31100
2026-08-25 13:45:00-03:00,60.86000061035156,60.91999816894531,60.779998779296875,60.81999969482422,28300
2026-08-25 13:50:00-03:00,60.81999969482422,60.88999938964844,60.7599983215332,60.88999938964844,37200
2026-08-25 13:55:00-03:00,60.88999938964844,60.91999816894531,60.83000183105469,60.86000061035156,47500
2026-08-25 14:00:00-03:00,60.869998931884766,60.91999816894531,60.849998474121094,60.900001525878906,25200
2026-08-25 14:05:00-03:00,60.88999938964844,60.90999984741211,60.810001373291016,60.869998931884766,39600
2026-08-25 14:10:00-03:00,60.880001068115234,60.880001068115234,60.77000045776367,60.810001373291016,27400
2026-08-25 14:15:00-03:00,60.79999923706055,60.869998931884766,60.79999923706055,60.84000015258789,30400
2026-08-25 14:20:00-03:00,60.849998474121094,60.88999938964844,60.81999969482422,60.88999938964844,25000
2026-08-25 14:25:00-03:00,60.880001068115234,60.88999938964844,60.83000183105469,60.84000015258789,18100
2026-08-25 14:30:00-03:00,60.86000061035156,60.93000030517578,60.86000061035156,60.869998931884766,37300
2026-08-25 14:35:00-03:00,60.880001068115234,60.93000030517578,60.869998931884766,60.91999816894531,34700
2026-08-25 14:40:00-03:00,60.91999816894531,60.9900016784668,60.91999816894531,60.97999954223633,35600
2026-08-25 14:45:00-03:00,60.97999954223633,61.150001525878906,60.959999084472656,60.970001220703125,127900
2026-08-25 14:50:00-03:00,60.959999084472656,61.02000045776367,60.869998931884766,60.900001525878906,30800
2026-08-25 14:55:00-03:00,60.91999816894531,60.97999954223633,60.900001525878906,60.900001525878906,32200
2026-08-25 15:00:00-03:00,60.90999984741211,60.970001220703125,60.880001068115234,60.88999938964844,35900
2026-08-25 15:05:00-03:00,60.88999938964844,60.959999084472656,60.86000061035156,60.88999938964844,33600
2026-08-25 15:10:00-03:00,60.88999938964844,61.0,60.84000015258789,60.97999954223633,31900
2026-08-25 15:15:00-03:00,60.97999954223633,61.13999938964844,60.95000076293945,61.08000183105469,89800
2026-08-25 15:20:00-03:00,61.099998474121094,61.099998474121094,60.959999084472656,61.0,26900
2026-08-25 15:25:00-03:00,61.0,61.060001373291016,60.97999954223633,60.9900016784668,31300
2026-08-25 15:30:00-03:00,60.97999954223633,60.97999954223633,60.93000030517578,60.95000076293945,27300
2026-08-25 15:35:00-03:00,60.95000076293945,61.099998474121094,60.95000076293945,60.97999954223633,46800
2026-08-25 15:40:00-03:00,60.97999954223633,61.0099983215332,60.959999084472656,61.0,35800
2026-08-25 15:45:00-03:00,61.0,61.08000183105469,61.0,61.040000915527344,41800
2026-08-25 15:50:00-03:00,61.040000915527344,61.08000183105469,61.02000045776367,61.04999923706055,41400
2026-08-25 15:55:00-03:00,61.029998779296875,61.150001525878906,61.029998779296875,61.09000015258789,43600
2026-08-25 16:00:00-03:00,61.099998474121094,61.119998931884766,61.09000015258789,61.11000061035156,31400
2026-08-25 16:05:00-03:00,61.11000061035156,61.16999816894531,61.099998474121094,61.15999984741211,39700
2026-08-25 16:10:00-03:00,61.150001525878906,61.290000915527344,61.13999938964844,61.27000045776367,67500
2026-08-25 16:15:00-03:00,61.27000045776367,61.36000061035156,61.20000076293945,61.20000076293945,57000
2026-08-25 16:20:00-03:00,61.20000076293945,61.20000076293945,61.130001068115234,61.150001525878906,46100
2026-08-25 16:25:00-03:00,61.150001525878906,61.25,61.130001068115234,61.15999984741211,58400
2026-08-25 16:30:00-03:00,61.150001525878906,61.20000076293945,61.04999923706055,61.08000183105469,75700
2026-08-25 16:35:00-03:00,61.09000015258789,61.150001525878906,61.040000915527344,61.099998474121094,136400
2026-08-25 16:40:00-03:00,61.06999969482422,61.13999938964844,61.060001373291016,61.060001373291016,76100
2026-08-25 16:45:00-03:00,61.09000015258789,61.33000183105469,61.06999969482422,61.27000045776367,203900
2026-08-25 16:50:00-03:00,61.290000915527344,61.400001525878906,61.0,61.130001068115234,220900
2026-08-26 10:05:00-03:00,60.04999923706055,60.15999984741211,59.720001220703125,59.7400016784668,89200
2026-08-26 10:10:00-03:00,59.7400016784668,60.150001525878906,59.720001220703125,59.849998474121094,101200
2026-08-26 10:15:00-03:00,59.900001525878906,59.97999954223633,59.75,59.849998474121094,111500
2026-08-26 10:20:00-03:00,59.849998474121094,60.0,59.650001525878906,59.65999984741211,166700
2026-08-26 10:25:00-03:00,59.66999816894531,59.7599983215332,59.59000015258789,59.75,94900
2026-08-26 10:30:00-03:00,59.720001220703125,59.900001525878906,59.66999816894531,59.720001220703125,118200
2026-08-26 10:35:00-03:00,59.720001220703125,59.79999923706055,59.459999084472656,59.599998474121094,419800
2026-08-26 10:40:00-03:00,59.599998474121094,59.90999984741211,59.599998474121094,59.880001068115234,179400
2026-08-26 10:45:00-03:00,59.900001525878906,60.369998931884766,59.869998931884766,60.36000061035156,358900
2026-08-26 10:50:00-03:00,60.369998931884766,60.54999923706055,60.29999923706055,60.36000061035156,112800
2026-08-26 10:55:00-03:00,60.36000061035156,60.369998931884766,59.95000076293945,59.95000076293945,162000
2026-08-26 11:00:00-03:00,59.97999954223633,60.08000183105469,59.93000030517578,60.029998779296875,80000
2026-08-26 11:05:00-03:00,60.029998779296875,60.150001525878906,59.9900016784668,60.13999938964844,107000
2026-08-26 11:10:00-03:00,60.130001068115234,60.310001373291016,60.06999969482422,60.2599983215332,130600
2026-08-26 11:15:00-03:00,60.2599983215332,60.310001373291016,60.150001525878906,60.150001525878906,79500
2026-08-26 11:20:00-03:00,60.15999984741211,60.15999984741211,59.9900016784668,59.9900016784668,99200
2026-08-26 11:25:00-03:00,59.97999954223633,60.040000915527344,59.900001525878906,60.0099983215332,132300
2026-08-26 11:30:00-03:00,60.0099983215332,60.09000015258789,59.90999984741211,60.029998779296875,158900
2026-08-26 11:35:00-03:00,60.029998779296875,60.060001373291016,59.90999984741211,60.04999923706055,142700
2026-08-26 11:40:00-03:00,60.029998779296875,60.119998931884766,60.029998779296875,60.11000061035156,34300
2026-08-26 11:45:00-03:00,60.119998931884766,60.16999816894531,60.040000915527344,60.119998931884766,30300
2026-08-26 11:50:00-03:00,60.119998931884766,60.31999969482422,60.119998931884766,60.29999923706055,41900
2026-08-26 11:55:00-03:00,60.29999923706055,60.33000183105469,60.189998626708984,60.290000915527344,62700
2026-08-26 12:00:00-03:00,60.290000915527344,60.290000915527344,60.189998626708984,60.2400016784668,47000
2026-08-26 12:05:00-03:00,60.220001220703125,60.25,60.20000076293945,60.220001220703125,26100
2026-08-26 12:10:00-03:00,60.220001220703125,60.310001373291016,60.18000030517578,60.27000045776367,28200
2026-08-26 12:15:00-03:00,60.290000915527344,60.40999984741211,60.25,60.25,57500
2026-08-26 12:20:00-03:00,60.25,60.29999923706055,60.18000030517578,60.20000076293945,43300
2026-08-26 12:25:00-03:00,60.20000076293945,60.25,60.15999984741211,60.220001220703125,30700
2026-08-26 12:30:00-03:00,60.220001220703125,60.25,60.18000030517578,60.25,43600
2026-08-26 12:35:00-03:00,60.220001220703125,60.369998931884766,60.220001220703125,60.36000061035156,105700
2026-08-26 12:40:00-03:00,60.36000061035156,60.5099983215332,60.349998474121094,60.41999816894531,62800
2026-08-26 12:45:00-03:00,60.41999816894531,60.54999923706055,60.40999984741211,60.439998626708984,31100
2026-08-26 12:50:00-03:00,60.439998626708984,60.810001373291016,60.40999984741211,60.790000915527344,88500
2026-08-26 12:55:00-03:00,60.83000183105469,60.869998931884766,60.779998779296875,60.779998779296875,42100
2026-08-26 13:00:00-03:00,60.779998779296875,60.79999923706055,60.68000030517578,60.709999084472656,95800
2026-08-26 13:05:00-03:00,60.709999084472656,60.90999984741211,60.70000076293945,60.880001068115234,42300
2026-08-26 13:10:00-03:00,60.93000030517578,61.09000015258789,60.88999938964844,61.060001373291016,62500
2026-08-26 13:15:00-03:00,61.060001373291016,61.13999938964844,61.0099983215332,61.08000183105469,43400
2026-08-26 13:20:00-03:00,61.08000183105469,61.220001220703125,61.060001373291016,61.20000076293945,26400
2026-08-26 13:25:00-03:00,61.2400016784668,61.279998779296875,61.22999954223633,61.25,20500
2026-08-26 13:30:00-03:00,61.2599983215332,61.33000183105469,61.130001068115234,61.279998779296875,49000
2026-08-26 13:35:00-03:00,61.29999923706055,61.29999923706055,61.2400016784668,61.25,17400
2026-08-26 13:40:00-03:00,61.25,61.25,61.150001525878906,61.15999984741211,42800
2026-08-26 13:45:00-03:00,61.15999984741211,61.15999984741211,60.810001373291016,60.959999084472656,149000
2026-08-26 13:50:00-03:00,60.959999084472656,61.060001373291016,60.95000076293945,61.029998779296875,32100
2026-08-26 13:55:00-03:00,61.029998779296875,61.04999923706055,60.90999984741211,60.939998626708984,39000
2026-08-26 14:00:00-03:00,60.939998626708984,61.040000915527344,60.939998626708984,61.0,37700
2026-08-26 14:05:00-03:00,61.0099983215332,61.04999923706055,60.95000076293945,61.0099983215332,23100
2026-08-26 14:10:00-03:00,61.02000045776367,61.099998474121094,60.959999084472656,61.09000015258789,23100
2026-08-26 14:15:00-03:00,61.09000015258789,61.16999816894531,61.09000015258789,61.11000061035156,21900
2026-08-26 14:20:00-03:00,61.11000061035156,61.20000076293945,61.08000183105469,61.15999984741211,19100
2026-08-26 14:25:00-03:00,61.16999816894531,61.20000076293945,61.119998931884766,61.150001525878906,15700
2026-08-26 14:30:00-03:00,61.150001525878906,61.18000030517578,61.0,61.08000183105469,28800
2026-08-26 14:35:00-03:00,61.09000015258789,61.15999984741211,61.09000015258789,61.130001068115234,29200
2026-08-26 14:40:00-03:00,61.11000061035156,61.150001525878906,61.060001373291016,61.08000183105469,23300
2026-08-26 14:45:00-03:00,61.09000015258789,61.13999938964844,61.060001373291016,61.11000061035156,21200
2026-08-26 14:50:00-03:00,61.11000061035156,61.11000061035156,61.04999923706055,61.04999923706055,24100
2026-08-26 14:55:00-03:00,61.04999923706055,61.08000183105469,61.0099983215332,61.08000183105469,28300
2026-08-26 15:00:00-03:00,61.060001373291016,61.119998931884766,61.060001373291016,61.08000183105469,24200
2026-08-26 15:05:00-03:00,61.09000015258789,61.119998931884766,60.9900016784668,60.9900016784668,34700
2026-08-26 15:10:00-03:00,60.970001220703125,61.0,60.939998626708984,61.0,20600
2026-08-26 15:15:00-03:00,61.0,61.029998779296875,60.88999938964844,60.93000030517578,28400
2026-08-26 15:20:00-03:00,60.93000030517578,60.9900016784668,60.900001525878906,60.900001525878906,23600
2026-08-26 15:25:00-03:00,60.91999816894531,60.939998626708984,60.849998474121094,60.939998626708984,22400
2026-08-26 15:30:00-03:00,60.939998626708984,60.939998626708984,60.709999084472656,60.7400016784668,32700
2026-08-26 15:35:00-03:00,60.75,60.83000183105469,60.709999084472656,60.810001373291016,20900
2026-08-26 15:40:00-03:00,60.83000183105469,60.90999984741211,60.75,60.75,38700
2026-08-26 15:45:00-03:00,60.7400016784668,60.79999923706055,60.720001220703125,60.72999954223633,29500
2026-08-26 15:50:00-03:00,60.72999954223633,60.72999954223633,60.47999954223633,60.529998779296875,143300
2026-08-26 15:55:00-03:00,60.529998779296875,60.529998779296875,60.45000076293945,60.5,37500
2026-08-26 16:00:00-03:00,60.47999954223633,60.63999938964844,60.47999954223633,60.599998474121094,74800
2026-08-26 16:05:00-03:00,60.59000015258789,60.650001525878906,60.58000183105469,60.59000015258789,78100
2026-08-26 16:10:00-03:00,60.59000015258789,60.650001525878906,60.560001373291016,60.58000183105469,59700
2026-08-26 16:15:00-03:00,60.58000183105469,60.650001525878906,60.540000915527344,60.630001068115234,24300
2026-08-26 16:20:00-03:00,60.630001068115234,60.63999938964844,60.54999923706055,60.58000183105469,25700
2026-08-26 16:25:00-03:00,60.58000183105469,60.619998931884766,60.58000183105469,60.599998474121094,24800
2026-08-26 16:30:00-03:00,60.599998474121094,60.650001525878906,60.58000183105469,60.599998474121094,22100
2026-08-26 16:35:00-03:00,60.630001068115234,60.650001525878906,60.59000015258789,60.650001525878906,36600
2026-08-26 16:40:00-03:00,60.630001068115234,60.70000076293945,60.599998474121094,60.650001525878906,38000
2026-08-26 16:45:00-03:00,60.650001525878906,60.720001220703125,60.650001525878906,60.650001525878906,41900
2026-08-26 16:50:00-03:00,60.66999816894531,60.709999084472656,60.650001525878906,60.70000076293945,32500
2026-08-27 10:05:00-03:00,60.7599983215332,60.81999969482422,60.5099983215332,60.560001373291016,24600
2026-08-27 10:10:00-03:00,60.54999923706055,60.880001068115234,60.540000915527344,60.7400016784668,53100
2026-08-27 10:15:00-03:00,60.75,60.88999938964844,60.75,60.77000045776367,23500
2026-08-27 10:20:00-03:00,60.79999923706055,60.869998931884766,60.72999954223633,60.77000045776367,22200
2026-08-27 10:25:00-03:00,60.7400016784668,60.7599983215332,60.540000915527344,60.560001373291016,38700
2026-08-27 10:30:00-03:00,60.560001373291016,60.58000183105469,60.43000030517578,60.52000045776367,74000
2026-08-27 10:35:00-03:00,60.52000045776367,60.56999969482422,60.34000015258789,60.34000015258789,50600
2026-08-27 10:40:00-03:00,60.31999969482422,60.45000076293945,60.31999969482422,60.38999938964844,26100
2026-08-27 10:45:00-03:00,60.380001068115234,60.45000076293945,60.34000015258789,60.439998626708984,39700
2026-08-27 10:50:00-03:00,60.43000030517578,60.56999969482422,60.36000061035156,60.54999923706055,43800
2026-08-27 10:55:00-03:00,60.54999923706055,60.54999923706055,60.439998626708984,60.45000076293945,10900
2026-08-27 11:00:00-03:00,60.459999084472656,60.470001220703125,60.369998931884766,60.41999816894531,21800
2026-08-27 11:05:00-03:00,60.45000076293945,60.47999954223633,60.36000061035156,60.41999816894531,22100
2026-08-27 11:10:00-03:00,60.41999816894531,60.47999954223633,60.349998474121094,60.41999816894531,20200
2026-08-27 11:15:00-03:00,60.400001525878906,60.5,60.400001525878906,60.470001220703125,21000
2026-08-27 11:20:00-03:00,60.459999084472656,60.599998474121094,60.41999816894531,60.56999969482422,39000
2026-08-27 11:25:00-03:00,60.54999923706055,60.560001373291016,60.25,60.310001373291016,69000
2026-08-27 11:30:00-03:00,60.310001373291016,60.33000183105469,60.220001220703125,60.2599983215332,22200
2026-08-27 11:35:00-03:00,60.2599983215332,60.27000045776367,60.150001525878906,60.189998626708984,47500
2026-08-27 11:40:00-03:00,60.189998626708984,60.380001068115234,60.189998626708984,60.2400016784668,67700
2026-08-27 11:45:00-03:00,60.25,60.380001068115234,60.08000183105469,60.15999984741211,165100
2026-08-27 11:50:00-03:00,60.13999938964844,60.2400016784668,60.11000061035156,60.16999816894531,47400
2026-08-27 11:55:00-03:00,60.16999816894531,60.16999816894531,60.0099983215332,60.0099983215332,65900
2026-08-27 12:00:00-03:00,60.0099983215332,60.150001525878906,59.939998626708984,60.0,109900
2026-08-27 12:05:00-03:00,60.0099983215332,60.13999938964844,59.97999954223633,60.0099983215332,88500
2026-08-27 12:10:00-03:00,60.0099983215332,60.09000015258789,60.0099983215332,60.08000183105469,38700
2026-08-27 12:15:00-03:00,60.09000015258789,60.220001220703125,60.09000015258789,60.18000030517578,37100
2026-08-27 12:20:00-03:00,60.18000030517578,60.47999954223633,60.16999816894531,60.43000030517578,229200
2026-08-27 12:25:00-03:00,60.43000030517578,60.54999923706055,60.38999938964844,60.54999923706055,87600
2026-08-27 12:30:00-03:00,60.52000045776367,61.25,60.5099983215332,61.22999954223633,288900
2026-08-27 12:35:00-03:00,61.22999954223633,61.29999923706055,60.97999954223633,61.220001220703125,160700
2026-08-27 12:40:00-03:00,61.220001220703125,61.310001373291016,61.209999084472656,61.279998779296875,34400
2026-08-27 12:45:00-03:00,61.279998779296875,61.38999938964844,61.20000076293945,61.36000061035156,65000
2026-08-27 12:50:00-03:00,61.36000061035156,61.459999084472656,61.349998474121094,61.349998474121094,114400
2026-08-27 12:55:00-03:00,61.349998474121094,61.43000030517578,61.349998474121094,61.36000061035156,176200
2026-08-27 13:00:00-03:00,61.36000061035156,61.369998931884766,61.20000076293945,61.209999084472656,53100
2026-08-27 13:05:00-03:00,61.209999084472656,61.29999923706055,61.20000076293945,61.290000915527344,31000
2026-08-27 13:10:00-03:00,61.290000915527344,61.380001068115234,61.2599983215332,61.34000015258789,23400
2026-08-27 13:15:00-03:00,61.34000015258789,61.349998474121094,61.25,61.25,59200
2026-08-27 13:20:00-03:00,61.25,61.33000183105469,61.22999954223633,61.290000915527344,213600
2026-08-27 13:25:00-03:00,61.29999923706055,61.29999923706055,60.66999816894531,60.70000076293945,184400
2026-08-27 13:30:00-03:00,60.68000030517578,60.790000915527344,60.650001525878906,60.720001220703125,55000
2026-08-27 13:35:00-03:00,60.689998626708984,60.83000183105469,60.689998626708984,60.83000183105469,50500
2026-08-27 13:40:00-03:00,60.790000915527344,60.81999969482422,60.75,60.790000915527344,21200
2026-08-27 13:45:00-03:00,60.810001373291016,60.90999984741211,60.77000045776367,60.90999984741211,36800
2026-08-27 13:50:00-03:00,60.88999938964844,60.91999816894531,60.86000061035156,60.880001068115234,13500
2026-08-27 13:55:00-03:00,60.900001525878906,60.900001525878906,60.72999954223633,60.72999954223633,23000
2026-08-27 14:00:00-03:00,60.75,60.849998474121094,60.61000061035156,60.68000030517578,104300
2026-08-27 14:05:00-03:00,60.70000076293945,61.04999923706055,60.63999938964844,61.040000915527344,158500
2026-08-27 14:10:00-03:00,61.040000915527344,61.08000183105469,60.959999084472656,61.0,28800
2026-08-27 14:15:00-03:00,60.970001220703125,61.0099983215332,60.95000076293945,60.959999084472656,18400
2026-08-27 14:20:00-03:00,60.95000076293945,60.95000076293945,60.86000061035156,60.900001525878906,26900
2026-08-27 14:25:00-03:00,60.900001525878906,60.959999084472656,60.869998931884766,60.869998931884766,21400
2026-08-27 14:30:00-03:00,60.900001525878906,60.91999816894531,60.7599983215332,60.880001068115234,145900
2026-08-27 14:35:00-03:00,60.90999984741211,60.970001220703125,60.79999923706055,60.939998626708984,136200
2026-08-27 14:40:00-03:00,60.939998626708984,60.9900016784668,60.79999923706055,60.869998931884766,45900
2026-08-27 14:45:00-03:00,60.869998931884766,61.099998474121094,60.869998931884766,60.95000076293945,44200
2026-08-27 14:50:00-03:00,60.97999954223633,61.0099983215332,60.88999938964844,61.0,52700
2026-08-27 14:55:00-03:00,61.0099983215332,61.38999938964844,61.0,61.29999923706055,71000
2026-08-27 15:00:00-03:00,61.29999923706055,61.349998474121094,61.16999816894531,61.279998779296875,36500
2026-08-27 15:05:00-03:00,61.279998779296875,61.43000030517578,61.220001220703125,61.380001068115234,27600
2026-08-27 15:10:00-03:00,61.380001068115234,61.560001373291016,61.369998931884766,61.47999954223633,83200
2026-08-27 15:15:00-03:00,61.47999954223633,61.56999969482422,61.2599983215332,61.45000076293945,102500
2026-08-27 15:20:00-03:00,61.470001220703125,61.59000015258789,61.41999816894531,61.52000045776367,69100
2026-08-27 15:25:00-03:00,61.52000045776367,61.54999923706055,61.470001220703125,61.52000045776367,62700
2026-08-27 15:30:00-03:00,61.52000045776367,61.540000915527344,61.380001068115234,61.380001068115234,56600
2026-08-27 15:35:00-03:00,61.369998931884766,61.47999954223633,61.290000915527344,61.349998474121094,79000
2026-08-27 15:40:00-03:00,61.33000183105469,61.34000015258789,61.2400016784668,61.279998779296875,72500
2026-08-27 15:45:00-03:00,61.279998779296875,61.33000183105469,61.2400016784668,61.310001373291016,77500
2026-08-27 15:50:00-03:00,61.310001373291016,61.33000183105469,61.25,61.25,56700
2026-08-27 15:55:00-03:00,61.25,61.279998779296875,61.06999969482422,61.09000015258789,79200
2026-08-27 16:00:00-03:00,61.060001373291016,61.33000183105469,61.060001373291016,61.279998779296875,83600
2026-08-27 16:05:00-03:00,61.279998779296875,61.279998779296875,61.11000061035156,61.22999954223633,72100
2026-08-27 16:10:00-03:00,61.220001220703125,61.27000045776367,61.189998626708984,61.2400016784668,64100
2026-08-27 16:15:00-03:00,61.2400016784668,61.310001373291016,61.220001220703125,61.310001373291016,64500
2026-08-27 16:20:00-03:00,61.29999923706055,61.349998474121094,61.2400016784668,61.29999923706055,76600
2026-08-27 16:25:00-03:00,61.290000915527344,61.4900016784668,61.22999954223633,61.470001220703125,95300
2026-08-27 16:30:00-03:00,61.459999084472656,61.7400016784668,61.43000030517578,61.470001220703125,209300
2026-08-27 16:35:00-03:00,61.470001220703125,61.5,61.36000061035156,61.380001068115234,97200
2026-08-27 16:40:00-03:00,61.380001068115234,61.38999938964844,61.27000045776367,61.31999969482422,108900
2026-08-27 16:45:00-03:00,61.31999969482422,61.400001525878906,61.279998779296875,61.290000915527344,79900
2026-08-27 16:50:00-03:00,61.310001373291016,61.349998474121094,61.220001220703125,61.349998474121094,76800
2026-08-28 10:00:00-03:00,61.0,61.09000015258789,60.880001068115234,61.0,0
2026-08-28 10:05:00-03:00,61.0099983215332,61.380001068115234,60.970001220703125,61.16999816894531,60200
2026-08-28 10:10:00-03:00,61.18000030517578,61.5,61.11000061035156,61.34000015258789,103600
2026-08-28 10:15:00-03:00,61.36000061035156,61.439998626708984,61.20000076293945,61.20000076293945,39200
2026-08-28 10:20:00-03:00,61.15999984741211,61.15999984741211,60.95000076293945,60.95000076293945,34600
2026-08-28 10:25:00-03:00,60.959999084472656,60.959999084472656,60.810001373291016,60.810001373291016,25200
2026-08-28 10:30:00-03:00,60.810001373291016,60.939998626708984,60.529998779296875,60.68000030517578,77600
2026-08-28 10:35:00-03:00,60.66999816894531,60.68000030517578,60.599998474121094,60.61000061035156,17700
2026-08-28 10:40:00-03:00,60.61000061035156,60.720001220703125,60.54999923706055,60.619998931884766,32600
2026-08-28 10:45:00-03:00,60.619998931884766,60.70000076293945,60.58000183105469,60.58000183105469,16400
2026-08-28 10:50:00-03:00,60.58000183105469,60.599998474121094,60.52000045776367,60.540000915527344,28300
2026-08-28 10:55:00-03:00,60.540000915527344,60.95000076293945,60.5,60.61000061035156,85400
2026-08-28 11:00:00-03:00,60.599998474121094,60.650001525878906,60.470001220703125,60.470001220703125,62400
2026-08-28 11:05:00-03:00,60.470001220703125,60.560001373291016,60.20000076293945,60.310001373291016,193900
2026-08-28 11:10:00-03:00,60.33000183105469,60.459999084472656,60.150001525878906,60.18000030517578,69200
2026-08-28 11:15:00-03:00,60.18000030517578,60.25,60.040000915527344,60.060001373291016,41300
2026-08-28 11:20:00-03:00,60.060001373291016,60.119998931884766,60.0099983215332,60.060001373291016,60900
2026-08-28 11:25:00-03:00,60.08000183105469,60.209999084472656,60.04999923706055,60.20000076293945,23000
2026-08-28 11:30:00-03:00,60.20000076293945,60.45000076293945,60.20000076293945,60.400001525878906,36100
2026-08-28 11:35:00-03:00,60.40999984741211,60.47999954223633,60.33000183105469,60.45000076293945,18800
2026-08-28 11:40:00-03:00,60.45000076293945,60.47999954223633,60.34000015258789,60.47999954223633,18800
2026-08-28 11:45:00-03:00,60.47999954223633,60.5099983215332,60.380001068115234,60.4900016784668,49700
2026-08-28 11:50:00-03:00,60.47999954223633,60.47999954223633,60.189998626708984,60.20000076293945,44100
2026-08-28 11:55:00-03:00,60.209999084472656,60.22999954223633,60.08000183105469,60.119998931884766,64100
2026-08-28 12:00:00-03:00,60.119998931884766,60.27000045776367,60.119998931884766,60.2599983215332,20100
2026-08-28 12:05:00-03:00,60.2599983215332,60.2599983215332,59.779998779296875,59.84000015258789,272500
2026-08-28 12:10:00-03:00,59.84000015258789,59.939998626708984,59.810001373291016,59.939998626708984,73700
2026-08-28 12:15:00-03:00,59.959999084472656,60.15999984741211,59.86000061035156,60.119998931884766,69700
2026-08-28 12:20:00-03:00,60.13999938964844,60.13999938964844,59.97999954223633,60.029998779296875,60300
2026-08-28 12:25:00-03:00,60.040000915527344,60.099998474121094,60.0099983215332,60.04999923706055,36300
2026-08-28 12:30:00-03:00,60.040000915527344,60.08000183105469,60.0,60.02000045776367,24100
2026-08-28 12:35:00-03:00,60.02000045776367,60.119998931884766,60.0099983215332,60.09000015258789,24300
2026-08-28 12:40:00-03:00,60.08000183105469,60.08000183105469,59.939998626708984,59.939998626708984,19500
2026-08-28 12:45:00-03:00,59.939998626708984,59.939998626708984,59.849998474121094,59.90999984741211,37700
2026-08-28 12:50:00-03:00,59.91999816894531,59.97999954223633,59.900001525878906,59.91999816894531,22100
2026-08-28 12:55:00-03:00,59.93000030517578,59.939998626708984,59.88999938964844,59.88999938964844,30200
2026-08-28 13:00:00-03:00,59.900001525878906,59.90999984741211,59.810001373291016,59.810001373291016,28500
2026-08-28 13:05:00-03:00,59.810001373291016,59.83000183105469,59.77000045776367,59.810001373291016,44800
2026-08-28 13:10:00-03:00,59.81999969482422,59.86000061035156,59.779998779296875,59.790000915527344,27700
2026-08-28 13:15:00-03:00,59.790000915527344,59.83000183105469,59.77000045776367,59.79999923706055,26900
2026-08-28 13:20:00-03:00,59.79999923706055,59.810001373291016,59.77000045776367,59.790000915527344,17000
2026-08-28 13:25:00-03:00,59.790000915527344,59.81999969482422,59.77000045776367,59.81999969482422,26700
2026-08-28 13:30:00-03:00,59.81999969482422,59.849998474121094,59.77000045776367,59.779998779296875,14700
2026-08-28 13:35:00-03:00,59.779998779296875,59.84000015258789,59.709999084472656,59.75,55700
2026-08-28 13:40:00-03:00,59.7400016784668,59.849998474121094,59.72999954223633,59.790000915527344,85300
2026-08-28 13:45:00-03:00,59.779998779296875,59.959999084472656,59.779998779296875,59.95000076293945,45800
2026-08-28 13:50:00-03:00,59.95000076293945,60.150001525878906,59.95000076293945,60.08000183105469,99100
2026-08-28 13:55:00-03:00,60.09000015258789,60.20000076293945,60.040000915527344,60.20000076293945,66900
2026-08-28 14:00:00-03:00,60.20000076293945,60.20000076293945,60.06999969482422,60.11000061035156,53500
2026-08-28 14:05:00-03:00,60.11000061035156,60.130001068115234,60.0099983215332,60.02000045776367,91400
2026-08-28 14:10:00-03:00,60.02000045776367,60.02000045776367,59.880001068115234,59.88999938964844,70800
2026-08-28 14:15:00-03:00,59.880001068115234,59.90999984741211,59.810001373291016,59.84000015258789,80200
2026-08-28 14:20:00-03:00,59.849998474121094,59.900001525878906,59.84000015258789,59.849998474121094,51500
2026-08-28 14:25:00-03:00,59.849998474121094,59.900001525878906,59.849998474121094,59.900001525878906,35200
2026-08-28 14:30:00-03:00,59.900001525878906,59.900001525878906,59.79999923706055,59.83000183105469,65700
2026-08-28 14:35:00-03:00,59.83000183105469,59.849998474121094,59.79999923706055,59.79999923706055,30100
2026-08-28 14:40:00-03:00,59.79999923706055,59.86000061035156,59.79999923706055,59.86000061035156,43500
2026-08-28 14:45:00-03:00,59.86000061035156,59.939998626708984,59.86000061035156,59.90999984741211,39200
2026-08-28 14:50:00-03:00,59.900001525878906,59.93000030517578,59.81999969482422,59.81999969482422,93400
2026-08-28 14:55:00-03:00,59.81999969482422,59.869998931884766,59.79999923706055,59.86000061035156,34700
2026-08-28 15:00:00-03:00,59.869998931884766,59.91999816894531,59.83000183105469,59.90999984741211,55200
2026-08-28 15:05:00-03:00,59.90999984741211,60.0,59.900001525878906,59.95000076293945,47900
2026-08-28 15:10:00-03:00,59.95000076293945,60.04999923706055,59.95000076293945,60.04999923706055,70400
2026-08-28 15:15:00-03:00,60.060001373291016,60.099998474121094,60.04999923706055,60.08000183105469,28800
2026-08-28 15:20:00-03:00,60.08000183105469,60.09000015258789,60.0,60.040000915527344,69000
2026-08-28 15:25:00-03:00,60.040000915527344,60.04999923706055,60.0,60.0099983215332,27300
2026-08-28 15:30:00-03:00,60.0099983215332,60.04999923706055,59.9900016784668,60.040000915527344,44600
2026-08-28 15:35:00-03:00,60.029998779296875,60.04999923706055,59.93000030517578,59.939998626708984,49400
2026-08-28 15:40:00-03:00,59.939998626708984,59.939998626708984,59.83000183105469,59.869998931884766,64100
2026-08-28 15:45:00-03:00,59.86000061035156,59.91999816894531,59.84000015258789,59.900001525878906,49900
2026-08-28 15:50:00-03:00,59.900001525878906,60.0,59.900001525878906,59.97999954223633,60900
2026-08-28 15:55:00-03:00,59.97999954223633,59.9900016784668,59.939998626708984,59.970001220703125,43400
2026-08-28 16:00:00-03:00,59.970001220703125,60.11000061035156,59.970001220703125,60.099998474121094,48500
2026-08-28 16:05:00-03:00,60.09000015258789,60.13999938964844,60.09000015258789,60.130001068115234,52400
2026-08-28 16:10:00-03:00,60.13999938964844,60.189998626708984,60.040000915527344,60.04999923706055,78800
2026-08-28 16:15:00-03:00,60.04999923706055,60.11000061035156,60.04999923706055,60.099998474121094,45100
2026-08-28 16:20:00-03:00,60.09000015258789,60.119998931884766,60.06999969482422,60.099998474121094,39900
2026-08-28 16:25:00-03:00,60.11000061035156,60.150001525878906,60.04999923706055,60.06999969482422,45900
2026-08-28 16:30:00-03:00,60.04999923706055,60.20000076293945,60.04999923706055,60.20000076293945,79100
2026-08-28 16:35:00-03:00,60.189998626708984,60.2599983215332,60.15999984741211,60.22999954223633,78400
2026-08-28 16:40:00-03:00,60.2400016784668,60.29999923706055,60.20000076293945,60.279998779296875,64500
2026-08-28 16:45:00-03:00,60.27000045776367,60.33000183105469,60.27000045776367,60.279998779296875,82700
2026-08-28 16:50:00-03:00,60.290000915527344,60.31999969482422,60.220001220703125,60.2599983215332,55700
2026-08-31 10:05:00-03:00,61.79999923706055,62.29999923706055,61.52000045776367,62.25,56800
2026-08-31 10:10:00-03:00,62.22999954223633,62.58000183105469,62.150001525878906,62.20000076293945,163200
2026-08-31 10:15:00-03:00,62.150001525878906,62.33000183105469,62.0,62.15999984741211,110300
2026-08-31 10:20:00-03:00,62.15999984741211,62.25,62.029998779296875,62.209999084472656,105400
2026-08-31 10:25:00-03:00,62.2400016784668,62.310001373291016,62.20000076293945,62.279998779296875,52400
2026-08-31 10:30:00-03:00,62.25,62.58000183105469,62.2400016784668,62.5,198400
2026-08-31 10:35:00-03:00,62.529998779296875,62.93000030517578,62.5,62.810001373291016,240300
2026-08-31 10:40:00-03:00,62.79999923706055,62.88999938964844,62.66999816894531,62.880001068115234,81800
2026-08-31 10:45:00-03:00,62.88999938964844,62.91999816894531,62.470001220703125,62.47999954223633,98600
2026-08-31 10:50:00-03:00,62.47999954223633,62.4900016784668,62.119998931884766,62.22999954223633,156900
2026-08-31 10:55:00-03:00,62.220001220703125,62.43000030517578,62.130001068115234,62.130001068115234,263500
2026-08-31 11:00:00-03:00,62.15999984741211,62.380001068115234,62.130001068115234,62.31999969482422,176400
2026-08-31 11:05:00-03:00,62.31999969482422,62.40999984741211,62.20000076293945,62.290000915527344,138100
2026-08-31 11:10:00-03:00,62.279998779296875,62.310001373291016,62.02000045776367,62.02000045776367,69200
2026-08-31 11:15:00-03:00,62.029998779296875,62.11000061035156,61.93000030517578,61.93000030517578,71300
2026-08-31 11:20:00-03:00,61.95000076293945,62.08000183105469,61.91999816894531,61.95000076293945,46800
2026-08-31 11:25:00-03:00,61.970001220703125,61.9900016784668,61.86000061035156,61.900001525878906,156600
2026-08-31 11:30:00-03:00,61.91999816894531,61.91999816894531,61.65999984741211,61.79999923706055,94100
2026-08-31 11:35:00-03:00,61.779998779296875,61.91999816894531,61.75,61.84000015258789,129100
2026-08-31 11:40:00-03:00,61.83000183105469,61.88999938964844,61.77000045776367,61.849998474121094,38200
2026-08-31 11:45:00-03:00,61.86000061035156,61.970001220703125,61.86000061035156,61.95000076293945,32600
2026-08-31 11:50:00-03:00,61.93000030517578,62.0,61.810001373291016,61.86000061035156,53900
2026-08-31 11:55:00-03:00,61.86000061035156,61.93000030517578,61.68000030517578,61.86000061035156,72600
2026-08-31 12:00:00-03:00,61.900001525878906,61.93000030517578,61.81999969482422,61.849998474121094,35300
2026-08-31 12:05:00-03:00,61.88999938964844,61.95000076293945,61.86000061035156,61.880001068115234,29000
2026-08-31 12:10:00-03:00,61.880001068115234,61.939998626708984,61.779998779296875,61.900001525878906,187800
2026-08-31 12:15:00-03:00,61.93000030517578,61.95000076293945,61.7400016784668,61.849998474121094,83400
2026-08-31 12:20:00-03:00,61.81999969482422,61.86000061035156,61.5,61.52000045776367,214900
2026-08-31 12:25:00-03:00,61.56999969482422,61.84000015258789,61.560001373291016,61.79999923706055,55700
2026-08-31 12:30:00-03:00,61.83000183105469,61.900001525878906,61.779998779296875,61.88999938964844,34800
2026-08-31 12:35:00-03:00,61.93000030517578,61.93000030517578,61.77000045776367,61.81999969482422,31000
2026-08-31 12:40:00-03:00,61.81999969482422,61.959999084472656,61.81999969482422,61.93000030517578,31800
2026-08-31 12:45:00-03:00,61.93000030517578,61.95000076293945,61.849998474121094,61.880001068115234,20900
2026-08-31 12:50:00-03:00,61.88999938964844,62.11000061035156,61.880001068115234,62.04999923706055,57000
2026-08-31 12:55:00-03:00,62.060001373291016,62.09000015258789,61.970001220703125,62.029998779296875,30600
2026-08-31 13:00:00-03:00,62.029998779296875,62.09000015258789,61.900001525878906,61.900001525878906,54400
2026-08-31 13:05:00-03:00,61.91999816894531,61.939998626708984,61.900001525878906,61.91999816894531,17100
2026-08-31 13:10:00-03:00,61.90999984741211,61.939998626708984,61.86000061035156,61.90999984741211,20900
2026-08-31 13:15:00-03:00,61.90999984741211,61.970001220703125,61.90999984741211,61.939998626708984,21200
2026-08-31 13:20:00-03:00,61.939998626708984,61.9900016784668,61.90999984741211,61.90999984741211,15300
2026-08-31 13:25:00-03:00,61.90999984741211,61.93000030517578,61.849998474121094,61.880001068115234,69700
2026-08-31 13:30:00-03:00,61.900001525878906,61.959999084472656,61.849998474121094,61.880001068115234,46000
2026-08-31 13:35:00-03:00,61.880001068115234,61.90999984741211,61.849998474121094,61.86000061035156,33500
2026-08-31 13:40:00-03:00,61.849998474121094,61.970001220703125,61.849998474121094,61.939998626708984,63200
2026-08-31 13:45:00-03:00,61.939998626708984,62.0,61.900001525878906,61.959999084472656,29400
2026-08-31 13:50:00-03:00,61.970001220703125,62.040000915527344,61.95000076293945,61.97999954223633,20900
2026-08-31 13:55:00-03:00,61.959999084472656,61.9900016784668,61.90999984741211,61.95000076293945,29300
2026-08-31 14:00:00-03:00,61.95000076293945,62.02000045776367,61.849998474121094,62.02000045776367,60100
2026-08-31 14:05:00-03:00,62.02000045776367,62.02000045776367,61.86000061035156,61.939998626708984,31700
2026-08-31 14:10:00-03:00,61.939998626708984,61.939998626708984,61.849998474121094,61.880001068115234,47400
2026-08-31 14:15:00-03:00,61.880001068115234,61.939998626708984,61.849998474121094,61.91999816894531,25900
2026-08-31 14:20:00-03:00,61.91999816894531,61.939998626708984,61.849998474121094,61.869998931884766,30300
2026-08-31 14:25:00-03:00,61.869998931884766,61.93000030517578,61.849998474121094,61.849998474121094,20600
2026-08-31 14:30:00-03:00,61.849998474121094,61.90999984741211,61.849998474121094,61.900001525878906,106300
2026-08-31 14:35:00-03:00,61.90999984741211,61.97999954223633,61.900001525878906,61.97999954223633,19700
2026-08-31 14:40:00-03:00,61.97999954223633,62.0,61.93000030517578,61.9900016784668,31500
2026-08-31 14:45:00-03:00,62.0,62.11000061035156,61.97999954223633,62.029998779296875,81900
2026-08-31 14:50:00-03:00,62.029998779296875,62.09000015258789,61.9900016784668,62.02000045776367,42100
2026-08-31 14:55:00-03:00,62.02000045776367,62.119998931884766,61.91999816894531,61.939998626708984,61600
2026-08-31 15:00:00-03:00,61.959999084472656,61.97999954223633,61.91999816894531,61.959999084472656,24500
2026-08-31 15:05:00-03:00,61.959999084472656,62.02000045776367,61.93000030517578,62.02000045776367,67300
2026-08-31 15:10:00-03:00,62.0,62.290000915527344,62.0,62.2400016784668,68700
2026-08-31 15:15:00-03:00,62.25,62.290000915527344,62.220001220703125,62.220001220703125,41500
2026-08-31 15:20:00-03:00,62.220001220703125,62.22999954223633,62.15999984741211,62.16999816894531,37500
2026-08-31 15:25:00-03:00,62.16999816894531,62.2599983215332,62.13999938964844,62.2400016784668,48200
2026-08-31 15:30:00-03:00,62.22999954223633,62.29999923706055,62.08000183105469,62.11000061035156,93100
2026-08-31 15:35:00-03:00,62.099998474121094,62.119998931884766,62.02000045776367,62.09000015258789,61700
2026-08-31 15:40:00-03:00,62.09000015258789,62.16999816894531,62.08000183105469,62.13999938964844,53600
2026-08-31 15:45:00-03:00,62.13999938964844,62.150001525878906,62.04999923706055,62.06999969482422,45600
2026-08-31 15:50:00-03:00,62.06999969482422,62.119998931884766,62.040000915527344,62.09000015258789,46500
2026-08-31 15:55:00-03:00,62.08000183105469,62.11000061035156,62.0099983215332,62.06999969482422,73900
2026-08-31 16:00:00-03:00,62.060001373291016,62.13999938964844,62.04999923706055,62.09000015258789,32400
2026-08-31 16:05:00-03:00,62.09000015258789,62.150001525878906,62.09000015258789,62.130001068115234,38200
2026-08-31 16:10:00-03:00,62.130001068115234,62.150001525878906,62.08000183105469,62.130001068115234,46200
2026-08-31 16:15:00-03:00,62.130001068115234,62.20000076293945,62.130001068115234,62.16999816894531,47700
2026-08-31 16:20:00-03:00,62.16999816894531,62.2599983215332,62.16999816894531,62.2599983215332,48600
2026-08-31 16:25:00-03:00,62.2400016784668,62.290000915527344,62.15999984741211,62.209999084472656,51100
2026-08-31 16:30:00-03:00,62.20000076293945,62.29999923706055,62.20000076293945,62.29999923706055,58000
2026-08-31 16:35:00-03:00,62.2599983215332,62.290000915527344,62.18000030517578,62.22999954223633,64900
2026-08-31 16:40:00-03:00,62.22999954223633,62.25,62.18000030517578,62.2400016784668,106100
2026-08-31 16:45:00-03:00,62.22999954223633,62.400001525878906,62.220001220703125,62.29999923706055,116600
2026-09-01 10:05:00-03:00,63.599998474121094,64.05000305175781,63.58000183105469,63.79999923706055,36200
2026-09-01 10:10:00-03:00,63.7400016784668,63.79999923706055,63.25,63.380001068115234,215300
2026-09-01 10:15:00-03:00,63.36000061035156,63.540000915527344,63.31999969482422,63.439998626708984,88200
2026-09-01 10:20:00-03:00,63.4900016784668,63.5,63.279998779296875,63.38999938964844,71400
2026-09-01 10:25:00-03:00,63.380001068115234,63.40999984741211,63.29999923706055,63.349998474121094,28900
2026-09-01 10:30:00-03:00,63.349998474121094,63.470001220703125,63.220001220703125,63.41999816894531,116600
2026-09-01 10:35:00-03:00,63.43000030517578,63.5,63.310001373291016,63.38999938964844,79200
2026-09-01 10:40:00-03:00,63.40999984741211,63.47999954223633,63.11000061035156,63.11000061035156,83700
2026-09-01 10:45:00-03:00,63.11000061035156,63.209999084472656,62.849998474121094,62.939998626708984,103300
2026-09-01 10:50:00-03:00,62.95000076293945,63.25,62.95000076293945,63.220001220703125,110400
2026-09-01 10:55:00-03:00,63.2400016784668,63.25,63.0,63.150001525878906,68500
2026-09-01 11:00:00-03:00,63.15999984741211,63.310001373291016,63.09000015258789,63.119998931884766,86300
2026-09-01 11:05:00-03:00,63.130001068115234,63.209999084472656,63.040000915527344,63.11000061035156,81900
2026-09-01 11:10:00-03:00,63.119998931884766,63.29999923706055,63.099998474121094,63.189998626708984,87400
2026-09-01 11:15:00-03:00,63.220001220703125,63.29999923706055,63.11000061035156,63.2599983215332,108200
2026-09-01 11:20:00-03:00,63.2599983215332,63.38999938964844,63.22999954223633,63.36000061035156,58400
2026-09-01 11:25:00-03:00,63.369998931884766,63.439998626708984,63.349998474121094,63.38999938964844,64400
2026-09-01 11:30:00-03:00,63.43000030517578,63.45000076293945,63.279998779296875,63.369998931884766,65200
2026-09-01 11:35:00-03:00,63.36000061035156,63.439998626708984,63.310001373291016,63.41999816894531,43400
2026-09-01 11:40:00-03:00,63.41999816894531,63.439998626708984,63.349998474121094,63.40999984741211,30000
2026-09-01 11:45:00-03:00,63.40999984741211,63.59000015258789,63.369998931884766,63.54999923706055,96300
2026-09-01 11:50:00-03:00,63.54999923706055,63.7400016784668,63.54999923706055,63.7400016784668,56800
2026-09-01 11:55:00-03:00,63.7400016784668,63.77000045776367,63.70000076293945,63.7599983215332,35500
2026-09-01 12:00:00-03:00,63.77000045776367,63.77000045776367,63.54999923706055,63.68000030517578,59500
2026-09-01 12:05:00-03:00,63.68000030517578,63.7599983215332,63.619998931884766,63.68000030517578,54700
2026-09-01 12:10:00-03:00,63.68000030517578,63.810001373291016,63.540000915527344,63.779998779296875,117500
2026-09-01 12:15:00-03:00,63.790000915527344,63.84000015258789,63.75,63.84000015258789,25500
2026-09-01 12:20:00-03:00,63.83000183105469,63.84000015258789,63.790000915527344,63.810001373291016,11700
2026-09-01 12:25:00-03:00,63.79999923706055,63.810001373291016,63.630001068115234,63.63999938964844,38200
2026-09-01 12:30:00-03:00,63.650001525878906,63.77000045776367,63.650001525878906,63.7400016784668,43200
2026-09-01 12:35:00-03:00,63.7400016784668,63.7400016784668,63.650001525878906,63.650001525878906,19300
2026-09-01 12:40:00-03:00,63.650001525878906,63.720001220703125,63.630001068115234,63.709999084472656,19600
2026-09-01 12:45:00-03:00,63.709999084472656,63.720001220703125,63.65999984741211,63.68000030517578,29800
2026-09-01 12:50:00-03:00,63.68000030517578,63.709999084472656,63.63999938964844,63.63999938964844,19800
2026-09-01 12:55:00-03:00,63.650001525878906,63.65999984741211,63.619998931884766,63.619998931884766,19200
2026-09-01 13:00:00-03:00,63.619998931884766,63.68000030517578,63.45000076293945,63.470001220703125,288800
2026-09-01 13:05:00-03:00,63.470001220703125,63.59000015258789,63.470001220703125,63.529998779296875,31400
2026-09-01 13:10:00-03:00,63.529998779296875,63.70000076293945,63.5099983215332,63.68000030517578,35500
2026-09-01 13:15:00-03:00,63.689998626708984,63.70000076293945,63.61000061035156,63.65999984741211,30700
2026-09-01 13:20:00-03:00,63.65999984741211,64.08000183105469,63.63999938964844,64.02999877929688,162100
2026-09-01 13:25:00-03:00,64.04000091552734,64.18000030517578,64.02999877929688,64.0999984741211,90700
2026-09-01 13:30:00-03:00,64.08999633789062,64.16000366210938,64.04000091552734,64.16000366210938,59500
2026-09-01 13:35:00-03:00,64.16000366210938,64.16999816894531,64.01000213623047,64.06999969482422,72500
2026-09-01 13:40:00-03:00,64.06999969482422,64.08000183105469,63.9900016784668,64.04000091552734,27600
2026-09-01 13:45:00-03:00,64.05000305175781,64.12000274658203,63.93000030517578,63.95000076293945,98400
2026-09-01 13:50:00-03:00,63.95000076293945,63.959999084472656,63.900001525878906,63.90999984741211,18100
2026-09-01 13:55:00-03:00,63.90999984741211,63.90999984741211,63.619998931884766,63.689998626708984,68200
2026-09-01 14:00:00-03:00,63.70000076293945,63.810001373291016,63.56999969482422,63.650001525878906,128600
2026-09-01 14:05:00-03:00,63.650001525878906,63.689998626708984,63.59000015258789,63.61000061035156,61000
2026-09-01 14:10:00-03:00,63.599998474121094,63.79999923706055,63.540000915527344,63.79999923706055,109800
2026-09-01 14:15:00-03:00,63.79999923706055,63.81999969482422,63.72999954223633,63.72999954223633,26100
2026-09-01 14:20:00-03:00,63.7400016784668,63.7400016784668,63.619998931884766,63.650001525878906,42600
2026-09-01 14:25:00-03:00,63.68000030517578,63.849998474121094,63.619998931884766,63.779998779296875,120400
2026-09-01 14:30:00-03:00,63.790000915527344,63.79999923706055,63.709999084472656,63.790000915527344,46300
2026-09-01 14:35:00-03:00,63.79999923706055,63.880001068115234,63.75,63.810001373291016,149600
2026-09-01 14:40:00-03:00,63.83000183105469,63.869998931884766,63.7599983215332,63.790000915527344,102700
2026-09-01 14:45:00-03:00,63.79999923706055,63.81999969482422,63.779998779296875,63.79999923706055,32600
2026-09-01 14:50:00-03:00,63.810001373291016,63.81999969482422,63.7599983215332,63.79999923706055,133900
2026-09-01 14:55:00-03:00,63.79999923706055,63.810001373291016,63.77000045776367,63.79999923706055,61300
2026-09-01 15:00:00-03:00,63.810001373291016,63.84000015258789,63.779998779296875,63.79999923706055,60700
2026-09-01 15:05:00-03:00,63.79999923706055,63.84000015258789,63.65999984741211,63.689998626708984,93700
2026-09-01 15:10:00-03:00,63.66999816894531,63.720001220703125,63.650001525878906,63.68000030517578,33800
2026-09-01 15:15:00-03:00,63.66999816894531,63.95000076293945,63.66999816894531,63.84000015258789,91200
2026-09-01 15:20:00-03:00,63.849998474121094,63.880001068115234,63.79999923706055,63.79999923706055,58900
2026-09-01 15:25:00-03:00,63.810001373291016,63.869998931884766,63.79999923706055,63.81999969482422,53500
2026-09-01 15:30:00-03:00,63.81999969482422,63.900001525878906,63.79999923706055,63.86000061035156,83200
2026-09-01 15:35:00-03:00,63.86000061035156,64.02999877929688,63.84000015258789,63.95000076293945,115200
2026-09-01 15:40:00-03:00,63.95000076293945,63.959999084472656,63.900001525878906,63.939998626708984,57400
2026-09-01 15:45:00-03:00,63.95000076293945,64.08000183105469,63.88999938964844,64.05999755859375,85400
2026-09-01 15:50:00-03:00,64.06999969482422,64.06999969482422,64.0199966430664,64.04000091552734,80200
2026-09-01 15:55:00-03:00,64.05000305175781,64.08999633789062,64.04000091552734,64.08999633789062,45300
2026-09-01 16:00:00-03:00,64.08999633789062,64.16999816894531,64.08999633789062,64.11000061035156,83600
2026-09-01 16:05:00-03:00,64.12000274658203,64.13999938964844,64.04000091552734,64.08999633789062,60400
2026-09-01 16:10:00-03:00,64.08000183105469,64.12999725341797,64.08000183105469,64.08000183105469,38100
2026-09-01 16:15:00-03:00,64.08000183105469,64.11000061035156,63.880001068115234,64.02999877929688,298700
2026-09-01 16:20:00-03:00,64.02999877929688,64.05999755859375,63.959999084472656,64.02999877929688,146500
2026-09-01 16:25:00-03:00,64.04000091552734,64.29000091552734,64.02999877929688,64.29000091552734,136200
2026-09-01 16:30:00-03:00,64.27999877929688,64.29000091552734,63.91999816894531,63.970001220703125,180900
2026-09-01 16:35:00-03:00,63.939998626708984,64.0199966430664,63.79999923706055,63.869998931884766,300100
2026-09-01 16:40:00-03:00,63.880001068115234,64.0,63.869998931884766,63.900001525878906,206100
2026-09-01 16:45:00-03:00,63.90999984741211,64.0,63.900001525878906,64.0,158400
2026-09-01 16:50:00-03:00,64.0,64.1500015258789,63.9900016784668,64.08999633789062,152900
2026-09-02 10:05:00-03:00,63.279998779296875,63.720001220703125,63.130001068115234,63.529998779296875,18600
2026-09-02 10:10:00-03:00,63.52000045776367,63.790000915527344,63.470001220703125,63.619998931884766,94500
2026-09-02 10:15:00-03:00,63.66999816894531,63.83000183105469,63.47999954223633,63.58000183105469,88300
2026-09-02 10:20:00-03:00,63.56999969482422,63.7599983215332,63.56999969482422,63.66999816894531,42700
2026-09-02 10:25:00-03:00,63.68000030517578,63.7400016784668,63.369998931884766,63.369998931884766,117300
2026-09-02 10:30:00-03:00,63.40999984741211,63.9900016784668,63.380001068115234,63.959999084472656,149000
2026-09-02 10:35:00-03:00,63.959999084472656,64.22000122070312,63.900001525878906,64.08999633789062,195400
2026-09-02 10:40:00-03:00,64.08999633789062,64.1500015258789,63.970001220703125,63.9900016784668,161600
2026-09-02 10:45:00-03:00,64.0,64.11000061035156,63.849998474121094,63.91999816894531,206000
2026-09-02 10:50:00-03:00,63.93000030517578,64.12000274658203,63.90999984741211,63.90999984741211,99900
2026-09-02 10:55:00-03:00,63.939998626708984,64.0,63.83000183105469,63.86000061035156,80100
2026-09-02 11:00:00-03:00,63.86000061035156,63.900001525878906,63.709999084472656,63.7400016784668,106600
2026-09-02 11:05:00-03:00,63.7400016784668,63.95000076293945,63.58000183105469,63.900001525878906,107800
2026-09-02 11:10:00-03:00,63.939998626708984,64.05000305175781,63.880001068115234,64.05000305175781,85000
2026-09-02 11:15:00-03:00,64.04000091552734,64.1500015258789,63.90999984741211,64.0,98200
2026-09-02 11:20:00-03:00,64.0,64.19999694824219,63.81999969482422,64.16000366210938,145100
2026-09-02 11:25:00-03:00,64.16999816894531,64.33000183105469,64.12999725341797,64.12999725341797,129100
2026-09-02 11:30:00-03:00,64.13999938964844,64.23999786376953,63.869998931884766,63.93000030517578,158700
2026-09-02 11:35:00-03:00,63.93000030517578,64.16999816894531,63.849998474121094,64.0999984741211,104100
2026-09-02 11:40:00-03:00,64.12999725341797,64.37000274658203,64.05000305175781,64.36000061035156,151000
2026-09-02 11:45:00-03:00,64.37000274658203,64.58000183105469,64.30999755859375,64.31999969482422,181800
2026-09-02 11:50:00-03:00,64.30999755859375,64.55999755859375,64.23999786376953,64.52999877929688,47100
2026-09-02 11:55:00-03:00,64.5199966430664,64.52999877929688,64.4000015258789,64.44000244140625,60500
2026-09-02 12:00:00-03:00,64.44999694824219,64.91999816894531,64.44999694824219,64.81999969482422,110900
2026-09-02 12:05:00-03:00,64.80999755859375,64.95999908447266,64.80999755859375,64.91000366210938,130200
2026-09-02 12:10:00-03:00,64.91000366210938,64.97000122070312,64.80000305175781,64.94000244140625,148200
2026-09-02 12:15:00-03:00,64.94000244140625,64.95999908447266,64.80000305175781,64.83000183105469,69700
2026-09-02 12:20:00-03:00,64.83999633789062,64.91000366210938,64.77999877929688,64.87999725341797,29000
2026-09-02 12:25:00-03:00,64.87000274658203,64.9800033569336,64.83000183105469,64.93000030517578,50500
2026-09-02 12:30:00-03:00,64.91999816894531,64.9800033569336,64.91000366210938,64.97000122070312,27500
2026-09-02 12:35:00-03:00,64.9800033569336,65.12000274658203,64.94000244140625,65.12000274658203,121800
2026-09-02 12:40:00-03:00,65.12000274658203,65.1500015258789,65.01000213623047,65.0999984741211,86600
2026-09-02 12:45:00-03:00,65.08000183105469,65.23999786376953,65.08000183105469,65.22000122070312,50200
2026-09-02 12:50:00-03:00,65.22000122070312,65.22000122070312,65.0199966430664,65.05000305175781,195200
2026-09-02 12:55:00-03:00,65.06999969482422,65.18000030517578,65.05000305175781,65.12999725341797,31900
2026-09-02 13:00:00-03:00,65.13999938964844,65.13999938964844,64.7300033569336,64.76000213623047,93300
2026-09-02 13:05:00-03:00,64.76000213623047,64.83000183105469,64.70999908447266,64.80999755859375,26800
2026-09-02 13:10:00-03:00,64.80999755859375,64.81999969482422,64.66000366210938,64.69999694824219,57900
2026-09-02 13:15:00-03:00,64.68000030517578,64.68000030517578,64.3499984741211,64.41999816894531,82100
2026-09-02 13:20:00-03:00,64.41999816894531,64.45999908447266,64.2699966430664,64.29000091552734,78700
2026-09-02 13:25:00-03:00,64.27999877929688,64.36000061035156,64.2300033569336,64.23999786376953,73800
2026-09-02 13:30:00-03:00,64.2300033569336,64.58999633789062,64.05000305175781,64.19999694824219,343500
2026-09-02 13:35:00-03:00,64.19999694824219,64.20999908447266,64.1500015258789,64.16000366210938,85200
2026-09-02 13:40:00-03:00,64.16000366210938,64.2699966430664,64.1500015258789,64.16999816894531,62400
2026-09-02 13:45:00-03:00,64.16999816894531,64.19999694824219,64.05000305175781,64.06999969482422,124000
2026-09-02 13:50:00-03:00,64.06999969482422,64.12999725341797,64.05999755859375,64.06999969482422,57100
2026-09-02 13:55:00-03:00,64.06999969482422,64.16000366210938,64.06999969482422,64.11000061035156,37900
2026-09-02 14:00:00-03:00,64.0999984741211,64.16000366210938,64.05000305175781,64.0999984741211,44900
2026-09-02 14:05:00-03:00,64.08999633789062,64.11000061035156,64.0,64.0999984741211,49200
2026-09-02 14:10:00-03:00,64.08999633789062,64.12999725341797,64.0,64.0,53300
2026-09-02 14:15:00-03:00,64.01000213623047,64.1500015258789,64.0,64.12000274658203,79100
2026-09-02 14:20:00-03:00,64.0999984741211,64.16999816894531,64.06999969482422,64.1500015258789,54200
2026-09-02 14:25:00-03:00,64.1500015258789,64.19999694824219,64.0199966430664,64.05999755859375,76300
2026-09-02 14:30:00-03:00,64.05999755859375,64.12000274658203,64.04000091552734,64.08999633789062,32300
2026-09-02 14:35:00-03:00,64.08000183105469,64.16000366210938,64.08000183105469,64.12999725341797,29500
2026-09-02 14:40:00-03:00,64.12999725341797,64.1500015258789,64.06999969482422,64.12999725341797,36100
2026-09-02 14:45:00-03:00,64.13999938964844,64.13999938964844,64.05000305175781,64.05000305175781,29000
2026-09-02 14:50:00-03:00,64.05000305175781,64.12000274658203,64.0,64.12000274658203,45700
2026-09-02 14:55:00-03:00,64.12000274658203,64.18000030517578,64.08000183105469,64.11000061035156,47300
2026-09-02 15:00:00-03:00,64.12000274658203,64.19000244140625,64.05000305175781,64.12000274658203,45600
2026-09-02 15:05:00-03:00,64.12000274658203,64.16000366210938,64.04000091552734,64.04000091552734,34800
2026-09-02 15:10:00-03:00,64.04000091552734,64.13999938964844,64.02999877929688,64.04000091552734,53900
2026-09-02 15:15:00-03:00,64.04000091552734,64.18000030517578,64.0,64.0,94000
2026-09-02 15:20:00-03:00,64.0,64.1500015258789,63.970001220703125,64.06999969482422,44500
2026-09-02 15:25:00-03:00,64.08000183105469,64.12999725341797,64.05999755859375,64.08000183105469,39900
2026-09-02 15:30:00-03:00,64.08999633789062,64.19000244140625,64.08999633789062,64.13999938964844,56600
2026-09-02 15:35:00-03:00,64.13999938964844,64.16000366210938,64.08999633789062,64.12999725341797,33600
2026-09-02 15:40:00-03:00,64.13999938964844,64.18000030517578,64.06999969482422,64.06999969482422,56400
2026-09-02 15:45:00-03:00,64.05999755859375,64.23999786376953,64.05999755859375,64.20999908447266,77000
2026-09-02 15:50:00-03:00,64.20999908447266,64.30000305175781,64.20999908447266,64.2699966430664,45500
2026-09-02 15:55:00-03:00,64.25,64.36000061035156,64.25,64.30000305175781,71400
2026-09-02 16:00:00-03:00,64.29000091552734,64.38999938964844,64.27999877929688,64.33999633789062,53900
2026-09-02 16:05:00-03:00,64.33999633789062,64.4000015258789,64.31999969482422,64.3499984741211,40300
2026-09-02 16:10:00-03:00,64.3499984741211,64.41999816894531,64.30999755859375,64.37000274658203,55800
2026-09-02 16:15:00-03:00,64.36000061035156,64.4000015258789,64.33000183105469,64.37999725341797,46300
2026-09-02 16:20:00-03:00,64.4000015258789,64.41000366210938,64.26000213623047,64.30999755859375,71100
2026-09-02 16:25:00-03:00,64.30000305175781,64.41000366210938,64.2699966430664,64.41000366210938,67500
2026-09-02 16:30:00-03:00,64.41000366210938,64.48999786376953,64.37000274658203,64.47000122070312,71700
2026-09-02 16:35:00-03:00,64.47000122070312,64.5,64.38999938964844,64.44000244140625,92200
2026-09-02 16:40:00-03:00,64.44000244140625,64.48999786376953,64.38999938964844,64.4000015258789,59000
2026-09-02 16:45:00-03:00,64.4000015258789,64.43000030517578,64.30000305175781,64.30000305175781,75900
2026-09-02 16:50:00-03:00,64.30999755859375,64.37000274658203,64.22000122070312,64.25,198700
2026-09-03 10:05:00-03:00,64.75,64.79000091552734,64.37999725341797,64.52999877929688,0
2026-09-03 10:10:00-03:00,64.52999877929688,64.5999984741211,63.90999984741211,64.33000183105469,178300
2026-09-03 10:15:00-03:00,64.33000183105469,64.37999725341797,63.91999816894531,63.9900016784668,206000
2026-09-03 10:20:00-03:00,64.05000305175781,64.29000091552734,64.0199966430664,64.29000091552734,115300
2026-09-03 10:25:00-03:00,64.27999877929688,64.33999633789062,64.08000183105469,64.12000274658203,102800
2026-09-03 10:30:00-03:00,64.12999725341797,64.4000015258789,64.08000183105469,64.23999786376953,113700
2026-09-03 10:35:00-03:00,64.25,64.37999725341797,63.97999954223633,64.02999877929688,172900
2026-09-03 10:40:00-03:00,64.04000091552734,64.12000274658203,63.810001373291016,63.83000183105469,174500
2026-09-03 10:45:00-03:00,63.83000183105469,64.30000305175781,63.75,64.23999786376953,194000
2026-09-03 10:50:00-03:00,64.22000122070312,64.22000122070312,63.97999954223633,64.0199966430664,108800
2026-09-03 10:55:00-03:00,64.06999969482422,64.08000183105469,63.86000061035156,63.900001525878906,311100
2026-09-03 11:00:00-03:00,63.880001068115234,64.02999877929688,63.81999969482422,64.0,266000
2026-09-03 11:05:00-03:00,64.0,64.02999877929688,63.79999923706055,63.91999816894531,82300
2026-09-03 11:10:00-03:00,63.900001525878906,63.939998626708984,63.459999084472656,63.5,177600
2026-09-03 11:15:00-03:00,63.540000915527344,63.72999954223633,63.5,63.720001220703125,155400
2026-09-03 11:20:00-03:00,63.720001220703125,63.790000915527344,63.70000076293945,63.77000045776367,108100
2026-09-03 11:25:00-03:00,63.779998779296875,63.810001373291016,63.689998626708984,63.709999084472656,103100
2026-09-03 11:30:00-03:00,63.72999954223633,63.75,63.66999816894531,63.720001220703125,61200
2026-09-03 11:35:00-03:00,63.72999954223633,63.7599983215332,63.61000061035156,63.72999954223633,168400
2026-09-03 11:40:00-03:00,63.720001220703125,63.75,63.54999923706055,63.54999923706055,133500
2026-09-03 11:45:00-03:00,63.58000183105469,63.599998474121094,63.11000061035156,63.16999816894531,244000
2026-09-03 11:50:00-03:00,63.189998626708984,63.25,63.04999923706055,63.06999969482422,108400
2026-09-03 11:55:00-03:00,63.06999969482422,63.099998474121094,62.70000076293945,62.790000915527344,316900
2026-09-03 12:00:00-03:00,62.79999923706055,63.029998779296875,62.70000076293945,62.95000076293945,161900
2026-09-03 12:05:00-03:00,62.959999084472656,63.25,62.939998626708984,63.130001068115234,201000
2026-09-03 12:10:00-03:00,63.130001068115234,63.220001220703125,63.099998474121094,63.15999984741211,109200
2026-09-03 12:15:00-03:00,63.16999816894531,63.16999816894531,62.75,62.86000061035156,206400
2026-09-03 12:20:00-03:00,62.86000061035156,62.970001220703125,62.7599983215332,62.77000045776367,113100
2026-09-03 12:25:00-03:00,62.77000045776367,62.79999923706055,62.650001525878906,62.77000045776367,125300
2026-09-03 12:30:00-03:00,62.75,62.900001525878906,62.63999938964844,62.880001068115234,149000
2026-09-03 12:35:00-03:00,62.880001068115234,62.93000030517578,62.7599983215332,62.790000915527344,65800
2026-09-03 12:40:00-03:00,62.790000915527344,62.810001373291016,62.650001525878906,62.689998626708984,50700
2026-09-03 12:45:00-03:00,62.709999084472656,63.0,62.689998626708984,62.9900016784668,73100
2026-09-03 12:50:00-03:00,62.97999954223633,63.02000045776367,62.77000045776367,62.779998779296875,62100
2026-09-03 12:55:00-03:00,62.779998779296875,62.779998779296875,62.61000061035156,62.619998931884766,81600
2026-09-03 13:00:00-03:00,62.619998931884766,62.65999984741211,62.439998626708984,62.54999923706055,118300
2026-09-03 13:05:00-03:00,62.540000915527344,62.68000030517578,62.47999954223633,62.650001525878906,58300
2026-09-03 13:10:00-03:00,62.650001525878906,62.66999816894531,62.47999954223633,62.529998779296875,81100
2026-09-03 13:15:00-03:00,62.529998779296875,62.54999923706055,62.209999084472656,62.349998474121094,143000
2026-09-03 13:20:00-03:00,62.349998474121094,62.380001068115234,62.25,62.349998474121094,83300
2026-09-03 13:25:00-03:00,62.36000061035156,62.54999923706055,62.290000915527344,62.439998626708984,179800
2026-09-03 13:30:00-03:00,62.459999084472656,62.470001220703125,62.099998474121094,62.29999923706055,191600
2026-09-03 13:35:00-03:00,62.29999923706055,62.38999938964844,62.279998779296875,62.369998931884766,70100
2026-09-03 13:40:00-03:00,62.369998931884766,62.380001068115234,62.11000061035156,62.130001068115234,62400
2026-09-03 13:45:00-03:00,62.130001068115234,62.27000045776367,62.119998931884766,62.2400016784668,80200
2026-09-03 13:50:00-03:00,62.2400016784668,62.349998474121094,62.15999984741211,62.290000915527344,113700
2026-09-03 13:55:00-03:00,62.290000915527344,62.33000183105469,62.16999816894531,62.279998779296875,79500
2026-09-03 14:00:00-03:00,62.2599983215332,62.310001373291016,62.11000061035156,62.18000030517578,77300
2026-09-03 14:05:00-03:00,62.189998626708984,62.310001373291016,62.060001373291016,62.060001373291016,118200
2026-09-03 14:10:00-03:00,62.06999969482422,62.09000015258789,61.95000076293945,62.0,126900
2026-09-03 14:15:00-03:00,62.0,62.189998626708984,62.0,62.099998474121094,112000
2026-09-03 14:20:00-03:00,62.130001068115234,62.220001220703125,62.08000183105469,62.119998931884766,432900
2026-09-03 14:25:00-03:00,62.130001068115234,62.13999938964844,62.0,62.0,117700
2026-09-03 14:30:00-03:00,62.02000045776367,62.029998779296875,61.869998931884766,61.970001220703125,137800
2026-09-03 14:35:00-03:00,61.970001220703125,61.9900016784668,61.91999816894531,61.970001220703125,55900
2026-09-03 14:40:00-03:00,61.959999084472656,61.959999084472656,61.86000061035156,61.900001525878906,63100
2026-09-03 14:45:00-03:00,61.88999938964844,61.91999816894531,61.880001068115234,61.90999984741211,33200
2026-09-03 14:50:00-03:00,61.869998931884766,61.880001068115234,61.79999923706055,61.810001373291016,63800
2026-09-03 14:55:00-03:00,61.81999969482422,61.869998931884766,61.810001373291016,61.810001373291016,72200
2026-09-03 15:00:00-03:00,61.81999969482422,61.970001220703125,61.599998474121094,61.939998626708984,451200
2026-09-03 15:05:00-03:00,61.939998626708984,62.06999969482422,61.90999984741211,61.91999816894531,192700
2026-09-03 15:10:00-03:00,61.91999816894531,61.959999084472656,61.86000061035156,61.90999984741211,71600
2026-09-03 15:15:00-03:00,61.90999984741211,61.95000076293945,61.86000061035156,61.91999816894531,44400
2026-09-03 15:20:00-03:00,61.91999816894531,61.939998626708984,61.900001525878906,61.90999984741211,76000
2026-09-03 15:25:00-03:00,61.91999816894531,61.959999084472656,61.880001068115234,61.900001525878906,59000
2026-09-03 15:30:00-03:00,61.900001525878906,62.040000915527344,61.880001068115234,61.939998626708984,1470600
2026-09-03 15:35:00-03:00,61.939998626708984,61.97999954223633,61.91999816894531,61.95000076293945,48200
2026-09-03 15:40:00-03:00,61.95000076293945,62.0,61.95000076293945,61.9900016784668,47000
2026-09-03 15:45:00-03:00,61.9900016784668,62.06999969482422,61.970001220703125,62.06999969482422,84100
2026-09-03 15:50:00-03:00,62.08000183105469,62.119998931884766,62.08000183105469,62.11000061035156,67100
2026-09-03 15:55:00-03:00,62.119998931884766,62.130001068115234,61.9900016784668,62.060001373291016,124700
2026-09-03 16:00:00-03:00,62.06999969482422,62.099998474121094,61.900001525878906,61.939998626708984,241900
2026-09-03 16:05:00-03:00,61.939998626708984,61.95000076293945,61.7400016784668,61.79999923706055,109200
2026-09-03 16:10:00-03:00,61.810001373291016,61.810001373291016,61.7400016784668,61.779998779296875,65200
2026-09-03 16:15:00-03:00,61.790000915527344,61.790000915527344,61.75,61.779998779296875,65400
2026-09-03 16:20:00-03:00,61.790000915527344,61.83000183105469,61.77000045776367,61.779998779296875,62000
2026-09-03 16:25:00-03:00,61.779998779296875,61.79999923706055,61.7400016784668,61.77000045776367,89800
2026-09-03 16:30:00-03:00,61.779998779296875,61.849998474121094,61.77000045776367,61.779998779296875,125300
2026-09-03 16:35:00-03:00,61.779998779296875,61.779998779296875,61.54999923706055,61.58000183105469,230000
2026-09-03 16:40:00-03:00,61.58000183105469,61.63999938964844,61.47999954223633,61.58000183105469,184000
2026-09-03 16:45:00-03:00,61.59000015258789,61.66999816894531,61.47999954223633,61.52000045776367,186600
2026-09-03 16:50:00-03:00,61.52000045776367,61.59000015258789,61.439998626708984,61.5,120600
2026-09-04 10:00:00-03:00,61.150001525878906,61.189998626708984,60.79999923706055,60.900001525878906,0
2026-09-04 10:05:00-03:00,60.91999816894531,61.27000045776367,60.90999984741211,61.09000015258789,63700
2026-09-04 10:10:00-03:00,61.08000183105469,61.130001068115234,60.68000030517578,60.72999954223633,71000
2026-09-04 10:15:00-03:00,60.77000045776367,60.790000915527344,60.11000061035156,60.2599983215332,245200
2026-09-04 10:20:00-03:00,60.2599983215332,60.459999084472656,60.2599983215332,60.36000061035156,54300
2026-09-04 10:25:00-03:00,60.400001525878906,60.43000030517578,59.810001373291016,60.029998779296875,222800
2026-09-04 10:30:00-03:00,60.08000183105469,60.220001220703125,59.97999954223633,60.189998626708984,195000
2026-09-04 10:35:00-03:00,60.20000076293945,60.209999084472656,60.0099983215332,60.099998474121094,79400
2026-09-04 10:40:00-03:00,60.060001373291016,60.209999084472656,59.959999084472656,60.189998626708984,106400
2026-09-04 10:45:00-03:00,60.209999084472656,60.25,59.83000183105469,59.93000030517578,139500
2026-09-04 10:50:00-03:00,59.93000030517578,59.939998626708984,59.689998626708984,59.709999084472656,200800
2026-09-04 10:55:00-03:00,59.709999084472656,59.77000045776367,59.5,59.529998779296875,171300
2026-09-04 11:00:00-03:00,59.540000915527344,59.7599983215332,59.540000915527344,59.68000030517578,71600
2026-09-04 11:05:00-03:00,59.709999084472656,59.97999954223633,59.630001068115234,59.91999816894531,157400
2026-09-04 11:10:00-03:00,59.939998626708984,60.15999984741211,59.91999816894531,60.15999984741211,611600
2026-09-04 11:15:00-03:00,60.150001525878906,60.36000061035156,60.099998474121094,60.220001220703125,345300
2026-09-04 11:20:00-03:00,60.25,60.380001068115234,60.209999084472656,60.36000061035156,115600
2026-09-04 11:25:00-03:00,60.36000061035156,60.439998626708984,60.25,60.290000915527344,130000
2026-09-04 11:30:00-03:00,60.29999923706055,60.400001525878906,60.27000045776367,60.36000061035156,73900
2026-09-04 11:35:00-03:00,60.369998931884766,60.54999923706055,60.369998931884766,60.5099983215332,123600
2026-09-04 11:40:00-03:00,60.5099983215332,60.59000015258789,60.380001068115234,60.439998626708984,71100
2026-09-04 11:45:00-03:00,60.439998626708984,60.56999969482422,60.41999816894531,60.5099983215332,37900
2026-09-04 11:50:00-03:00,60.52000045776367,60.54999923706055,60.4900016784668,60.540000915527344,45500
2026-09-04 11:55:00-03:00,60.540000915527344,60.61000061035156,60.529998779296875,60.58000183105469,36100
2026-09-04 12:00:00-03:00,60.58000183105469,60.619998931884766,60.45000076293945,60.459999084472656,44300
2026-09-04 12:05:00-03:00,60.47999954223633,60.56999969482422,60.45000076293945,60.560001373291016,35400
2026-09-04 12:10:00-03:00,60.56999969482422,60.599998474121094,60.5,60.54999923706055,57900
2026-09-04 12:15:00-03:00,60.54999923706055,60.599998474121094,60.529998779296875,60.540000915527344,26100
2026-09-04 12:20:00-03:00,60.54999923706055,60.599998474121094,60.439998626708984,60.5,96400
2026-09-04 12:25:00-03:00,60.5,60.5,60.31999969482422,60.36000061035156,91700
2026-09-04 12:30:00-03:00,60.36000061035156,60.40999984741211,60.2599983215332,60.310001373291016,95400
2026-09-04 12:35:00-03:00,60.31999969482422,60.31999969482422,60.13999938964844,60.2599983215332,69900
2026-09-04 12:40:00-03:00,60.2599983215332,60.29999923706055,60.20000076293945,60.2400016784668,37100
2026-09-04 12:45:00-03:00,60.2599983215332,60.349998474121094,60.20000076293945,60.33000183105469,39300
2026-09-04 12:50:00-03:00,60.33000183105469,60.40999984741211,60.310001373291016,60.38999938964844,30200
2026-09-04 12:55:00-03:00,60.400001525878906,60.4900016784668,60.36000061035156,60.41999816894531,105000
2026-09-04 13:00:00-03:00,60.41999816894531,60.470001220703125,60.380001068115234,60.439998626708984,44800
2026-09-04 13:05:00-03:00,60.470001220703125,60.470001220703125,60.22999954223633,60.349998474121094,88100
2026-09-04 13:10:00-03:00,60.369998931884766,60.369998931884766,60.2599983215332,60.290000915527344,49500
2026-09-04 13:15:00-03:00,60.29999923706055,60.58000183105469,60.290000915527344,60.41999816894531,443200
2026-09-04 13:20:00-03:00,60.41999816894531,60.4900016784668,60.369998931884766,60.41999816894531,80300
2026-09-04 13:25:00-03:00,60.439998626708984,60.45000076293945,60.31999969482422,60.38999938964844,51500
2026-09-04 13:30:00-03:00,60.40999984741211,60.459999084472656,60.369998931884766,60.38999938964844,45700
2026-09-04 13:35:00-03:00,60.38999938964844,60.45000076293945,60.36000061035156,60.400001525878906,43400
2026-09-04 13:40:00-03:00,60.40999984741211,60.40999984741211,60.34000015258789,60.400001525878906,37100
2026-09-04 13:45:00-03:00,60.400001525878906,60.470001220703125,60.369998931884766,60.45000076293945,27800
2026-09-04 13:50:00-03:00,60.45000076293945,60.4900016784668,60.38999938964844,60.400001525878906,52400
2026-09-04 13:55:00-03:00,60.400001525878906,60.41999816894531,60.27000045776367,60.349998474121094,89200
2026-09-04 14:00:00-03:00,60.34000015258789,60.38999938964844,60.29999923706055,60.33000183105469,65400
2026-09-04 14:05:00-03:00,60.310001373291016,60.33000183105469,60.16999816894531,60.27000045776367,66000
2026-09-04 14:10:00-03:00,60.25,60.27000045776367,60.209999084472656,60.22999954223633,33300
2026-09-04 14:15:00-03:00,60.25,60.349998474121094,60.22999954223633,60.290000915527344,54300
2026-09-04 14:20:00-03:00,60.29999923706055,60.31999969482422,60.220001220703125,60.2400016784668,51500
2026-09-04 14:25:00-03:00,60.2400016784668,60.369998931884766,60.209999084472656,60.349998474121094,38900
2026-09-04 14:30:00-03:00,60.349998474121094,60.36000061035156,60.27000045776367,60.29999923706055,41700
2026-09-04 14:35:00-03:00,60.29999923706055,60.349998474121094,60.279998779296875,60.34000015258789,71000
2026-09-04 14:40:00-03:00,60.31999969482422,60.36000061035156,60.290000915527344,60.310001373291016,60300
2026-09-04 14:45:00-03:00,60.31999969482422,60.34000015258789,60.290000915527344,60.34000015258789,62500
2026-09-04 14:50:00-03:00,60.33000183105469,60.34000015258789,60.27000045776367,60.29999923706055,42100
2026-09-04 14:55:00-03:00,60.29999923706055,60.310001373291016,60.20000076293945,60.2400016784668,47700
2026-09-04 15:00:00-03:00,60.2400016784668,60.2599983215332,60.220001220703125,60.25,30200
2026-09-04 15:05:00-03:00,60.25,60.279998779296875,60.119998931884766,60.189998626708984,78200
2026-09-04 15:10:00-03:00,60.189998626708984,60.22999954223633,60.150001525878906,60.209999084472656,48000
2026-09-04 15:15:00-03:00,60.220001220703125,60.349998474121094,60.209999084472656,60.31999969482422,56700
2026-09-04 15:20:00-03:00,60.31999969482422,60.33000183105469,60.2400016784668,60.29999923706055,42900
2026-09-04 15:25:00-03:00,60.29999923706055,60.349998474121094,60.290000915527344,60.34000015258789,43400
2026-09-04 15:30:00-03:00,60.34000015258789,60.349998474121094,60.290000915527344,60.31999969482422,53300
2026-09-04 15:35:00-03:00,60.33000183105469,60.33000183105469,60.279998779296875,60.29999923706055,34300
2026-09-04 15:40:00-03:00,60.279998779296875,60.349998474121094,60.279998779296875,60.29999923706055,46100
2026-09-04 15:45:00-03:00,60.310001373291016,60.310001373291016,60.209999084472656,60.220001220703125,37300
2026-09-04 15:50:00-03:00,60.209999084472656,60.25,60.16999816894531,60.209999084472656,124600
2026-09-04 15:55:00-03:00,60.220001220703125,60.290000915527344,60.209999084472656,60.27000045776367,44300
2026-09-04 16:00:00-03:00,60.27000045776367,60.310001373291016,60.2599983215332,60.279998779296875,44200
2026-09-04 16:05:00-03:00,60.279998779296875,60.279998779296875,60.060001373291016,60.09000015258789,93300
2026-09-04 16:10:00-03:00,60.09000015258789,60.099998474121094,59.95000076293945,59.97999954223633,107400
2026-09-04 16:15:00-03:00,59.95000076293945,60.099998474121094,59.95000076293945,60.08000183105469,59100
2026-09-04 16:20:00-03:00,60.08000183105469,60.150001525878906,60.02000045776367,60.119998931884766,64700
2026-09-04 16:25:00-03:00,60.130001068115234,60.22999954223633,60.119998931884766,60.119998931884766,108200
2026-09-04 16:30:00-03:00,60.11000061035156,60.15999984741211,60.04999923706055,60.13999938964844,70000
2026-09-04 16:35:00-03:00,60.130001068115234,60.16999816894531,60.119998931884766,60.13999938964844,121600
2026-09-04 16:40:00-03:00,60.150001525878906,60.25,60.060001373291016,60.209999084472656,190200
2026-09-04 16:45:00-03:00,60.20000076293945,60.25,60.18000030517578,60.22999954223633,152400
2026-09-08 10:00:00-03:00,61.040000915527344,61.470001220703125,61.02000045776367,61.130001068115234,0
2026-09-08 10:05:00-03:00,61.18000030517578,61.540000915527344,61.0099983215332,61.310001373291016,225300
2026-09-08 10:10:00-03:00,61.36000061035156,61.58000183105469,61.34000015258789,61.43000030517578,413200
2026-09-08 10:15:00-03:00,61.439998626708984,61.75,61.41999816894531,61.720001220703125,168200
2026-09-08 10:20:00-03:00,61.72999954223633,61.7400016784668,61.43000030517578,61.5099983215332,110500
2026-09-08 10:25:00-03:00,61.540000915527344,61.689998626708984,61.5099983215332,61.65999984741211,42000
2026-09-08 10:30:00-03:00,61.65999984741211,61.81999969482422,61.61000061035156,61.79999923706055,183200
2026-09-08 10:35:00-03:00,61.790000915527344,62.369998931884766,61.790000915527344,62.29999923706055,358900
2026-09-08 10:40:00-03:00,62.29999923706055,62.7400016784668,62.290000915527344,62.709999084472656,334200
2026-09-08 10:45:00-03:00,62.70000076293945,62.75,62.58000183105469,62.75,158700
2026-09-08 10:50:00-03:00,62.75,62.84000015258789,62.65999984741211,62.79999923706055,204200
2026-09-08 10:55:00-03:00,62.79999923706055,62.849998474121094,62.779998779296875,62.790000915527344,157300
2026-09-08 11:00:00-03:00,62.79999923706055,63.02000045776367,62.79999923706055,62.959999084472656,241800
2026-09-08 11:05:00-03:00,62.95000076293945,63.04999923706055,62.650001525878906,62.7400016784668,137600
2026-09-08 11:10:00-03:00,62.7599983215332,62.880001068115234,62.75,62.84000015258789,66800
2026-09-08 11:15:00-03:00,62.81999969482422,62.81999969482422,62.560001373291016,62.7400016784668,193500
2026-09-08 11:20:00-03:00,62.75,62.880001068115234,62.68000030517578,62.849998474121094,39700
2026-09-08 11:25:00-03:00,62.849998474121094,62.869998931884766,62.790000915527344,62.81999969482422,41100
2026-09-08 11:30:00-03:00,62.81999969482422,62.869998931884766,62.77000045776367,62.810001373291016,46400
2026-09-08 11:35:00-03:00,62.79999923706055,62.79999923706055,62.54999923706055,62.54999923706055,96100
2026-09-08 11:40:00-03:00,62.56999969482422,62.7400016784668,62.540000915527344,62.63999938964844,79800
2026-09-08 11:45:00-03:00,62.650001525878906,62.689998626708984,62.470001220703125,62.5,60400
2026-09-08 11:50:00-03:00,62.5099983215332,62.529998779296875,62.29999923706055,62.29999923706055,72400
2026-09-08 11:55:00-03:00,62.31999969482422,62.400001525878906,62.189998626708984,62.349998474121094,77500
2026-09-08 12:00:00-03:00,62.380001068115234,62.38999938964844,62.060001373291016,62.08000183105469,236300
2026-09-08 12:05:00-03:00,62.08000183105469,62.40999984741211,62.06999969482422,62.380001068115234,78400
2026-09-08 12:10:00-03:00,62.400001525878906,62.529998779296875,62.400001525878906,62.459999084472656,205600
2026-09-08 12:15:00-03:00,62.470001220703125,62.5,62.36000061035156,62.41999816894531,31900
2026-09-08 12:20:00-03:00,62.41999816894531,62.470001220703125,62.40999984741211,62.45000076293945,17200
2026-09-08 12:25:00-03:00,62.459999084472656,62.470001220703125,62.36000061035156,62.470001220703125,39500
2026-09-08 12:30:00-03:00,62.470001220703125,62.5099983215332,62.43000030517578,62.43000030517578,34900
2026-09-08 12:35:00-03:00,62.43000030517578,62.45000076293945,62.2599983215332,62.279998779296875,63800
2026-09-08 12:40:00-03:00,62.25,62.33000183105469,62.209999084472656,62.290000915527344,25200
2026-09-08 12:45:00-03:00,62.290000915527344,62.33000183105469,62.25,62.31999969482422,25500
2026-09-08 12:50:00-03:00,62.310001373291016,62.349998474121094,62.2599983215332,62.2599983215332,20800
2026-09-08 12:55:00-03:00,62.2599983215332,62.279998779296875,61.970001220703125,61.9900016784668,140100
2026-09-08 13:00:00-03:00,61.9900016784668,62.18000030517578,61.959999084472656,62.150001525878906,44500
2026-09-08 13:05:00-03:00,62.13999938964844,62.189998626708984,62.04999923706055,62.11000061035156,42600
2026-09-08 13:10:00-03:00,62.11000061035156,62.150001525878906,62.08000183105469,62.119998931884766,21200
2026-09-08 13:15:00-03:00,62.119998931884766,62.119998931884766,62.0099983215332,62.099998474121094,19400
2026-09-08 13:20:00-03:00,62.099998474121094,62.150001525878906,62.099998474121094,62.130001068115234,22600
2026-09-08 13:25:00-03:00,62.099998474121094,62.099998474121094,61.88999938964844,61.97999954223633,85000
2026-09-08 13:30:00-03:00,62.0,62.119998931884766,62.0,62.040000915527344,39500
2026-09-08 13:35:00-03:00,62.029998779296875,62.040000915527344,61.97999954223633,61.97999954223633,11100
2026-09-08 13:40:00-03:00,61.97999954223633,62.040000915527344,61.93000030517578,61.9900016784668,30800
2026-09-08 13:45:00-03:00,61.959999084472656,62.0,61.90999984741211,61.95000076293945,26800
2026-09-08 13:50:00-03:00,61.95000076293945,61.970001220703125,61.810001373291016,61.869998931884766,100800
2026-09-08 13:55:00-03:00,61.88999938964844,62.11000061035156,61.869998931884766,62.08000183105469,65600
2026-09-08 14:00:00-03:00,62.08000183105469,62.130001068115234,61.939998626708984,61.95000076293945,43400
2026-09-08 14:05:00-03:00,61.97999954223633,62.02000045776367,61.900001525878906,62.0,29300
2026-09-08 14:10:00-03:00,62.0,62.0099983215332,61.939998626708984,61.9900016784668,22100
2026-09-08 14:15:00-03:00,61.97999954223633,62.0,61.88999938964844,61.95000076293945,49200
2026-09-08 14:20:00-03:00,61.959999084472656,62.0,61.939998626708984,61.95000076293945,19700
2026-09-08 14:25:00-03:00,61.959999084472656,62.08000183105469,61.91999816894531,62.060001373291016,24700
2026-09-08 14:30:00-03:00,62.06999969482422,62.099998474121094,62.02000045776367,62.04999923706055,30500
2026-09-08 14:35:00-03:00,62.04999923706055,62.04999923706055,61.9900016784668,62.040000915527344,15100
2026-09-08 14:40:00-03:00,62.040000915527344,62.060001373291016,61.97999954223633,62.04999923706055,23800
2026-09-08 14:45:00-03:00,62.04999923706055,62.08000183105469,62.0,62.029998779296875,30200
2026-09-08 14:50:00-03:00,62.040000915527344,62.08000183105469,61.939998626708984,61.970001220703125,96600
2026-09-08 14:55:00-03:00,61.970001220703125,62.11000061035156,61.970001220703125,62.040000915527344,38900
2026-09-08 15:00:00-03:00,62.060001373291016,62.16999816894531,62.040000915527344,62.130001068115234,35100
2026-09-08 15:05:00-03:00,62.119998931884766,62.209999084472656,62.099998474121094,62.18000030517578,39600
2026-09-08 15:10:00-03:00,62.189998626708984,62.279998779296875,62.18000030517578,62.220001220703125,47600
2026-09-08 15:15:00-03:00,62.220001220703125,62.290000915527344,62.18000030517578,62.279998779296875,35400
2026-09-08 15:20:00-03:00,62.279998779296875,62.40999984741211,62.25,62.349998474121094,62500
2026-09-08 15:25:00-03:00,62.369998931884766,62.41999816894531,62.310001373291016,62.36000061035156,42700
2026-09-08 15:30:00-03:00,62.38999938964844,62.400001525878906,62.27000045776367,62.310001373291016,34900
2026-09-08 15:35:00-03:00,62.310001373291016,62.33000183105469,62.2599983215332,62.290000915527344,26600
2026-09-08 15:40:00-03:00,62.29999923706055,62.310001373291016,62.2599983215332,62.29999923706055,35200
2026-09-08 15:45:00-03:00,62.310001373291016,62.630001068115234,62.220001220703125,62.45000076293945,385300
2026-09-08 15:50:00-03:00,62.47999954223633,62.5099983215332,62.29999923706055,62.45000076293945,138800
2026-09-08 15:55:00-03:00,62.470001220703125,62.4900016784668,62.40999984741211,62.43000030517578,45600
2026-09-08 16:00:00-03:00,62.459999084472656,62.459999084472656,62.31999969482422,62.33000183105469,83700
2026-09-08 16:05:00-03:00,62.33000183105469,62.34000015258789,62.27000045776367,62.279998779296875,54300
2026-09-08 16:10:00-03:00,62.279998779296875,62.310001373291016,62.22999954223633,62.25,30200
2026-09-08 16:15:00-03:00,62.25,62.25,62.119998931884766,62.150001525878906,82700
2026-09-08 16:20:00-03:00,62.150001525878906,62.2400016784668,62.11000061035156,62.22999954223633,47300
2026-09-08 16:25:00-03:00,62.22999954223633,62.22999954223633,62.15999984741211,62.18000030517578,87400
2026-09-08 16:30:00-03:00,62.20000076293945,62.2400016784668,62.15999984741211,62.15999984741211,50900
2026-09-08 16:35:00-03:00,62.150001525878906,62.150001525878906,62.099998474121094,62.130001068115234,50700
2026-09-08 16:40:00-03:00,62.130001068115234,62.349998474121094,62.130001068115234,62.22999954223633,113600
2026-09-08 16:45:00-03:00,62.2400016784668,62.2599983215332,62.209999084472656,62.209999084472656,55100
2026-09-08 16:50:00-03:00,62.220001220703125,62.310001373291016,62.150001525878906,62.15999984741211,141200
2026-09-09 10:05:00-03:00,63.0,63.02000045776367,62.7599983215332,62.93000030517578,0
2026-09-09 10:10:00-03:00,62.95000076293945,63.0,62.599998474121094,62.84000015258789,316800
2026-09-09 10:15:00-03:00,62.88999938964844,62.95000076293945,62.75,62.88999938964844,90200
2026-09-09 10:20:00-03:00,62.88999938964844,62.97999954223633,62.79999923706055,62.79999923706055,51000
2026-09-09 10:25:00-03:00,62.79999923706055,62.9900016784668,62.790000915527344,62.959999084472656,23200
2026-09-09 10:30:00-03:00,62.97999954223633,63.119998931884766,62.790000915527344,62.81999969482422,201100
2026-09-09 10:35:00-03:00,62.81999969482422,63.029998779296875,62.81999969482422,62.959999084472656,70900
2026-09-09 10:40:00-03:00,62.970001220703125,63.0,62.91999816894531,62.93000030517578,89200
2026-09-09 10:45:00-03:00,62.959999084472656,63.130001068115234,62.93000030517578,63.130001068115234,303900
2026-09-09 10:50:00-03:00,63.13999938964844,63.13999938964844,62.849998474121094,62.939998626708984,82300
2026-09-09 10:55:00-03:00,62.939998626708984,62.939998626708984,62.810001373291016,62.849998474121094,40600
2026-09-09 11:00:00-03:00,62.849998474121094,62.91999816894531,62.650001525878906,62.66999816894531,140300
2026-09-09 11:05:00-03:00,62.68000030517578,62.7599983215332,62.5,62.5099983215332,8594800
2026-09-09 11:10:00-03:00,62.52000045776367,62.58000183105469,62.47999954223633,62.560001373291016,59700
2026-09-09 11:15:00-03:00,62.54999923706055,62.68000030517578,62.54999923706055,62.66999816894531,50500
2026-09-09 11:20:00-03:00,62.65999984741211,62.709999084472656,62.529998779296875,62.65999984741211,112700
2026-09-09 11:25:00-03:00,62.66999816894531,62.75,62.47999954223633,62.5,89500
2026-09-09 11:30:00-03:00,62.4900016784668,62.650001525878906,62.4900016784668,62.599998474121094,31000
2026-09-09 11:35:00-03:00,62.599998474121094,62.619998931884766,62.5,62.5099983215332,49500
2026-09-09 11:40:00-03:00,62.54999923706055,62.599998474121094,62.47999954223633,62.54999923706055,46900
2026-09-09 11:45:00-03:00,62.560001373291016,62.58000183105469,62.41999816894531,62.52000045776367,49500
2026-09-09 11:50:00-03:00,62.52000045776367,62.56999969482422,62.459999084472656,62.4900016784668,46600
2026-09-09 11:55:00-03:00,62.459999084472656,62.5,62.380001068115234,62.5,58100
2026-09-09 12:00:00-03:00,62.5,62.529998779296875,62.470001220703125,62.5099983215332,29200
2026-09-09 12:05:00-03:00,62.529998779296875,62.540000915527344,62.29999923706055,62.4900016784668,101800
2026-09-09 12:10:00-03:00,62.5099983215332,62.54999923706055,62.47999954223633,62.4900016784668,28000
2026-09-09 12:15:00-03:00,62.4900016784668,62.4900016784668,62.2599983215332,62.33000183105469,51600
2026-09-09 12:20:00-03:00,62.33000183105469,62.34000015258789,62.2599983215332,62.279998779296875,43100
2026-09-09 12:25:00-03:00,62.279998779296875,62.439998626708984,62.22999954223633,62.36000061035156,60300
2026-09-09 12:30:00-03:00,62.38999938964844,62.439998626708984,62.36000061035156,62.36000061035156,35800
2026-09-09 12:35:00-03:00,62.36000061035156,62.36000061035156,62.150001525878906,62.189998626708984,79600
2026-09-09 12:40:00-03:00,62.16999816894531,62.33000183105469,62.150001525878906,62.150001525878906,119200
2026-09-09 12:45:00-03:00,62.150001525878906,62.16999816894531,62.040000915527344,62.09000015258789,81900
2026-09-09 12:50:00-03:00,62.09000015258789,62.130001068115234,62.060001373291016,62.11000061035156,31600
2026-09-09 12:55:00-03:00,62.11000061035156,62.2400016784668,62.11000061035156,62.220001220703125,40500
2026-09-09 13:00:00-03:00,62.220001220703125,62.279998779296875,62.20000076293945,62.279998779296875,36500
2026-09-09 13:05:00-03:00,62.2599983215332,62.400001525878906,62.2599983215332,62.36000061035156,45400
2026-09-09 13:10:00-03:00,62.36000061035156,62.36000061035156,62.279998779296875,62.33000183105469,26500
2026-09-09 13:15:00-03:00,62.31999969482422,62.34000015258789,62.27000045776367,62.31999969482422,19900
2026-09-09 13:20:00-03:00,62.29999923706055,62.34000015258789,62.25,62.290000915527344,25300
2026-09-09 13:25:00-03:00,62.290000915527344,62.400001525878906,62.27000045776367,62.400001525878906,18700
2026-09-09 13:30:00-03:00,62.380001068115234,62.439998626708984,62.380001068115234,62.40999984741211,39400
2026-09-09 13:35:00-03:00,62.43000030517578,62.439998626708984,62.369998931884766,62.38999938964844,32600
2026-09-09 13:40:00-03:00,62.40999984741211,62.56999969482422,62.380001068115234,62.56999969482422,56700
2026-09-09 13:45:00-03:00,62.560001373291016,62.650001525878906,62.54999923706055,62.61000061035156,63300
2026-09-09 13:50:00-03:00,62.61000061035156,62.650001525878906,62.599998474121094,62.650001525878906,29300
2026-09-09 13:55:00-03:00,62.63999938964844,62.650001525878906,62.529998779296875,62.54999923706055,42600
2026-09-09 14:00:00-03:00,62.54999923706055,62.560001373291016,62.369998931884766,62.540000915527344,92700
2026-09-09 14:05:00-03:00,62.560001373291016,62.599998474121094,62.540000915527344,62.59000015258789,27500
2026-09-09 14:10:00-03:00,62.59000015258789,62.63999938964844,62.56999969482422,62.56999969482422,22600
2026-09-09 14:15:00-03:00,62.58000183105469,62.619998931884766,62.4900016784668,62.52000045776367,38400
2026-09-09 14:20:00-03:00,62.54999923706055,62.58000183105469,62.29999923706055,62.33000183105469,97300
2026-09-09 14:25:00-03:00,62.34000015258789,62.439998626708984,62.279998779296875,62.380001068115234,120500
2026-09-09 14:30:00-03:00,62.36000061035156,62.459999084472656,62.34000015258789,62.400001525878906,110800
2026-09-09 14:35:00-03:00,62.40999984741211,62.45000076293945,62.38999938964844,62.40999984741211,42300
2026-09-09 14:40:00-03:00,62.40999984741211,62.41999816894531,62.349998474121094,62.400001525878906,22900
2026-09-09 14:45:00-03:00,62.400001525878906,62.43000030517578,62.380001068115234,62.38999938964844,48300
2026-09-09 14:50:00-03:00,62.41999816894531,62.439998626708984,62.36000061035156,62.38999938964844,33900
2026-09-09 14:55:00-03:00,62.40999984741211,62.470001220703125,62.38999938964844,62.45000076293945,54100
2026-09-09 15:00:00-03:00,62.439998626708984,62.45000076293945,62.31999969482422,62.31999969482422,110900
2026-09-09 15:05:00-03:00,62.310001373291016,62.459999084472656,62.310001373291016,62.40999984741211,59000
2026-09-09 15:10:00-03:00,62.40999984741211,62.40999984741211,62.33000183105469,62.36000061035156,36000
2026-09-09 15:15:00-03:00,62.36000061035156,62.41999816894531,62.36000061035156,62.38999938964844,33400
2026-09-09 15:20:00-03:00,62.40999984741211,62.43000030517578,62.310001373291016,62.349998474121094,65300
2026-09-09 15:25:00-03:00,62.33000183105469,62.349998474121094,62.119998931884766,62.22999954223633,156800
2026-09-09 15:30:00-03:00,62.209999084472656,62.209999084472656,61.90999984741211,61.91999816894531,385100
2026-09-09 15:35:00-03:00,61.90999984741211,62.029998779296875,61.849998474121094,61.9900016784668,158300
2026-09-09 15:40:00-03:00,61.9900016784668,62.029998779296875,61.95000076293945,62.02000045776367,39100
2026-09-09 15:45:00-03:00,62.02000045776367,62.16999816894531,62.02000045776367,62.130001068115234,29200
2026-09-09 15:50:00-03:00,62.130001068115234,62.189998626708984,62.130001068115234,62.18000030517578,51900
2026-09-09 15:55:00-03:00,62.18000030517578,62.2400016784668,62.15999984741211,62.189998626708984,49600
2026-09-09 16:00:00-03:00,62.189998626708984,62.220001220703125,62.099998474121094,62.189998626708984,124900
2026-09-09 16:05:00-03:00,62.16999816894531,62.189998626708984,62.13999938964844,62.18000030517578,31400
2026-09-09 16:10:00-03:00,62.189998626708984,62.29999923706055,62.15999984741211,62.29999923706055,50400
2026-09-09 16:15:00-03:00,62.290000915527344,62.29999923706055,62.220001220703125,62.279998779296875,68400
2026-09-09 16:20:00-03:00,62.27000045776367,62.29999923706055,62.25,62.29999923706055,37000
2026-09-09 16:25:00-03:00,62.290000915527344,62.36000061035156,62.290000915527344,62.36000061035156,39600
2026-09-09 16:30:00-03:00,62.36000061035156,62.380001068115234,62.2400016784668,62.290000915527344,77700
2026-09-09 16:35:00-03:00,62.29999923706055,62.34000015258789,62.2599983215332,62.29999923706055,167600
2026-09-09 16:40:00-03:00,62.310001373291016,62.599998474121094,62.290000915527344,62.540000915527344,120000
2026-09-09 16:45:00-03:00,62.54999923706055,62.58000183105469,62.470001220703125,62.56999969482422,67300
2026-09-09 16:50:00-03:00,62.54999923706055,62.599998474121094,62.540000915527344,62.599998474121094,81100
2026-09-10 10:05:00-03:00,63.81999969482422,64.02999877929688,63.630001068115234,63.849998474121094,32300
2026-09-10 10:10:00-03:00,63.84000015258789,64.0999984741211,63.83000183105469,63.91999816894531,147600
2026-09-10 10:15:00-03:00,63.95000076293945,64.08999633789062,63.720001220703125,63.7400016784668,190000
2026-09-10 10:20:00-03:00,63.790000915527344,63.9900016784668,63.650001525878906,63.93000030517578,152700
2026-09-10 10:25:00-03:00,63.939998626708984,64.0199966430664,63.75,63.81999969482422,84600
2026-09-10 10:30:00-03:00,63.779998779296875,63.959999084472656,63.65999984741211,63.709999084472656,119200
2026-09-10 10:35:00-03:00,63.709999084472656,63.720001220703125,63.31999969482422,63.439998626708984,143900
2026-09-10 10:40:00-03:00,63.41999816894531,63.59000015258789,63.400001525878906,63.58000183105469,74900
2026-09-10 10:45:00-03:00,63.54999923706055,63.599998474121094,63.22999954223633,63.2400016784668,115900
2026-09-10 10:50:00-03:00,63.2400016784668,63.56999969482422,63.2400016784668,63.5099983215332,58800
2026-09-10 10:55:00-03:00,63.52000045776367,63.540000915527344,63.119998931884766,63.150001525878906,109400
2026-09-10 11:00:00-03:00,63.150001525878906,63.31999969482422,63.130001068115234,63.27000045776367,89700
2026-09-10 11:05:00-03:00,63.27000045776367,63.41999816894531,63.130001068115234,63.209999084472656,124000
2026-09-10 11:10:00-03:00,63.220001220703125,63.36000061035156,63.220001220703125,63.310001373291016,34100
2026-09-10 11:15:00-03:00,63.310001373291016,63.4900016784668,63.310001373291016,63.40999984741211,107900
2026-09-10 11:20:00-03:00,63.41999816894531,63.52000045776367,63.150001525878906,63.189998626708984,144900
2026-09-10 11:25:00-03:00,63.189998626708984,63.400001525878906,63.04999923706055,63.38999938964844,133100
2026-09-10 11:30:00-03:00,63.400001525878906,63.5099983215332,63.380001068115234,63.470001220703125,48600
2026-09-10 11:35:00-03:00,63.47999954223633,63.529998779296875,63.470001220703125,63.529998779296875,48500
2026-09-10 11:40:00-03:00,63.52000045776367,63.70000076293945,63.52000045776367,63.70000076293945,71000
2026-09-10 11:45:00-03:00,63.70000076293945,63.79999923706055,63.70000076293945,63.779998779296875,33800
2026-09-10 11:50:00-03:00,63.779998779296875,63.869998931884766,63.7599983215332,63.869998931884766,65800
2026-09-10 11:55:00-03:00,63.869998931884766,63.880001068115234,63.79999923706055,63.810001373291016,39200
2026-09-10 12:00:00-03:00,63.84000015258789,63.880001068115234,63.75,63.83000183105469,40400
2026-09-10 12:05:00-03:00,63.849998474121094,63.9900016784668,63.81999969482422,63.97999954223633,78100
2026-09-10 12:10:00-03:00,63.97999954223633,64.0,63.939998626708984,63.970001220703125,28300
2026-09-10 12:15:00-03:00,63.95000076293945,63.970001220703125,63.790000915527344,63.83000183105469,50300
2026-09-10 12:20:00-03:00,63.81999969482422,63.83000183105469,63.75,63.79999923706055,22000
2026-09-10 12:25:00-03:00,63.77000045776367,63.81999969482422,63.77000045776367,63.790000915527344,18300
2026-09-10 12:30:00-03:00,63.779998779296875,63.88999938964844,63.75,63.75,77800
2026-09-10 12:35:00-03:00,63.7599983215332,63.779998779296875,63.66999816894531,63.7599983215332,17600
2026-09-10 12:40:00-03:00,63.75,63.79999923706055,63.72999954223633,63.77000045776367,29100
2026-09-10 12:45:00-03:00,63.7599983215332,63.900001525878906,63.75,63.869998931884766,20200
2026-09-10 12:50:00-03:00,63.880001068115234,63.900001525878906,63.83000183105469,63.849998474121094,61200
2026-09-10 12:55:00-03:00,63.880001068115234,63.880001068115234,63.70000076293945,63.7400016784668,20800
2026-09-10 13:00:00-03:00,63.720001220703125,63.75,63.63999938964844,63.720001220703125,18400
2026-09-10 13:05:00-03:00,63.72999954223633,63.810001373291016,63.63999938964844,63.779998779296875,37200
2026-09-10 13:10:00-03:00,63.779998779296875,63.81999969482422,63.7599983215332,63.810001373291016,12000
2026-09-10 13:15:00-03:00,63.810001373291016,63.810001373291016,63.70000076293945,63.7400016784668,289300
2026-09-10 13:20:00-03:00,63.7400016784668,63.810001373291016,63.709999084472656,63.72999954223633,15700
2026-09-10 13:25:00-03:00,63.7400016784668,63.779998779296875,63.7400016784668,63.77000045776367,16700
2026-09-10 13:30:00-03:00,63.779998779296875,63.880001068115234,63.689998626708984,63.70000076293945,192200
2026-09-10 13:35:00-03:00,63.689998626708984,63.709999084472656,63.599998474121094,63.63999938964844,64700
2026-09-10 13:40:00-03:00,63.65999984741211,63.720001220703125,63.630001068115234,63.630001068115234,67100
2026-09-10 13:45:00-03:00,63.630001068115234,63.70000076293945,63.630001068115234,63.66999816894531,30200
2026-09-10 13:50:00-03:00,63.68000030517578,63.70000076293945,63.619998931884766,63.689998626708984,39400
2026-09-10 13:55:00-03:00,63.689998626708984,63.7400016784668,63.65999984741211,63.72999954223633,26600
2026-09-10 14:00:00-03:00,63.72999954223633,63.7400016784668,63.630001068115234,63.65999984741211,31000
2026-09-10 14:05:00-03:00,63.689998626708984,63.75,63.63999938964844,63.70000076293945,44200
2026-09-10 14:10:00-03:00,63.70000076293945,64.1500015258789,63.65999984741211,63.970001220703125,965900
2026-09-10 14:15:00-03:00,63.959999084472656,64.04000091552734,63.90999984741211,64.01000213623047,60200
2026-09-10 14:20:00-03:00,64.0199966430664,64.08999633789062,63.970001220703125,64.08999633789062,94100
2026-09-10 14:25:00-03:00,64.08999633789062,64.3499984741211,64.08999633789062,64.3499984741211,799500
2026-09-10 14:30:00-03:00,64.33999633789062,64.47000122070312,64.2699966430664,64.33000183105469,118000
2026-09-10 14:35:00-03:00,64.33000183105469,64.54000091552734,64.33000183105469,64.5199966430664,136000
2026-09-10 14:40:00-03:00,64.5199966430664,64.61000061035156,64.5,64.54000091552734,98400
2026-09-10 14:45:00-03:00,64.54000091552734,64.63999938964844,64.4800033569336,64.48999786376953,164400
2026-09-10 14:50:00-03:00,64.48999786376953,64.5199966430664,64.45999908447266,64.47000122070312,39100
2026-09-10 14:55:00-03:00,64.47000122070312,64.5199966430664,64.44999694824219,64.4800033569336,42600
2026-09-10 15:00:00-03:00,64.48999786376953,64.5999984741211,64.45999908447266,64.48999786376953,143300
2026-09-10 15:05:00-03:00,64.5,64.62999725341797,64.47000122070312,64.58999633789062,91400
2026-09-10 15:10:00-03:00,64.58000183105469,64.58999633789062,64.45999908447266,64.52999877929688,62700
2026-09-10 15:15:00-03:00,64.54000091552734,64.56999969482422,64.41999816894531,64.5,79700
2026-09-10 15:20:00-03:00,64.5,64.5,64.36000061035156,64.5,56500
2026-09-10 15:25:00-03:00,64.48999786376953,64.5199966430664,64.31999969482422,64.31999969482422,142100
2026-09-10 15:30:00-03:00,64.33000183105469,64.44000244140625,64.30999755859375,64.3499984741211,103400
2026-09-10 15:35:00-03:00,64.36000061035156,64.43000030517578,64.36000061035156,64.4000015258789,63500
2026-09-10 15:40:00-03:00,64.38999938964844,64.44999694824219,64.37999725341797,64.41999816894531,37600
2026-09-10 15:45:00-03:00,64.41999816894531,64.44000244140625,64.2300033569336,64.23999786376953,77400
2026-09-10 15:50:00-03:00,64.23999786376953,64.2699966430664,64.13999938964844,64.22000122070312,81000
2026-09-10 15:55:00-03:00,64.20999908447266,64.41999816894531,64.12000274658203,64.37999725341797,190200
2026-09-10 16:00:00-03:00,64.37999725341797,64.44999694824219,64.31999969482422,64.33999633789062,72400
2026-09-10 16:05:00-03:00,64.3499984741211,64.5199966430664,64.30999755859375,64.5,113200
2026-09-10 16:10:00-03:00,64.5,64.54000091552734,64.47000122070312,64.48999786376953,27500
2026-09-10 16:15:00-03:00,64.4800033569336,64.5199966430664,64.44000244140625,64.44000244140625,26000
2026-09-10 16:20:00-03:00,64.44999694824219,64.47000122070312,64.23999786376953,64.26000213623047,118300
2026-09-10 16:25:00-03:00,64.25,64.30000305175781,64.16000366210938,64.2699966430664,55900
2026-09-10 16:30:00-03:00,64.2699966430664,64.2699966430664,64.01000213623047,64.05999755859375,146700
2026-09-10 16:35:00-03:00,64.05999755859375,64.11000061035156,63.93000030517578,63.959999084472656,137300
2026-09-10 16:40:00-03:00,63.959999084472656,64.12999725341797,63.959999084472656,64.08000183105469,112400
2026-09-10 16:45:00-03:00,64.08000183105469,64.08000183105469,63.93000030517578,64.01000213623047,129800
2026-09-10 16:50:00-03:00,64.01000213623047,64.23999786376953,63.93000030517578,64.23999786376953,233900
2026-09-11 10:05:00-03:00,63.470001220703125,63.470001220703125,62.5099983215332,62.77000045776367,98800
2026-09-11 10:10:00-03:00,62.77000045776367,62.77000045776367,62.36000061035156,62.5,127000
2026-09-11 10:15:00-03:00,62.5,62.54999923706055,62.400001525878906,62.5099983215332,70800
2026-09-11 10:20:00-03:00,62.5099983215332,62.529998779296875,62.33000183105469,62.41999816894531,257900
2026-09-11 10:25:00-03:00,62.45000076293945,62.599998474121094,62.36000061035156,62.5099983215332,242800
2026-09-11 10:30:00-03:00,62.4900016784668,62.630001068115234,62.400001525878906,62.540000915527344,91500
2026-09-11 10:35:00-03:00,62.529998779296875,62.790000915527344,62.47999954223633,62.58000183105469,590100
2026-09-11 10:40:00-03:00,62.599998474121094,62.95000076293945,62.529998779296875,62.95000076293945,145400
2026-09-11 10:45:00-03:00,62.970001220703125,63.09000015258789,62.84000015258789,62.97999954223633,205400
2026-09-11 10:50:00-03:00,62.959999084472656,63.20000076293945,62.959999084472656,63.150001525878906,51500
2026-09-11 10:55:00-03:00,63.15999984741211,63.38999938964844,63.150001525878906,63.36000061035156,278500
2026-09-11 11:00:00-03:00,63.36000061035156,63.369998931884766,63.029998779296875,63.25,111300
2026-09-11 11:05:00-03:00,63.25,63.29999923706055,63.15999984741211,63.20000076293945,89400
2026-09-11 11:10:00-03:00,63.20000076293945,63.310001373291016,63.20000076293945,63.2400016784668,52100
2026-09-11 11:15:00-03:00,63.2400016784668,63.29999923706055,63.189998626708984,63.29999923706055,35500
2026-09-11 11:20:00-03:00,63.279998779296875,63.349998474121094,63.150001525878906,63.16999816894531,94900
2026-09-11 11:25:00-03:00,63.18000030517578,63.20000076293945,63.060001373291016,63.150001525878906,56600
2026-09-11 11:30:00-03:00,63.15999984741211,63.279998779296875,63.09000015258789,63.209999084472656,134100
2026-09-11 11:35:00-03:00,63.189998626708984,63.189998626708984,63.04999923706055,63.13999938964844,84900
2026-09-11 11:40:00-03:00,63.130001068115234,63.33000183105469,63.08000183105469,63.29999923706055,83500
2026-09-11 11:45:00-03:00,63.310001373291016,63.470001220703125,63.290000915527344,63.34000015258789,65300
2026-09-11 11:50:00-03:00,63.33000183105469,63.439998626708984,63.290000915527344,63.400001525878906,40500
2026-09-11 11:55:00-03:00,63.380001068115234,63.58000183105469,63.36000061035156,63.4900016784668,83500
2026-09-11 12:00:00-03:00,63.47999954223633,63.70000076293945,63.47999954223633,63.63999938964844,89000
2026-09-11 12:05:00-03:00,63.63999938964844,63.70000076293945,63.619998931884766,63.70000076293945,17400
2026-09-11 12:10:00-03:00,63.70000076293945,63.72999954223633,63.58000183105469,63.61000061035156,53400
2026-09-11 12:15:00-03:00,63.630001068115234,63.72999954223633,63.61000061035156,63.70000076293945,24500
2026-09-11 12:20:00-03:00,63.709999084472656,63.790000915527344,63.709999084472656,63.77000045776367,29200
2026-09-11 12:25:00-03:00,63.779998779296875,63.849998474121094,63.70000076293945,63.709999084472656,50000
2026-09-11 12:30:00-03:00,63.720001220703125,63.810001373291016,63.709999084472656,63.77000045776367,50800
2026-09-11 12:35:00-03:00,63.7599983215332,63.849998474121094,63.720001220703125,63.83000183105469,33500
2026-09-11 12:40:00-03:00,63.810001373291016,63.83000183105469,63.650001525878906,63.650001525878906,29900
2026-09-11 12:45:00-03:00,63.650001525878906,63.72999954223633,63.650001525878906,63.650001525878906,19600
2026-09-11 12:50:00-03:00,63.66999816894531,63.720001220703125,63.61000061035156,63.68000030517578,26200
2026-09-11 12:55:00-03:00,63.689998626708984,63.79999923706055,63.65999984741211,63.7599983215332,41700
2026-09-11 13:00:00-03:00,63.77000045776367,63.790000915527344,63.709999084472656,63.790000915527344,20900
2026-09-11 13:05:00-03:00,63.790000915527344,63.84000015258789,63.72999954223633,63.810001373291016,80300
2026-09-11 13:10:00-03:00,63.83000183105469,63.88999938964844,63.79999923706055,63.84000015258789,47500
2026-09-11 13:15:00-03:00,63.83000183105469,63.970001220703125,63.619998931884766,63.880001068115234,114800
2026-09-11 13:20:00-03:00,63.869998931884766,63.90999984741211,63.83000183105469,63.86000061035156,34200
2026-09-11 13:25:00-03:00,63.86000061035156,63.939998626708984,63.81999969482422,63.93000030517578,37400
2026-09-11 13:30:00-03:00,63.93000030517578,63.97999954223633,63.90999984741211,63.939998626708984,35600
2026-09-11 13:35:00-03:00,63.939998626708984,63.959999084472656,63.86000061035156,63.91999816894531,20800
2026-09-11 13:40:00-03:00,63.900001525878906,63.93000030517578,63.83000183105469,63.869998931884766,23100
2026-09-11 13:45:00-03:00,63.869998931884766,63.900001525878906,63.779998779296875,63.790000915527344,24400
2026-09-11 13:50:00-03:00,63.790000915527344,63.880001068115234,63.779998779296875,63.79999923706055,58500
2026-09-11 13:55:00-03:00,63.810001373291016,63.84000015258789,63.779998779296875,63.790000915527344,17800
2026-09-11 14:00:00-03:00,63.790000915527344,63.83000183105469,63.77000045776367,63.810001373291016,21200
2026-09-11 14:05:00-03:00,63.81999969482422,63.84000015258789,63.77000045776367,63.84000015258789,40700
2026-09-11 14:10:00-03:00,63.84000015258789,63.84000015258789,63.70000076293945,63.7400016784668,29900
2026-09-11 14:15:00-03:00,63.779998779296875,63.81999969482422,63.77000045776367,63.77000045776367,20000
2026-09-11 14:20:00-03:00,63.779998779296875,63.84000015258789,63.72999954223633,63.810001373291016,14700
2026-09-11 14:25:00-03:00,63.84000015258789,63.900001525878906,63.79999923706055,63.900001525878906,12800
2026-09-11 14:30:00-03:00,63.900001525878906,63.900001525878906,63.54999923706055,63.560001373291016,139800
2026-09-11 14:35:00-03:00,63.54999923706055,63.70000076293945,63.5,63.70000076293945,29700
2026-09-11 14:40:00-03:00,63.689998626708984,63.70000076293945,63.40999984741211,63.47999954223633,242400
2026-09-11 14:45:00-03:00,63.459999084472656,63.459999084472656,63.36000061035156,63.36000061035156,37100
2026-09-11 14:50:00-03:00,63.349998474121094,63.439998626708984,63.349998474121094,63.43000030517578,38700
2026-09-11 14:55:00-03:00,63.40999984741211,63.43000030517578,63.349998474121094,63.38999938964844,24200
2026-09-11 15:00:00-03:00,63.36000061035156,63.52000045776367,63.349998474121094,63.4900016784668,51800
2026-09-11 15:05:00-03:00,63.4900016784668,63.5,63.349998474121094,63.36000061035156,36300
2026-09-11 15:10:00-03:00,63.369998931884766,63.40999984741211,63.349998474121094,63.400001525878906,45800
2026-09-11 15:15:00-03:00,63.400001525878906,63.400001525878906,63.349998474121094,63.400001525878906,37900
2026-09-11 15:20:00-03:00,63.400001525878906,63.45000076293945,63.349998474121094,63.439998626708984,58800
2026-09-11 15:25:00-03:00,63.439998626708984,63.5099983215332,63.40999984741211,63.45000076293945,162200
2026-09-11 15:30:00-03:00,63.439998626708984,63.45000076293945,63.40999984741211,63.45000076293945,71100
2026-09-11 15:35:00-03:00,63.439998626708984,63.5099983215332,63.439998626708984,63.5,91100
2026-09-11 15:40:00-03:00,63.5099983215332,63.56999969482422,63.47999954223633,63.56999969482422,43300
2026-09-11 15:45:00-03:00,63.56999969482422,63.869998931884766,63.56999969482422,63.86000061035156,75400
2026-09-11 15:50:00-03:00,63.86000061035156,63.91999816894531,63.83000183105469,63.84000015258789,58800
2026-09-11 15:55:00-03:00,63.869998931884766,63.90999984741211,63.79999923706055,63.880001068115234,66200
2026-09-11 16:00:00-03:00,63.849998474121094,63.970001220703125,63.84000015258789,63.959999084472656,78400
2026-09-11 16:05:00-03:00,63.959999084472656,64.05000305175781,63.939998626708984,64.02999877929688,88300
2026-09-11 16:10:00-03:00,64.0,64.02999877929688,63.84000015258789,64.02999877929688,85100
2026-09-11 16:15:00-03:00,64.0199966430664,64.0999984741211,63.9900016784668,64.0,58600
2026-09-11 16:20:00-03:00,64.01000213623047,64.01000213623047,63.91999816894531,63.959999084472656,51100
2026-09-11 16:25:00-03:00,63.959999084472656,64.01000213623047,63.95000076293945,64.0,77100
2026-09-11 16:30:00-03:00,63.9900016784668,64.0,63.939998626708984,63.959999084472656,48400
2026-09-11 16:35:00-03:00,63.959999084472656,63.97999954223633,63.900001525878906,63.95000076293945,76800
2026-09-11 16:40:00-03:00,63.95000076293945,63.9900016784668,63.880001068115234,63.939998626708984,84800
2026-09-11 16:45:00-03:00,63.93000030517578,63.97999954223633,63.810001373291016,63.86000061035156,136600
2026-09-11 16:50:00-03:00,63.869998931884766,63.95000076293945,63.84000015258789,63.95000076293945,83100
2026-09-14 10:10:00-03:00,65.19999694824219,65.3499984741211,64.62000274658203,64.80999755859375,149200
2026-09-14 10:15:00-03:00,64.83000183105469,64.83000183105469,64.4000015258789,64.66999816894531,179400
2026-09-14 10:20:00-03:00,64.66999816894531,64.69999694824219,64.5,64.6500015258789,105300
2026-09-14 10:25:00-03:00,64.68000030517578,64.69000244140625,64.44000244140625,64.44999694824219,222600
2026-09-14 10:30:00-03:00,64.47000122070312,64.55999755859375,64.0,64.06999969482422,295400
2026-09-14 10:35:00-03:00,64.05999755859375,64.33999633789062,63.959999084472656,64.2699966430664,111100
2026-09-14 10:40:00-03:00,64.27999877929688,64.45999908447266,64.18000030517578,64.43000030517578,49600
2026-09-14 10:45:00-03:00,64.43000030517578,64.6500015258789,64.41999816894531,64.62999725341797,96000
2026-09-14 10:50:00-03:00,64.62999725341797,64.83000183105469,64.48999786376953,64.76000213623047,118000
2026-09-14 10:55:00-03:00,64.7699966430664,64.86000061035156,64.63999938964844,64.70999908447266,58600
2026-09-14 11:00:00-03:00,64.69000244140625,64.72000122070312,64.56999969482422,64.66000366210938,102800
2026-09-14 11:05:00-03:00,64.63999938964844,64.68000030517578,64.4800033569336,64.55000305175781,47300
2026-09-14 11:10:00-03:00,64.55999755859375,64.66000366210938,64.51000213623047,64.66000366210938,83200
2026-09-14 11:15:00-03:00,64.66000366210938,64.69000244140625,64.52999877929688,64.52999877929688,17600
2026-09-14 11:20:00-03:00,64.55000305175781,64.75,64.52999877929688,64.62000274658203,83600
2026-09-14 11:25:00-03:00,64.61000061035156,64.81999969482422,64.56999969482422,64.69999694824219,91200
2026-09-14 11:30:00-03:00,64.70999908447266,64.73999786376953,64.5999984741211,64.61000061035156,29700
2026-09-14 11:35:00-03:00,64.61000061035156,64.94999694824219,64.5999984741211,64.80000305175781,285200
2026-09-14 11:40:00-03:00,64.81999969482422,64.9800033569336,64.81999969482422,64.9000015258789,64300
2026-09-14 11:45:00-03:00,64.87999725341797,64.94999694824219,64.68000030517578,64.68000030517578,199000
2026-09-14 11:50:00-03:00,64.68000030517578,64.69999694824219,64.56999969482422,64.69999694824219,111000
2026-09-14 11:55:00-03:00,64.69000244140625,64.75,64.63999938964844,64.69000244140625,101100
2026-09-14 12:00:00-03:00,64.66999816894531,64.66999816894531,64.5999984741211,64.62000274658203,33700
2026-09-14 12:05:00-03:00,64.62000274658203,64.66000366210938,64.12000274658203,64.41000366210938,396400
2026-09-14 12:10:00-03:00,64.4000015258789,64.48999786376953,64.29000091552734,64.38999938964844,81600
2026-09-14 12:15:00-03:00,64.37000274658203,64.45999908447266,64.30999755859375,64.30999755859375,79300
2026-09-14 12:20:00-03:00,64.30999755859375,64.31999969482422,64.2300033569336,64.27999877929688,42300
2026-09-14 12:25:00-03:00,64.27999877929688,64.36000061035156,64.25,64.26000213623047,39800
2026-09-14 12:30:00-03:00,64.26000213623047,64.30999755859375,63.790000915527344,63.810001373291016,172900
2026-09-14 12:35:00-03:00,63.81999969482422,64.11000061035156,63.81999969482422,64.05000305175781,106700
2026-09-14 12:40:00-03:00,64.05000305175781,64.1500015258789,63.95000076293945,64.13999938964844,112000
2026-09-14 12:45:00-03:00,64.12999725341797,64.30000305175781,64.12000274658203,64.30000305175781,37500
2026-09-14 12:50:00-03:00,64.27999877929688,64.48999786376953,64.27999877929688,64.48999786376953,105400
2026-09-14 12:55:00-03:00,64.4800033569336,64.48999786376953,64.31999969482422,64.36000061035156,47500
2026-09-14 13:00:00-03:00,64.36000061035156,64.41999816894531,64.33000183105469,64.37999725341797,21600
2026-09-14 13:05:00-03:00,64.37000274658203,64.37000274658203,64.16999816894531,64.20999908447266,42800
2026-09-14 13:10:00-03:00,64.20999908447266,64.30000305175781,64.18000030517578,64.30000305175781,28500
2026-09-14 13:15:00-03:00,64.30000305175781,64.3499984741211,64.26000213623047,64.3499984741211,50700
2026-09-14 13:20:00-03:00,64.3499984741211,64.44999694824219,64.3499984741211,64.43000030517578,77900
2026-09-14 13:25:00-03:00,64.41000366210938,64.43000030517578,64.29000091552734,64.37999725341797,104100
2026-09-14 13:30:00-03:00,64.38999938964844,64.48999786376953,64.38999938964844,64.45999908447266,61200
2026-09-14 13:35:00-03:00,64.43000030517578,64.43000030517578,64.36000061035156,64.41999816894531,46000
2026-09-14 13:40:00-03:00,64.41000366210938,64.43000030517578,64.27999877929688,64.30000305175781,26000
2026-09-14 13:45:00-03:00,64.30000305175781,64.30000305175781,63.91999816894531,63.939998626708984,68100
2026-09-14 13:50:00-03:00,63.95000076293945,64.05999755859375,63.81999969482422,63.88999938964844,85900
2026-09-14 13:55:00-03:00,63.86000061035156,63.869998931884766,63.59000015258789,63.66999816894531,77000
2026-09-14 14:00:00-03:00,63.65999984741211,63.83000183105469,63.65999984741211,63.7599983215332,54600
2026-09-14 14:05:00-03:00,63.7599983215332,63.869998931884766,63.7599983215332,63.81999969482422,25600
2026-09-14 14:10:00-03:00,63.83000183105469,63.869998931884766,63.77000045776367,63.810001373291016,23200
2026-09-14 14:15:00-03:00,63.810001373291016,63.90999984741211,63.779998779296875,63.900001525878906,33900
2026-09-14 14:20:00-03:00,63.900001525878906,63.95000076293945,63.880001068115234,63.88999938964844,245400
2026-09-14 14:25:00-03:00,63.869998931884766,63.90999984741211,63.86000061035156,63.880001068115234,13000
2026-09-14 14:30:00-03:00,63.88999938964844,63.93000030517578,63.79999923706055,63.90999984741211,13900
2026-09-14 14:35:00-03:00,63.90999984741211,64.08000183105469,63.869998931884766,64.06999969482422,90700
2026-09-14 14:40:00-03:00,64.06999969482422,64.0999984741211,64.0,64.02999877929688,64300
2026-09-14 14:45:00-03:00,64.02999877929688,64.0999984741211,63.9900016784668,64.05999755859375,41100
2026-09-14 14:50:00-03:00,64.05999755859375,64.08999633789062,63.9900016784668,64.0,18700
2026-09-14 14:55:00-03:00,64.0,64.05000305175781,63.9900016784668,64.04000091552734,22000
2026-09-14 15:00:00-03:00,64.05000305175781,64.05000305175781,63.90999984741211,64.02999877929688,37900
2026-09-14 15:05:00-03:00,64.02999877929688,64.04000091552734,63.849998474121094,63.849998474121094,50200
2026-09-14 15:10:00-03:00,63.84000015258789,63.880001068115234,63.7599983215332,63.880001068115234,37000
2026-09-14 15:15:00-03:00,63.880001068115234,63.93000030517578,63.84000015258789,63.880001068115234,39300
2026-09-14 15:20:00-03:00,63.880001068115234,63.95000076293945,63.880001068115234,63.939998626708984,27700
2026-09-14 15:25:00-03:00,63.93000030517578,63.93000030517578,63.83000183105469,63.900001525878906,49200
2026-09-14 15:30:00-03:00,63.900001525878906,63.93000030517578,63.84000015258789,63.91999816894531,65100
2026-09-14 15:35:00-03:00,63.91999816894531,63.939998626708984,63.83000183105469,63.83000183105469,54400
2026-09-14 15:40:00-03:00,63.84000015258789,63.849998474121094,63.77000045776367,63.790000915527344,51900
2026-09-14 15:45:00-03:00,63.790000915527344,63.869998931884766,63.790000915527344,63.83000183105469,62400
2026-09-14 15:50:00-03:00,63.83000183105469,63.86000061035156,63.7599983215332,63.790000915527344,58900
2026-09-14 15:55:00-03:00,63.790000915527344,63.79999923706055,63.709999084472656,63.79999923706055,44800
2026-09-14 16:00:00-03:00,63.79999923706055,63.79999923706055,63.68000030517578,63.68000030517578,56800
2026-09-14 16:05:00-03:00,63.689998626708984,63.70000076293945,63.599998474121094,63.650001525878906,59400
2026-09-14 16:10:00-03:00,63.650001525878906,63.66999816894531,63.619998931884766,63.619998931884766,40800
2026-09-14 16:15:00-03:00,63.619998931884766,63.79999923706055,63.599998474121094,63.79999923706055,72600
2026-09-14 16:20:00-03:00,63.790000915527344,63.81999969482422,63.7400016784668,63.81999969482422,52200
2026-09-14 16:25:00-03:00,63.81999969482422,63.83000183105469,63.790000915527344,63.79999923706055,35900
2026-09-14 16:30:00-03:00,63.790000915527344,63.88999938964844,63.75,63.88999938964844,62400
2026-09-14 16:35:00-03:00,63.88999938964844,63.970001220703125,63.880001068115234,63.93000030517578,70700
2026-09-14 16:40:00-03:00,63.939998626708984,63.97999954223633,63.880001068115234,63.959999084472656,73300
2026-09-14 16:45:00-03:00,63.959999084472656,64.0199966430664,63.88999938964844,63.900001525878906,116000
2026-09-14 16:50:00-03:00,63.900001525878906,64.01000213623047,63.849998474121094,64.01000213623047,64500
2026-09-15 10:05:00-03:00,63.900001525878906,63.900001525878906,63.709999084472656,63.810001373291016,15500
2026-09-15 10:10:00-03:00,63.81999969482422,63.95000076293945,63.560001373291016,63.91999816894531,68900
2026-09-15 10:15:00-03:00,63.91999816894531,63.91999816894531,63.5,63.5,92000
2026-09-15 10:20:00-03:00,63.5099983215332,63.63999938964844,63.34000015258789,63.41999816894531,177700
2026-09-15 10:25:00-03:00,63.41999816894531,63.68000030517578,63.34000015258789,63.61000061035156,188200
2026-09-15 10:30:00-03:00,63.63999938964844,64.08999633789062,63.619998931884766,64.0199966430664,313800
2026-09-15 10:35:00-03:00,64.05999755859375,64.31999969482422,63.84000015258789,64.12000274658203,202800
2026-09-15 10:40:00-03:00,64.11000061035156,64.26000213623047,64.0,64.05999755859375,126100
2026-09-15 10:45:00-03:00,64.08999633789062,64.20999908447266,64.04000091552734,64.20999908447266,68900
2026-09-15 10:50:00-03:00,64.19000244140625,64.23999786376953,64.08000183105469,64.16999816894531,73200
2026-09-15 10:55:00-03:00,64.16999816894531,64.20999908447266,64.0199966430664,64.11000061035156,62300
2026-09-15 11:00:00-03:00,64.12999725341797,64.2699966430664,64.05999755859375,64.08000183105469,86800
2026-09-15 11:05:00-03:00,64.06999969482422,64.23999786376953,64.05999755859375,64.12000274658203,98500
2026-09-15 11:10:00-03:00,64.11000061035156,64.26000213623047,64.11000061035156,64.25,37800
2026-09-15 11:15:00-03:00,64.25,64.37000274658203,64.19999694824219,64.26000213623047,93800
2026-09-15 11:20:00-03:00,64.26000213623047,64.33000183105469,64.22000122070312,64.31999969482422,32900
2026-09-15 11:25:00-03:00,64.31999969482422,64.36000061035156,64.16999816894531,64.23999786376953,51200
2026-09-15 11:30:00-03:00,64.27999877929688,64.30999755859375,64.16000366210938,64.23999786376953,56100
2026-09-15 11:35:00-03:00,64.23999786376953,64.54000091552734,64.23999786376953,64.41999816894531,123600
2026-09-15 11:40:00-03:00,64.44000244140625,64.47000122070312,64.25,64.30000305175781,37400
2026-09-15 11:45:00-03:00,64.30000305175781,64.4000015258789,64.19999694824219,64.38999938964844,68900
2026-09-15 11:50:00-03:00,64.38999938964844,64.48999786376953,64.25,64.27999877929688,133600
2026-09-15 11:55:00-03:00,64.29000091552734,64.37999725341797,64.22000122070312,64.23999786376953,125400
2026-09-15 12:00:00-03:00,64.23999786376953,64.27999877929688,64.16999816894531,64.18000030517578,36900
2026-09-15 12:05:00-03:00,64.18000030517578,64.3499984741211,64.08999633789062,64.31999969482422,52800
2026-09-15 12:10:00-03:00,64.33999633789062,64.43000030517578,64.33999633789062,64.41000366210938,58700
2026-09-15 12:15:00-03:00,64.41999816894531,64.75,64.41999816894531,64.75,151100
2026-09-15 12:20:00-03:00,64.7300033569336,65.05999755859375,64.66999816894531,64.9800033569336,186100
2026-09-15 12:25:00-03:00,64.97000122070312,65.13999938964844,64.95999908447266,65.11000061035156,55000
2026-09-15 12:30:00-03:00,65.12000274658203,65.2300033569336,65.01000213623047,65.16999816894531,119500
2026-09-15 12:35:00-03:00,65.16000366210938,65.19000244140625,65.08999633789062,65.13999938964844,76900
2026-09-15 12:40:00-03:00,65.1500015258789,65.22000122070312,65.12999725341797,65.1500015258789,46200
2026-09-15 12:45:00-03:00,65.16000366210938,65.16999816894531,65.0999984741211,65.0999984741211,31800
2026-09-15 12:50:00-03:00,65.0999984741211,65.11000061035156,64.9800033569336,65.08999633789062,46600
2026-09-15 12:55:00-03:00,65.08999633789062,65.08999633789062,64.94999694824219,65.0199966430664,28800
2026-09-15 13:00:00-03:00,65.01000213623047,65.01000213623047,64.93000030517578,64.94000244140625,51700
2026-09-15 13:05:00-03:00,64.94999694824219,65.08000183105469,64.87999725341797,65.05999755859375,36900
2026-09-15 13:10:00-03:00,65.05999755859375,65.19000244140625,65.05000305175781,65.1500015258789,51600
2026-09-15 13:15:00-03:00,65.13999938964844,65.2300033569336,65.11000061035156,65.18000030517578,56400
2026-09-15 13:20:00-03:00,65.18000030517578,65.66000366210938,65.18000030517578,65.66000366210938,202500
2026-09-15 13:25:00-03:00,65.6500015258789,65.94000244140625,65.6500015258789,65.88999938964844,190600
2026-09-15 13:30:00-03:00,65.9000015258789,65.91999816894531,65.41000366210938,65.44999694824219,263300
2026-09-15 13:35:00-03:00,65.44000244140625,65.62999725341797,65.44000244140625,65.5999984741211,109800
2026-09-15 13:40:00-03:00,65.5999984741211,65.8499984741211,65.5999984741211,65.81999969482422,132000
2026-09-15 13:45:00-03:00,65.80999755859375,65.88999938964844,65.79000091552734,65.81999969482422,53700
2026-09-15 13:50:00-03:00,65.81999969482422,65.87999725341797,65.75,65.77999877929688,87100
2026-09-15 13:55:00-03:00,65.77999877929688,65.9000015258789,65.77999877929688,65.83999633789062,48600
2026-09-15 14:00:00-03:00,65.83999633789062,65.94999694824219,65.80999755859375,65.83000183105469,69800
2026-09-15 14:05:00-03:00,65.83000183105469,66.06999969482422,65.80999755859375,66.0,138900
2026-09-15 14:10:00-03:00,65.97000122070312,66.08000183105469,65.81999969482422,65.83999633789062,213100
2026-09-15 14:15:00-03:00,65.83999633789062,65.8499984741211,65.61000061035156,65.63999938964844,132500
2026-09-15 14:20:00-03:00,65.63999938964844,65.69999694824219,65.62000274658203,65.66000366210938,82200
2026-09-15 14:25:00-03:00,65.66999816894531,65.75,65.62999725341797,65.66000366210938,99400
2026-09-15 14:30:00-03:00,65.66000366210938,65.69999694824219,65.62000274658203,65.6500015258789,74500
2026-09-15 14:35:00-03:00,65.66000366210938,65.69000244140625,65.58000183105469,65.61000061035156,99900
2026-09-15 14:40:00-03:00,65.61000061035156,65.61000061035156,65.47000122070312,65.51000213623047,108000
2026-09-15 14:45:00-03:00,65.51000213623047,65.55000305175781,65.47000122070312,65.48999786376953,54900
2026-09-15 14:50:00-03:00,65.5,65.5,65.43000030517578,65.4800033569336,85500
2026-09-15 14:55:00-03:00,65.5,65.61000061035156,65.5,65.55999755859375,108700
2026-09-15 15:00:00-03:00,65.58000183105469,65.68000030517578,65.55999755859375,65.58000183105469,166100
2026-09-15 15:05:00-03:00,65.58000183105469,65.75,65.56999969482422,65.6500015258789,104400
2026-09-15 15:10:00-03:00,65.6500015258789,65.6500015258789,65.55999755859375,65.62999725341797,47600
2026-09-15 15:15:00-03:00,65.66000366210938,65.69000244140625,65.55000305175781,65.55000305175781,51500
2026-09-15 15:20:00-03:00,65.55000305175781,65.5999984741211,65.52999877929688,65.52999877929688,51800
2026-09-15 15:25:00-03:00,65.52999877929688,65.55000305175781,65.43000030517578,65.44000244140625,48900
2026-09-15 15:30:00-03:00,65.45999908447266,65.47000122070312,65.37999725341797,65.37999725341797,98800
2026-09-15 15:35:00-03:00,65.37999725341797,65.41999816894531,65.3499984741211,65.36000061035156,74000
2026-09-15 15:40:00-03:00,65.37000274658203,65.43000030517578,65.30000305175781,65.36000061035156,76500
2026-09-15 15:45:00-03:00,65.36000061035156,65.4000015258789,65.33999633789062,65.38999938964844,53300
2026-09-15 15:50:00-03:00,65.37999725341797,65.41000366210938,65.37000274658203,65.4000015258789,50800
2026-09-15 15:55:00-03:00,65.38999938964844,65.54000091552734,65.37000274658203,65.4800033569336,84200
2026-09-15 16:00:00-03:00,65.5,65.55000305175781,65.44999694824219,65.5,62800
2026-09-15 16:05:00-03:00,65.5,65.52999877929688,65.36000061035156,65.41000366210938,100100
2026-09-15 16:10:00-03:00,65.4000015258789,65.4800033569336,65.33000183105469,65.36000061035156,51500
2026-09-15 16:15:00-03:00,65.3499984741211,65.47000122070312,65.3499984741211,65.43000030517578,51500
2026-09-15 16:20:00-03:00,65.41999816894531,65.44000244140625,65.33999633789062,65.4000015258789,67900
2026-09-15 16:25:00-03:00,65.4000015258789,65.5999984741211,65.4000015258789,65.56999969482422,55100
2026-09-15 16:30:00-03:00,65.56999969482422,65.62999725341797,65.3499984741211,65.41999816894531,186100
2026-09-15 16:35:00-03:00,65.41999816894531,65.66999816894531,65.41000366210938,65.62999725341797,65700
2026-09-15 16:40:00-03:00,65.63999938964844,65.70999908447266,65.54000091552734,65.58999633789062,89600
2026-09-15 16:45:00-03:00,65.56999969482422,65.69000244140625,65.55000305175781,65.56999969482422,107500
2026-09-15 16:50:00-03:00,65.58000183105469,65.66000366210938,65.48999786376953,65.48999786376953,94000
2026-09-16 10:05:00-03:00,64.87999725341797,64.87999725341797,64.38999938964844,64.55999755859375,54200
2026-09-16 10:10:00-03:00,64.56999969482422,64.72000122070312,64.30999755859375,64.66999816894531,128900
2026-09-16 10:15:00-03:00,64.6500015258789,64.6500015258789,64.52999877929688,64.61000061035156,26300
2026-09-16 10:20:00-03:00,64.63999938964844,64.68000030517578,64.44999694824219,64.47000122070312,75900
2026-09-16 10:25:00-03:00,64.45999908447266,64.55000305175781,64.31999969482422,64.3499984741211,44900
2026-09-16 10:30:00-03:00,64.33000183105469,64.33000183105469,64.0199966430664,64.02999877929688,99500
2026-09-16 10:35:00-03:00,64.0199966430664,64.0999984741211,63.689998626708984,63.79999923706055,130800
2026-09-16 10:40:00-03:00,63.79999923706055,63.79999923706055,63.560001373291016,63.689998626708984,164000
2026-09-16 10:45:00-03:00,63.689998626708984,63.7400016784668,63.439998626708984,63.58000183105469,127500
2026-09-16 10:50:00-03:00,63.61000061035156,63.630001068115234,63.25,63.310001373291016,148600
2026-09-16 10:55:00-03:00,63.29999923706055,63.380001068115234,63.25,63.279998779296875,81200
2026-09-16 11:00:00-03:00,63.2599983215332,63.58000183105469,63.2599983215332,63.540000915527344,193700
2026-09-16 11:05:00-03:00,63.540000915527344,63.79999923706055,63.40999984741211,63.79999923706055,149000
2026-09-16 11:10:00-03:00,63.79999923706055,63.79999923706055,63.619998931884766,63.7400016784668,140900
2026-09-16 11:15:00-03:00,63.72999954223633,63.7400016784668,63.4900016784668,63.560001373291016,83400
2026-09-16 11:20:00-03:00,63.540000915527344,63.70000076293945,63.5099983215332,63.61000061035156,59700
2026-09-16 11:25:00-03:00,63.61000061035156,63.7400016784668,63.61000061035156,63.70000076293945,44000
2026-09-16 11:30:00-03:00,63.689998626708984,63.7400016784668,63.5,63.5099983215332,74200
2026-09-16 11:35:00-03:00,63.52000045776367,63.54999923706055,63.43000030517578,63.43000030517578,45500
2026-09-16 11:40:00-03:00,63.439998626708984,63.439998626708984,63.31999969482422,63.34000015258789,72100
2026-09-16 11:45:00-03:00,63.349998474121094,63.36000061035156,62.939998626708984,63.099998474121094,268300
2026-09-16 11:50:00-03:00,63.09000015258789,63.13999938964844,62.939998626708984,63.13999938964844,145800
2026-09-16 11:55:00-03:00,63.150001525878906,63.2599983215332,62.959999084472656,62.959999084472656,153300
2026-09-16 12:00:00-03:00,62.970001220703125,63.09000015258789,62.86000061035156,62.93000030517578,135300
2026-09-16 12:05:00-03:00,62.939998626708984,62.97999954223633,62.70000076293945,62.77000045776367,143300
2026-09-16 12:10:00-03:00,62.77000045776367,62.900001525878906,62.7599983215332,62.83000183105469,71100
2026-09-16 12:15:00-03:00,62.83000183105469,63.0099983215332,62.70000076293945,62.75,142900
2026-09-16 12:20:00-03:00,62.75,62.849998474121094,62.68000030517578,62.83000183105469,69000
2026-09-16 12:25:00-03:00,62.83000183105469,63.0,62.81999969482422,62.91999816894531,63500
2026-09-16 12:30:00-03:00,62.91999816894531,63.08000183105469,62.900001525878906,63.0099983215332,316900
2026-09-16 12:35:00-03:00,63.02000045776367,63.18000030517578,62.91999816894531,63.06999969482422,86000
2026-09-16 12:40:00-03:00,63.060001373291016,63.099998474121094,63.0099983215332,63.06999969482422,109900
2026-09-16 12:45:00-03:00,63.06999969482422,63.099998474121094,62.68000030517578,62.97999954223633,178800
2026-09-16 12:50:00-03:00,62.97999954223633,63.09000015258789,62.88999938964844,63.02000045776367,65300
2026-09-16 12:55:00-03:00,63.02000045776367,63.099998474121094,62.97999954223633,63.09000015258789,58200
2026-09-16 13:00:00-03:00,63.08000183105469,63.27000045776367,63.040000915527344,63.150001525878906,263100
2026-09-16 13:05:00-03:00,63.150001525878906,63.18000030517578,63.02000045776367,63.040000915527344,90100
2026-09-16 13:10:00-03:00,63.040000915527344,63.16999816894531,63.040000915527344,63.060001373291016,52500
2026-09-16 13:15:00-03:00,63.060001373291016,63.20000076293945,63.02000045776367,63.18000030517578,64500
2026-09-16 13:20:00-03:00,63.15999984741211,63.2599983215332,63.11000061035156,63.2400016784668,76800
2026-09-16 13:25:00-03:00,63.2400016784668,63.29999923706055,63.209999084472656,63.22999954223633,42100
2026-09-16 13:30:00-03:00,63.220001220703125,63.279998779296875,63.16999816894531,63.2400016784668,54500
2026-09-16 13:35:00-03:00,63.2400016784668,63.38999938964844,63.2400016784668,63.369998931884766,68900
2026-09-16 13:40:00-03:00,63.380001068115234,63.400001525878906,63.25,63.27000045776367,72700
2026-09-16 13:45:00-03:00,63.27000045776367,63.349998474121094,63.220001220703125,63.25,33500
2026-09-16 13:50:00-03:00,63.25,63.38999938964844,63.20000076293945,63.38999938964844,61800
2026-09-16 13:55:00-03:00,63.369998931884766,63.38999938964844,63.279998779296875,63.369998931884766,49100
2026-09-16 14:00:00-03:00,63.369998931884766,63.41999816894531,63.150001525878906,63.150001525878906,71200
2026-09-16 14:05:00-03:00,63.150001525878906,63.150001525878906,63.02000045776367,63.04999923706055,95800
2026-09-16 14:10:00-03:00,63.040000915527344,63.119998931884766,63.040000915527344,63.119998931884766,41500
2026-09-16 14:15:00-03:00,63.11000061035156,63.220001220703125,63.11000061035156,63.15999984741211,47000
2026-09-16 14:20:00-03:00,63.15999984741211,63.18000030517578,63.13999938964844,63.16999816894531,39800
2026-09-16 14:25:00-03:00,63.16999816894531,63.20000076293945,63.119998931884766,63.150001525878906,55500
2026-09-16 14:30:00-03:00,63.119998931884766,63.13999938964844,63.06999969482422,63.130001068115234,58200
2026-09-16 14:35:00-03:00,63.130001068115234,63.130001068115234,63.02000045776367,63.04999923706055,59700
2026-09-16 14:40:00-03:00,63.04999923706055,63.13999938964844,62.7599983215332,63.09000015258789,136700
2026-09-16 14:45:00-03:00,63.06999969482422,63.40999984741211,63.06999969482422,63.27000045776367,219500
2026-09-16 14:50:00-03:00,63.27000045776367,63.27000045776367,63.130001068115234,63.150001525878906,63200
2026-09-16 14:55:00-03:00,63.13999938964844,63.279998779296875,63.13999938964844,63.2599983215332,66500
2026-09-16 15:00:00-03:00,63.25,63.279998779296875,63.040000915527344,63.189998626708984,76900
2026-09-16 15:05:00-03:00,63.189998626708984,63.33000183105469,63.13999938964844,63.33000183105469,62600
2026-09-16 15:10:00-03:00,63.31999969482422,63.34000015258789,63.279998779296875,63.290000915527344,63100
2026-09-16 15:15:00-03:00,63.290000915527344,63.33000183105469,63.209999084472656,63.22999954223633,60100
2026-09-16 15:20:00-03:00,63.220001220703125,63.349998474121094,63.209999084472656,63.29999923706055,53300
2026-09-16 15:25:00-03:00,63.29999923706055,63.310001373291016,63.119998931884766,63.119998931884766,100200
2026-09-16 15:30:00-03:00,63.11000061035156,63.15999984741211,62.939998626708984,62.970001220703125,113100
2026-09-16 15:35:00-03:00,62.959999084472656,62.959999084472656,62.779998779296875,62.88999938964844,123200
2026-09-16 15:40:00-03:00,62.88999938964844,62.9900016784668,62.88999938964844,62.939998626708984,83700
2026-09-16 15:45:00-03:00,62.95000076293945,63.0099983215332,62.90999984741211,62.93000030517578,96700
2026-09-16 15:50:00-03:00,62.93000030517578,63.02000045776367,62.93000030517578,62.939998626708984,81600
2026-09-16 15:55:00-03:00,62.93000030517578,63.119998931884766,62.880001068115234,63.099998474121094,195300
2026-09-16 16:00:00-03:00,63.09000015258789,63.18000030517578,63.04999923706055,63.06999969482422,80900
2026-09-16 16:05:00-03:00,63.060001373291016,63.09000015258789,63.0099983215332,63.06999969482422,60800
2026-09-16 16:10:00-03:00,63.04999923706055,63.09000015258789,62.959999084472656,63.06999969482422,77100
2026-09-16 16:15:00-03:00,63.04999923706055,63.2400016784668,63.04999923706055,63.220001220703125,169700
2026-09-16 16:20:00-03:00,63.20000076293945,63.2599983215332,63.029998779296875,63.06999969482422,105700
2026-09-16 16:25:00-03:00,63.06999969482422,63.099998474121094,62.95000076293945,63.0,104200
2026-09-16 16:30:00-03:00,63.0,63.02000045776367,62.79999923706055,62.869998931884766,111200
2026-09-16 16:35:00-03:00,62.869998931884766,62.90999984741211,62.72999954223633,62.810001373291016,123200
2026-09-16 16:40:00-03:00,62.79999923706055,62.880001068115234,62.689998626708984,62.720001220703125,205000
2026-09-16 16:45:00-03:00,62.709999084472656,62.810001373291016,62.619998931884766,62.75,267600
2026-09-16 16:50:00-03:00,62.75,62.880001068115234,62.709999084472656,62.880001068115234,118800
2026-09-16 16:55:00-03:00,62.83000183105469,62.83000183105469,62.83000183105469,62.83000183105469,0
2026-09-17 10:05:00-03:00,62.04999923706055,62.04999923706055,61.349998474121094,61.58000183105469,21400
2026-09-17 10:10:00-03:00,61.59000015258789,62.04999923706055,61.459999084472656,62.04999923706055,154500
2026-09-17 10:15:00-03:00,62.04999923706055,62.20000076293945,61.970001220703125,62.040000915527344,108200
2026-09-17 10:20:00-03:00,62.04999923706055,62.11000061035156,62.0,62.060001373291016,35000
2026-09-17 10:25:00-03:00,62.060001373291016,62.119998931884766,61.900001525878906,61.939998626708984,41900
2026-09-17 10:30:00-03:00,61.95000076293945,62.02000045776367,61.599998474121094,61.630001068115234,141400
2026-09-17 10:35:00-03:00,61.630001068115234,61.86000061035156,61.619998931884766,61.79999923706055,66200
2026-09-17 10:40:00-03:00,61.810001373291016,61.959999084472656,61.68000030517578,61.790000915527344,110900
2026-09-17 10:45:00-03:00,61.810001373291016,61.93000030517578,61.65999984741211,61.72999954223633,51200
2026-09-17 10:50:00-03:00,61.72999954223633,61.83000183105469,61.65999984741211,61.790000915527344,40600
2026-09-17 10:55:00-03:00,61.779998779296875,61.90999984741211,61.68000030517578,61.90999984741211,33900
2026-09-17 11:00:00-03:00,61.90999984741211,61.97999954223633,61.810001373291016,61.880001068115234,32200
2026-09-17 11:05:00-03:00,61.880001068115234,61.95000076293945,61.869998931884766,61.88999938964844,34700
2026-09-17 11:10:00-03:00,61.88999938964844,61.90999984741211,61.79999923706055,61.880001068115234,28900
2026-09-17 11:15:00-03:00,61.88999938964844,61.88999938964844,61.650001525878906,61.66999816894531,62500
2026-09-17 11:20:00-03:00,61.650001525878906,61.65999984741211,61.41999816894531,61.459999084472656,196200
2026-09-17 11:25:00-03:00,61.459999084472656,61.779998779296875,61.459999084472656,61.7599983215332,58800
2026-09-17 11:30:00-03:00,61.779998779296875,61.939998626708984,61.779998779296875,61.880001068115234,25700
2026-09-17 11:35:00-03:00,61.880001068115234,62.13999938964844,61.83000183105469,62.13999938964844,42100
2026-09-17 11:40:00-03:00,62.13999938964844,62.13999938964844,61.9900016784668,62.11000061035156,23000
2026-09-17 11:45:00-03:00,62.130001068115234,62.13999938964844,62.029998779296875,62.13999938964844,30100
2026-09-17 11:50:00-03:00,62.13999938964844,62.220001220703125,62.11000061035156,62.209999084472656,33200
2026-09-17 11:55:00-03:00,62.209999084472656,62.2400016784668,62.13999938964844,62.15999984741211,36500
2026-09-17 12:00:00-03:00,62.150001525878906,62.15999984741211,62.029998779296875,62.099998474121094,27200
2026-09-17 12:05:00-03:00,62.11000061035156,62.119998931884766,62.060001373291016,62.06999969482422,13400
2026-09-17 12:10:00-03:00,62.09000015258789,62.189998626708984,62.06999969482422,62.09000015258789,19300
2026-09-17 12:15:00-03:00,62.06999969482422,62.16999816894531,62.0,62.099998474121094,26100
2026-09-17 12:20:00-03:00,62.11000061035156,62.33000183105469,62.040000915527344,62.22999954223633,48200
2026-09-17 12:25:00-03:00,62.2400016784668,62.2599983215332,62.130001068115234,62.2599983215332,31100
2026-09-17 12:30:00-03:00,62.25,62.27000045776367,62.189998626708984,62.209999084472656,23200
2026-09-17 12:35:00-03:00,62.20000076293945,62.43000030517578,62.20000076293945,62.40999984741211,55700
2026-09-17 12:40:00-03:00,62.41999816894531,62.41999816894531,62.189998626708984,62.29999923706055,88300
2026-09-17 12:45:00-03:00,62.29999923706055,62.29999923706055,62.18000030517578,62.2400016784668,35400
2026-09-17 12:50:00-03:00,62.27000045776367,62.27000045776367,62.209999084472656,62.25,17100
2026-09-17 12:55:00-03:00,62.25,62.25,62.189998626708984,62.220001220703125,17500
2026-09-17 13:00:00-03:00,62.220001220703125,62.279998779296875,62.18000030517578,62.2599983215332,17900
2026-09-17 13:05:00-03:00,62.25,62.400001525878906,62.20000076293945,62.380001068115234,37900
2026-09-17 13:10:00-03:00,62.349998474121094,62.400001525878906,62.310001373291016,62.36000061035156,24100
2026-09-17 13:15:00-03:00,62.36000061035156,62.54999923706055,62.36000061035156,62.4900016784668,82400
2026-09-17 13:20:00-03:00,62.4900016784668,62.560001373291016,62.45000076293945,62.5,32800
2026-09-17 13:25:00-03:00,62.5,62.56999969482422,62.5,62.5,24200
2026-09-17 13:30:00-03:00,62.5,62.650001525878906,62.5,62.61000061035156,31800
2026-09-17 13:35:00-03:00,62.619998931884766,62.70000076293945,62.599998474121094,62.65999984741211,60700
2026-09-17 13:40:00-03:00,62.66999816894531,62.7400016784668,62.66999816894531,62.68000030517578,33200
2026-09-17 13:45:00-03:00,62.689998626708984,62.779998779296875,62.689998626708984,62.709999084472656,51100
2026-09-17 13:50:00-03:00,62.720001220703125,62.779998779296875,62.70000076293945,62.70000076293945,24000
2026-09-17 13:55:00-03:00,62.70000076293945,62.95000076293945,62.70000076293945,62.90999984741211,111900
2026-09-17 14:00:00-03:00,62.88999938964844,62.88999938964844,62.790000915527344,62.84000015258789,20700
2026-09-17 14:05:00-03:00,62.83000183105469,62.880001068115234,62.790000915527344,62.790000915527344,32300
2026-09-17 14:10:00-03:00,62.77000045776367,62.869998931884766,62.7599983215332,62.86000061035156,25400
2026-09-17 14:15:00-03:00,62.86000061035156,62.88999938964844,62.81999969482422,62.869998931884766,29500
2026-09-17 14:20:00-03:00,62.86000061035156,62.88999938964844,62.79999923706055,62.83000183105469,26300
2026-09-17 14:25:00-03:00,62.81999969482422,62.849998474121094,62.79999923706055,62.84000015258789,12100
2026-09-17 14:30:00-03:00,62.84000015258789,62.88999938964844,62.810001373291016,62.880001068115234,41600
2026-09-17 14:35:00-03:00,62.880001068115234,62.95000076293945,62.86000061035156,62.869998931884766,26700
2026-09-17 14:40:00-03:00,62.849998474121094,62.91999816894531,62.84000015258789,62.91999816894531,15200
2026-09-17 14:45:00-03:00,62.90999984741211,62.939998626708984,62.689998626708984,62.880001068115234,98800
2026-09-17 14:50:00-03:00,62.88999938964844,63.060001373291016,62.880001068115234,63.029998779296875,84100
2026-09-17 14:55:00-03:00,63.02000045776367,63.13999938964844,63.02000045776367,63.119998931884766,47900
2026-09-17 15:00:00-03:00,63.119998931884766,63.150001525878906,63.02000045776367,63.029998779296875,76500
2026-09-17 15:05:00-03:00,63.0099983215332,63.060001373291016,63.0099983215332,63.02000045776367,17100
2026-09-17 15:10:00-03:00,63.02000045776367,63.029998779296875,62.9900016784668,62.9900016784668,26400
2026-09-17 15:15:00-03:00,63.0,63.04999923706055,62.970001220703125,63.0099983215332,48600
2026-09-17 15:20:00-03:00,63.0,63.0099983215332,62.95000076293945,63.0,32700
2026-09-17 15:25:00-03:00,63.0,63.0099983215332,62.939998626708984,63.0099983215332,26100
2026-09-17 15:30:00-03:00,63.0099983215332,63.02000045776367,62.97999954223633,63.0,24400
2026-09-17 15:35:00-03:00,62.9900016784668,62.9900016784668,62.91999816894531,62.939998626708984,23700
2026-09-17 15:40:00-03:00,62.939998626708984,62.9900016784668,62.900001525878906,62.91999816894531,42900
2026-09-17 15:45:00-03:00,62.93000030517578,63.0,62.93000030517578,62.970001220703125,27000
2026-09-17 15:50:00-03:00,62.970001220703125,63.08000183105469,62.95000076293945,63.040000915527344,36000
2026-09-17 15:55:00-03:00,63.040000915527344,63.06999969482422,63.040000915527344,63.06999969482422,12400
2026-09-17 16:00:00-03:00,63.06999969482422,63.189998626708984,63.029998779296875,63.16999816894531,64800
2026-09-17 16:05:00-03:00,63.16999816894531,63.18000030517578,63.13999938964844,63.16999816894531,27400
2026-09-17 16:10:00-03:00,63.18000030517578,63.2400016784668,63.16999816894531,63.22999954223633,25000
2026-09-17 16:15:00-03:00,63.22999954223633,63.27000045776367,63.13999938964844,63.150001525878906,33400
2026-09-17 16:20:00-03:00,63.150001525878906,63.209999084472656,63.130001068115234,63.15999984741211,21100
2026-09-17 16:25:00-03:00,63.15999984741211,63.20000076293945,63.15999984741211,63.20000076293945,16100
2026-09-17 16:30:00-03:00,63.20000076293945,63.2599983215332,63.09000015258789,63.209999084472656,66200
2026-09-17 16:35:00-03:00,63.220001220703125,63.290000915527344,63.150001525878906,63.2599983215332,67600
2026-09-17 16:40:00-03:00,63.2599983215332,63.33000183105469,63.25,63.29999923706055,91100
2026-09-17 16:45:00-03:00,63.290000915527344,63.29999923706055,63.220001220703125,63.2599983215332,87500
2026-09-17 16:50:00-03:00,63.27000045776367,63.47999954223633,63.16999816894531,63.47999954223633,143200
2026-09-18 10:05:00-03:00,63.0099983215332,63.33000183105469,62.959999084472656,63.33000183105469,7500
2026-09-18 10:10:00-03:00,63.349998474121094,63.349998474121094,62.91999816894531,62.95000076293945,55600
2026-09-18 10:15:00-03:00,62.95000076293945,63.400001525878906,62.939998626708984,63.400001525878906,51900
2026-09-18 10:20:00-03:00,63.400001525878906,63.810001373291016,63.2599983215332,63.59000015258789,82800
2026-09-18 10:25:00-03:00,63.58000183105469,63.58000183105469,63.47999954223633,63.5,43100
2026-09-18 10:30:00-03:00,63.4900016784668,63.4900016784668,63.130001068115234,63.209999084472656,117900
2026-09-18 10:35:00-03:00,63.209999084472656,63.2400016784668,62.9900016784668,63.150001525878906,72900
2026-09-18 10:40:00-03:00,63.150001525878906,63.380001068115234,63.08000183105469,63.380001068115234,87700
2026-09-18 10:45:00-03:00,63.38999938964844,63.43000030517578,63.31999969482422,63.41999816894531,40400
2026-09-18 10:50:00-03:00,63.43000030517578,63.439998626708984,62.959999084472656,63.02000045776367,90800
2026-09-18 10:55:00-03:00,63.04999923706055,63.18000030517578,62.9900016784668,63.13999938964844,29900
2026-09-18 11:00:00-03:00,63.130001068115234,63.130001068115234,62.9900016784668,63.040000915527344,34000
2026-09-18 11:05:00-03:00,63.02000045776367,63.040000915527344,62.95000076293945,63.0,35000
2026-09-18 11:10:00-03:00,62.9900016784668,63.040000915527344,62.84000015258789,62.9900016784668,45000
2026-09-18 11:15:00-03:00,62.9900016784668,63.040000915527344,62.95000076293945,63.029998779296875,18400
2026-09-18 11:20:00-03:00,63.02000045776367,63.029998779296875,62.75,62.7599983215332,46900
2026-09-18 11:25:00-03:00,62.790000915527344,62.90999984741211,62.790000915527344,62.900001525878906,28400
2026-09-18 11:30:00-03:00,62.880001068115234,62.90999984741211,62.81999969482422,62.86000061035156,32400
2026-09-18 11:35:00-03:00,62.86000061035156,63.040000915527344,62.77000045776367,62.869998931884766,37800
2026-09-18 11:40:00-03:00,62.869998931884766,62.88999938964844,62.720001220703125,62.849998474121094,24600
2026-09-18 11:45:00-03:00,62.869998931884766,62.95000076293945,62.61000061035156,62.65999984741211,139600
2026-09-18 11:50:00-03:00,62.66999816894531,62.68000030517578,62.5099983215332,62.630001068115234,81600
2026-09-18 11:55:00-03:00,62.63999938964844,62.849998474121094,62.630001068115234,62.83000183105469,42800
2026-09-18 12:00:00-03:00,62.84000015258789,62.880001068115234,62.72999954223633,62.81999969482422,59300
2026-09-18 12:05:00-03:00,62.810001373291016,62.86000061035156,62.779998779296875,62.79999923706055,50400
2026-09-18 12:10:00-03:00,62.779998779296875,62.83000183105469,62.77000045776367,62.779998779296875,10300
2026-09-18 12:15:00-03:00,62.81999969482422,62.93000030517578,62.81999969482422,62.849998474121094,104800
2026-09-18 12:20:00-03:00,62.84000015258789,62.869998931884766,62.79999923706055,62.810001373291016,11400
2026-09-18 12:25:00-03:00,62.79999923706055,62.849998474121094,62.79999923706055,62.849998474121094,14600
2026-09-18 12:30:00-03:00,62.849998474121094,62.849998474121094,62.689998626708984,62.75,99100
2026-09-18 12:35:00-03:00,62.7400016784668,62.7400016784668,62.599998474121094,62.65999984741211,35400
2026-09-18 12:40:00-03:00,62.65999984741211,62.65999984741211,62.45000076293945,62.470001220703125,132900
2026-09-18 12:45:00-03:00,62.459999084472656,62.52000045776367,62.459999084472656,62.459999084472656,38900
2026-09-18 12:50:00-03:00,62.470001220703125,62.52000045776367,62.459999084472656,62.52000045776367,77900
2026-09-18 12:55:00-03:00,62.5099983215332,62.560001373291016,62.400001525878906,62.540000915527344,94600
2026-09-18 13:00:00-03:00,62.54999923706055,62.58000183105469,62.45000076293945,62.5,24500
2026-09-18 13:05:00-03:00,62.5099983215332,62.61000061035156,62.5099983215332,62.599998474121094,16500
2026-09-18 13:10:00-03:00,62.599998474121094,62.79999923706055,62.599998474121094,62.79999923706055,44400
2026-09-18 13:15:00-03:00,62.790000915527344,62.869998931884766,62.75,62.86000061035156,70100
2026-09-18 13:20:00-03:00,62.86000061035156,62.869998931884766,62.68000030517578,62.72999954223633,78600
2026-09-18 13:25:00-03:00,62.720001220703125,62.810001373291016,62.61000061035156,62.630001068115234,71300
2026-09-18 13:30:00-03:00,62.63999938964844,62.75,62.599998474121094,62.650001525878906,55700
2026-09-18 13:35:00-03:00,62.650001525878906,62.810001373291016,62.650001525878906,62.709999084472656,31600
2026-09-18 13:40:00-03:00,62.709999084472656,62.72999954223633,62.650001525878906,62.65999984741211,18100
2026-09-18 13:45:00-03:00,62.65999984741211,62.790000915527344,62.650001525878906,62.7599983215332,58500
2026-09-18 13:50:00-03:00,62.75,62.79999923706055,62.72999954223633,62.7599983215332,17400
2026-09-18 13:55:00-03:00,62.7599983215332,62.790000915527344,62.7400016784668,62.790000915527344,12800
2026-09-18 14:00:00-03:00,62.790000915527344,62.79999923706055,62.7400016784668,62.779998779296875,25400
2026-09-18 14:05:00-03:00,62.779998779296875,62.84000015258789,62.7599983215332,62.81999969482422,13800
2026-09-18 14:10:00-03:00,62.810001373291016,62.88999938964844,62.79999923706055,62.88999938964844,27800
2026-09-18 14:15:00-03:00,62.88999938964844,62.959999084472656,62.869998931884766,62.90999984741211,101600
2026-09-18 14:20:00-03:00,62.93000030517578,62.95000076293945,62.869998931884766,62.869998931884766,18100
2026-09-18 14:25:00-03:00,62.869998931884766,62.91999816894531,62.77000045776367,62.79999923706055,26200
2026-09-18 14:30:00-03:00,62.83000183105469,62.849998474121094,62.61000061035156,62.65999984741211,57100
2026-09-18 14:35:00-03:00,62.650001525878906,62.77000045776367,62.650001525878906,62.7400016784668,24400
2026-09-18 14:40:00-03:00,62.72999954223633,62.7599983215332,62.66999816894531,62.7599983215332,27000
2026-09-18 14:45:00-03:00,62.7599983215332,62.779998779296875,62.65999984741211,62.70000076293945,13600
2026-09-18 14:50:00-03:00,62.72999954223633,62.779998779296875,62.70000076293945,62.709999084472656,17800
2026-09-18 14:55:00-03:00,62.720001220703125,62.75,62.65999984741211,62.7400016784668,16600
2026-09-18 15:00:00-03:00,62.7400016784668,62.849998474121094,62.70000076293945,62.849998474121094,17400
2026-09-18 15:05:00-03:00,62.84000015258789,62.900001525878906,62.810001373291016,62.880001068115234,26700
2026-09-18 15:10:00-03:00,62.88999938964844,62.95000076293945,62.86000061035156,62.95000076293945,20000
2026-09-18 15:15:00-03:00,62.939998626708984,63.040000915527344,62.93000030517578,63.029998779296875,26700
2026-09-18 15:20:00-03:00,63.029998779296875,63.130001068115234,63.0099983215332,63.130001068115234,24900
2026-09-18 15:25:00-03:00,63.130001068115234,63.2599983215332,63.119998931884766,63.25,38500
2026-09-18 15:30:00-03:00,63.25,63.25,63.130001068115234,63.189998626708984,35200
2026-09-18 15:35:00-03:00,63.189998626708984,63.2400016784668,63.15999984741211,63.15999984741211,19600
2026-09-18 15:40:00-03:00,63.15999984741211,63.18000030517578,63.06999969482422,63.130001068115234,17400
2026-09-18 15:45:00-03:00,63.119998931884766,63.29999923706055,63.08000183105469,63.29999923706055,94500
2026-09-18 15:50:00-03:00,63.29999923706055,63.29999923706055,63.2400016784668,63.25,23000
2026-09-18 15:55:00-03:00,63.2599983215332,63.27000045776367,63.209999084472656,63.2400016784668,28400
2026-09-18 16:00:00-03:00,63.209999084472656,63.2599983215332,63.189998626708984,63.2400016784668,37100
2026-09-18 16:05:00-03:00,63.2599983215332,63.2599983215332,63.06999969482422,63.130001068115234,73500
2026-09-18 16:10:00-03:00,63.13999938964844,63.25,63.13999938964844,63.22999954223633,25800
2026-09-18 16:15:00-03:00,63.22999954223633,63.290000915527344,63.20000076293945,63.290000915527344,56200
2026-09-18 16:20:00-03:00,63.290000915527344,63.290000915527344,63.209999084472656,63.22999954223633,31300
2026-09-18 16:25:00-03:00,63.2400016784668,63.25,63.150001525878906,63.220001220703125,42200
2026-09-18 16:30:00-03:00,63.220001220703125,63.220001220703125,63.150001525878906,63.16999816894531,46400
2026-09-18 16:35:00-03:00,63.16999816894531,63.189998626708984,63.119998931884766,63.18000030517578,37000
2026-09-18 16:40:00-03:00,63.18000030517578,63.22999954223633,63.15999984741211,63.15999984741211,101100
2026-09-18 16:45:00-03:00,63.15999984741211,63.41999816894531,63.150001525878906,63.31999969482422,103300
2026-09-21 10:00:00-03:00,62.68000030517578,62.689998626708984,62.400001525878906,62.4900016784668,107600
2026-09-21 10:05:00-03:00,62.43000030517578,62.70000076293945,62.25,62.29999923706055,149400
2026-09-21 10:10:00-03:00,62.29999923706055,62.29999923706055,62.0,62.25,123500
2026-09-21 10:15:00-03:00,62.25,62.25,61.90999984741211,62.040000915527344,90600
2026-09-21 10:20:00-03:00,62.040000915527344,62.220001220703125,61.95000076293945,62.16999816894531,97700
2026-09-21 10:25:00-03:00,62.220001220703125,62.220001220703125,62.0099983215332,62.040000915527344,70900
2026-09-21 10:30:00-03:00,62.060001373291016,62.45000076293945,62.060001373291016,62.349998474121094,100200
2026-09-21 10:35:00-03:00,62.349998474121094,62.349998474121094,62.06999969482422,62.11000061035156,79600
2026-09-21 10:40:00-03:00,62.11000061035156,62.2400016784668,61.880001068115234,62.13999938964844,137700
2026-09-21 10:45:00-03:00,62.13999938964844,62.150001525878906,61.77000045776367,62.08000183105469,173800
2026-09-21 10:50:00-03:00,62.099998474121094,62.11000061035156,61.77000045776367,61.77000045776367,165300
2026-09-21 10:55:00-03:00,61.7599983215332,61.869998931884766,61.7400016784668,61.86000061035156,38500
2026-09-21 11:00:00-03:00,61.849998474121094,61.900001525878906,61.709999084472656,61.77000045776367,54100
2026-09-21 11:05:00-03:00,61.7599983215332,61.849998474121094,61.72999954223633,61.810001373291016,33600
2026-09-21 11:10:00-03:00,61.79999923706055,61.84000015258789,61.63999938964844,61.66999816894531,90700
2026-09-21 11:15:00-03:00,61.66999816894531,61.79999923706055,61.61000061035156,61.779998779296875,68900
2026-09-21 11:20:00-03:00,61.77000045776367,61.79999923706055,61.66999816894531,61.7599983215332,30600
2026-09-21 11:25:00-03:00,61.75,61.84000015258789,61.70000076293945,61.83000183105469,32400
2026-09-21 11:30:00-03:00,61.81999969482422,61.900001525878906,61.79999923706055,61.83000183105469,104300
2026-09-21 11:35:00-03:00,61.83000183105469,61.900001525878906,61.54999923706055,61.630001068115234,103300
2026-09-21 11:40:00-03:00,61.650001525878906,61.7599983215332,61.5,61.5,104700
2026-09-21 11:45:00-03:00,61.5099983215332,61.599998474121094,61.45000076293945,61.5,110900
2026-09-21 11:50:00-03:00,61.52000045776367,61.630001068115234,61.5099983215332,61.560001373291016,137300
2026-09-21 11:55:00-03:00,61.56999969482422,61.619998931884766,61.5,61.540000915527344,32700
2026-09-21 12:00:00-03:00,61.54999923706055,61.72999954223633,61.540000915527344,61.689998626708984,39800
2026-09-21 12:05:00-03:00,61.70000076293945,61.77000045776367,61.56999969482422,61.59000015258789,47800
2026-09-21 12:10:00-03:00,61.599998474121094,61.709999084472656,61.59000015258789,61.68000030517578,38300
2026-09-21 12:15:00-03:00,61.70000076293945,61.70000076293945,61.59000015258789,61.619998931884766,29300
2026-09-21 12:20:00-03:00,61.619998931884766,61.66999816894531,61.59000015258789,61.599998474121094,33300
2026-09-21 12:25:00-03:00,61.599998474121094,61.619998931884766,61.47999954223633,61.4900016784668,42000
2026-09-21 12:30:00-03:00,61.4900016784668,61.5099983215332,61.400001525878906,61.40999984741211,84300
2026-09-21 12:35:00-03:00,61.40999984741211,61.43000030517578,61.31999969482422,61.38999938964844,57400
2026-09-21 12:40:00-03:00,61.400001525878906,61.5,61.38999938964844,61.459999084472656,29600
2026-09-21 12:45:00-03:00,61.47999954223633,61.4900016784668,61.439998626708984,61.459999084472656,13400
2026-09-21 12:50:00-03:00,61.470001220703125,61.47999954223633,61.34000015258789,61.38999938964844,99700
2026-09-21 12:55:00-03:00,61.400001525878906,61.45000076293945,61.33000183105469,61.380001068115234,35700
2026-09-21 13:00:00-03:00,61.380001068115234,61.47999954223633,61.380001068115234,61.41999816894531,59400
2026-09-21 13:05:00-03:00,61.43000030517578,61.470001220703125,61.29999923706055,61.369998931884766,141200
2026-09-21 13:10:00-03:00,61.380001068115234,61.470001220703125,61.369998931884766,61.45000076293945,58900
2026-09-21 13:15:00-03:00,61.45000076293945,61.5,61.400001525878906,61.45000076293945,39100
2026-09-21 13:20:00-03:00,61.45000076293945,61.54999923706055,61.349998474121094,61.38999938964844,103300
2026-09-21 13:25:00-03:00,61.38999938964844,61.43000030517578,61.349998474121094,61.349998474121094,70800
2026-09-21 13:30:00-03:00,61.36000061035156,61.43000030517578,61.349998474121094,61.369998931884766,45300
2026-09-21 13:35:00-03:00,61.38999938964844,61.529998779296875,61.369998931884766,61.47999954223633,62600
2026-09-21 13:40:00-03:00,61.5,61.52000045776367,61.40999984741211,61.41999816894531,47800
2026-09-21 13:45:00-03:00,61.400001525878906,61.45000076293945,61.25,61.25,157200
2026-09-21 13:50:00-03:00,61.25,61.27000045776367,61.22999954223633,61.22999954223633,43300
2026-09-21 13:55:00-03:00,61.25,61.41999816894531,61.209999084472656,61.38999938964844,49200
2026-09-21 14:00:00-03:00,61.40999984741211,61.459999084472656,61.369998931884766,61.40999984741211,41800
2026-09-21 14:05:00-03:00,61.40999984741211,61.4900016784668,61.40999984741211,61.470001220703125,55700
2026-09-21 14:10:00-03:00,61.47999954223633,61.5,61.45000076293945,61.459999084472656,33300
2026-09-21 14:15:00-03:00,61.47999954223633,61.4900016784668,61.380001068115234,61.43000030517578,67600
2026-09-21 14:20:00-03:00,61.40999984741211,61.5,61.400001525878906,61.439998626708984,31600
2026-09-21 14:25:00-03:00,61.470001220703125,61.5,61.43000030517578,61.459999084472656,24300
2026-09-21 14:30:00-03:00,61.47999954223633,61.5099983215332,61.439998626708984,61.5,37700
2026-09-21 14:35:00-03:00,61.5,61.52000045776367,61.47999954223633,61.4900016784668,21000
2026-09-21 14:40:00-03:00,61.4900016784668,61.5,61.439998626708984,61.470001220703125,19100
2026-09-21 14:45:00-03:00,61.47999954223633,61.4900016784668,61.43000030517578,61.439998626708984,24200
2026-09-21 14:50:00-03:00,61.459999084472656,61.470001220703125,61.40999984741211,61.40999984741211,18300
2026-09-21 14:55:00-03:00,61.43000030517578,61.47999954223633,61.400001525878906,61.45000076293945,26900
2026-09-21 15:00:00-03:00,61.470001220703125,61.47999954223633,61.43000030517578,61.470001220703125,17100
2026-09-21 15:05:00-03:00,61.470001220703125,61.47999954223633,61.439998626708984,61.47999954223633,29400
2026-09-21 15:10:00-03:00,61.47999954223633,61.47999954223633,61.40999984741211,61.43000030517578,31500
2026-09-21 15:15:00-03:00,61.439998626708984,61.4900016784668,61.380001068115234,61.470001220703125,41300
2026-09-21 15:20:00-03:00,61.470001220703125,61.59000015258789,61.470001220703125,61.560001373291016,94900
2026-09-21 15:25:00-03:00,61.56999969482422,61.56999969482422,61.470001220703125,61.529998779296875,23500
2026-09-21 15:30:00-03:00,61.5099983215332,61.529998779296875,61.45000076293945,61.470001220703125,61900
2026-09-21 15:35:00-03:00,61.4900016784668,61.54999923706055,61.45000076293945,61.54999923706055,32700
2026-09-21 15:40:00-03:00,61.540000915527344,61.56999969482422,61.470001220703125,61.4900016784668,49800
2026-09-21 15:45:00-03:00,61.4900016784668,61.54999923706055,61.470001220703125,61.54999923706055,49700
2026-09-21 15:50:00-03:00,61.560001373291016,61.650001525878906,61.540000915527344,61.63999938964844,45400
2026-09-21 15:55:00-03:00,61.63999938964844,61.65999984741211,61.529998779296875,61.58000183105469,46800
2026-09-21 16:00:00-03:00,61.58000183105469,61.599998474121094,61.5099983215332,61.52000045776367,52100
2026-09-21 16:05:00-03:00,61.52000045776367,61.52000045776367,61.25,61.27000045776367,153200
2026-09-21 16:10:00-03:00,61.27000045776367,61.36000061035156,61.25,61.29999923706055,98600
2026-09-21 16:15:00-03:00,61.290000915527344,61.310001373291016,61.189998626708984,61.220001220703125,118700
2026-09-21 16:20:00-03:00,61.209999084472656,61.209999084472656,61.02000045776367,61.06999969482422,157300
2026-09-21 16:25:00-03:00,61.08000183105469,61.27000045776367,60.86000061035156,61.0,569700
2026-09-21 16:30:00-03:00,61.0099983215332,61.04999923706055,60.720001220703125,60.869998931884766,161200
2026-09-21 16:35:00-03:00,60.869998931884766,60.9900016784668,60.869998931884766,60.970001220703125,103100
2026-09-21 16:40:00-03:00,60.970001220703125,60.9900016784668,60.779998779296875,60.869998931884766,170700
2026-09-21 16:45:00-03:00,60.869998931884766,61.0099983215332,60.68000030517578,60.7599983215332,347200
2026-09-21 16:50:00-03:00,60.7599983215332,60.849998474121094,60.70000076293945,60.79999923706055,119300
2026-09-22 10:05:00-03:00,60.18000030517578,60.34000015258789,59.970001220703125,60.33000183105469,29100
2026-09-22 10:10:00-03:00,60.33000183105469,60.68000030517578,60.22999954223633,60.650001525878906,140300
2026-09-22 10:15:00-03:00,60.619998931884766,60.630001068115234,60.25,60.290000915527344,182800
2026-09-22 10:20:00-03:00,60.310001373291016,60.599998474121094,60.29999923706055,60.4900016784668,99700
2026-09-22 10:25:00-03:00,60.5,60.5,60.400001525878906,60.40999984741211,36900
2026-09-22 10:30:00-03:00,60.439998626708984,60.560001373291016,60.2599983215332,60.40999984741211,110000
2026-09-22 10:35:00-03:00,60.470001220703125,60.47999954223633,60.27000045776367,60.29999923706055,107800
2026-09-22 10:40:00-03:00,60.310001373291016,60.56999969482422,60.29999923706055,60.5,108000
2026-09-22 10:45:00-03:00,60.54999923706055,60.59000015258789,60.43000030517578,60.439998626708984,86100
2026-09-22 10:50:00-03:00,60.43000030517578,60.4900016784668,60.2599983215332,60.349998474121094,60200
2026-09-22 10:55:00-03:00,60.349998474121094,60.400001525878906,60.279998779296875,60.33000183105469,46700
2026-09-22 11:00:00-03:00,60.34000015258789,60.54999923706055,60.33000183105469,60.41999816894531,78400
2026-09-22 11:05:00-03:00,60.43000030517578,60.59000015258789,60.380001068115234,60.459999084472656,80000
2026-09-22 11:10:00-03:00,60.45000076293945,60.61000061035156,60.36000061035156,60.59000015258789,113900
2026-09-22 11:15:00-03:00,60.56999969482422,60.619998931884766,60.5,60.58000183105469,53400
2026-09-22 11:20:00-03:00,60.58000183105469,60.650001525878906,60.5,60.5099983215332,66300
2026-09-22 11:25:00-03:00,60.5099983215332,60.540000915527344,60.41999816894531,60.41999816894531,61900
2026-09-22 11:30:00-03:00,60.41999816894531,60.470001220703125,60.349998474121094,60.349998474121094,56300
2026-09-22 11:35:00-03:00,60.349998474121094,60.59000015258789,60.33000183105469,60.58000183105469,198500
2026-09-22 11:40:00-03:00,60.56999969482422,60.75,60.560001373291016,60.619998931884766,139400
2026-09-22 11:45:00-03:00,60.61000061035156,60.709999084472656,60.599998474121094,60.61000061035156,70000
2026-09-22 11:50:00-03:00,60.599998474121094,60.90999984741211,60.599998474121094,60.880001068115234,122800
2026-09-22 11:55:00-03:00,60.880001068115234,60.880001068115234,60.599998474121094,60.63999938964844,60400
2026-09-22 12:00:00-03:00,60.63999938964844,60.68000030517578,60.560001373291016,60.630001068115234,33400
2026-09-22 12:05:00-03:00,60.630001068115234,60.65999984741211,60.529998779296875,60.59000015258789,44100
2026-09-22 12:10:00-03:00,60.599998474121094,60.61000061035156,60.45000076293945,60.45000076293945,81800
2026-09-22 12:15:00-03:00,60.45000076293945,60.470001220703125,60.29999923706055,60.29999923706055,77500
2026-09-22 12:20:00-03:00,60.29999923706055,60.380001068115234,60.29999923706055,60.33000183105469,98000
2026-09-22 12:25:00-03:00,60.34000015258789,60.41999816894531,60.290000915527344,60.38999938964844,68900
2026-09-22 12:30:00-03:00,60.38999938964844,60.58000183105469,60.38999938964844,60.58000183105469,90500
2026-09-22 12:35:00-03:00,60.58000183105469,60.66999816894531,60.470001220703125,60.650001525878906,69800
2026-09-22 12:40:00-03:00,60.66999816894531,60.75,60.59000015258789,60.599998474121094,92100
2026-09-22 12:45:00-03:00,60.599998474121094,60.7599983215332,60.599998474121094,60.689998626708984,68200
2026-09-22 12:50:00-03:00,60.70000076293945,60.709999084472656,60.599998474121094,60.650001525878906,46900
2026-09-22 12:55:00-03:00,60.63999938964844,60.689998626708984,60.619998931884766,60.66999816894531,37100
2026-09-22 13:00:00-03:00,60.65999984741211,60.959999084472656,60.63999938964844,60.900001525878906,98800
2026-09-22 13:05:00-03:00,60.88999938964844,60.95000076293945,60.880001068115234,60.95000076293945,66600
2026-09-22 13:10:00-03:00,60.95000076293945,60.95000076293945,60.849998474121094,60.86000061035156,42900
2026-09-22 13:15:00-03:00,60.86000061035156,60.900001525878906,60.81999969482422,60.88999938964844,39400
2026-09-22 13:20:00-03:00,60.88999938964844,60.900001525878906,60.7599983215332,60.7599983215332,34500
2026-09-22 13:25:00-03:00,60.7599983215332,60.79999923706055,60.7400016784668,60.779998779296875,27500
2026-09-22 13:30:00-03:00,60.779998779296875,60.83000183105469,60.58000183105469,60.630001068115234,105500
2026-09-22 13:35:00-03:00,60.619998931884766,60.68000030517578,60.54999923706055,60.630001068115234,56600
2026-09-22 13:40:00-03:00,60.63999938964844,60.66999816894531,60.599998474121094,60.61000061035156,30600
2026-09-22 13:45:00-03:00,60.599998474121094,60.630001068115234,60.400001525878906,60.40999984741211,82300
2026-09-22 13:50:00-03:00,60.41999816894531,60.5099983215332,60.41999816894531,60.5,64300
2026-09-22 13:55:00-03:00,60.5,60.5099983215332,60.45000076293945,60.4900016784668,34300
2026-09-22 14:00:00-03:00,60.47999954223633,60.5,60.400001525878906,60.439998626708984,32800
2026-09-22 14:05:00-03:00,60.43000030517578,60.540000915527344,60.400001525878906,60.529998779296875,59500
2026-09-22 14:10:00-03:00,60.529998779296875,60.599998474121094,60.52000045776367,60.54999923706055,28200
2026-09-22 14:15:00-03:00,60.54999923706055,60.66999816894531,60.52000045776367,60.63999938964844,47900
2026-09-22 14:20:00-03:00,60.630001068115234,60.709999084472656,60.599998474121094,60.689998626708984,37400
2026-09-22 14:25:00-03:00,60.689998626708984,60.7400016784668,60.66999816894531,60.70000076293945,38600
2026-09-22 14:30:00-03:00,60.70000076293945,60.779998779296875,60.630001068115234,60.63999938964844,48600
2026-09-22 14:35:00-03:00,60.65999984741211,60.7599983215332,60.54999923706055,60.599998474121094,125400
2026-09-22 14:40:00-03:00,60.599998474121094,60.63999938964844,60.58000183105469,60.61000061035156,31900
2026-09-22 14:45:00-03:00,60.61000061035156,60.630001068115234,60.560001373291016,60.619998931884766,62400
2026-09-22 14:50:00-03:00,60.619998931884766,60.70000076293945,60.20000076293945,60.209999084472656,264100
2026-09-22 14:55:00-03:00,60.209999084472656,60.439998626708984,60.060001373291016,60.369998931884766,264100
2026-09-22 15:00:00-03:00,60.36000061035156,60.47999954223633,60.33000183105469,60.41999816894531,64600
2026-09-22 15:05:00-03:00,60.41999816894531,60.45000076293945,60.33000183105469,60.369998931884766,59500
2026-09-22 15:10:00-03:00,60.369998931884766,60.529998779296875,60.369998931884766,60.529998779296875,57600
2026-09-22 15:15:00-03:00,60.5099983215332,60.65999984741211,60.5099983215332,60.63999938964844,52600
2026-09-22 15:20:00-03:00,60.65999984741211,60.689998626708984,60.599998474121094,60.630001068115234,48800
2026-09-22 15:25:00-03:00,60.63999938964844,60.650001525878906,60.5,60.560001373291016,76900
2026-09-22 15:30:00-03:00,60.560001373291016,60.61000061035156,60.45000076293945,60.599998474121094,62900
2026-09-22 15:35:00-03:00,60.59000015258789,60.619998931884766,60.4900016784668,60.4900016784668,50900
2026-09-22 15:40:00-03:00,60.4900016784668,60.56999969482422,60.459999084472656,60.47999954223633,48600
2026-09-22 15:45:00-03:00,60.47999954223633,60.529998779296875,60.45000076293945,60.4900016784668,51500
2026-09-22 15:50:00-03:00,60.47999954223633,60.56999969482422,60.459999084472656,60.560001373291016,90000
2026-09-22 15:55:00-03:00,60.560001373291016,60.650001525878906,60.4900016784668,60.599998474121094,69200
2026-09-22 16:00:00-03:00,60.61000061035156,60.619998931884766,60.47999954223633,60.4900016784668,80600
2026-09-22 16:05:00-03:00,60.4900016784668,60.56999969482422,60.43000030517578,60.470001220703125,62900
2026-09-22 16:10:00-03:00,60.470001220703125,60.4900016784668,60.40999984741211,60.45000076293945,53300
2026-09-22 16:15:00-03:00,60.439998626708984,60.540000915527344,60.43000030517578,60.45000076293945,58400
2026-09-22 16:20:00-03:00,60.459999084472656,60.4900016784668,60.369998931884766,60.369998931884766,63800
2026-09-22 16:25:00-03:00,60.369998931884766,60.43000030517578,60.34000015258789,60.400001525878906,74700
2026-09-22 16:30:00-03:00,60.40999984741211,60.470001220703125,60.31999969482422,60.33000183105469,118500
2026-09-22 16:35:00-03:00,60.349998474121094,60.349998474121094,60.18000030517578,60.2599983215332,146200
2026-09-22 16:40:00-03:00,60.2599983215332,60.33000183105469,60.2400016784668,60.290000915527344,144600
2026-09-22 16:45:00-03:00,60.290000915527344,60.34000015258789,60.279998779296875,60.34000015258789,116600
2026-09-22 16:50:00-03:00,60.34000015258789,60.38999938964844,60.279998779296875,60.38999938964844,110400
2026-09-23 10:00:00-03:00,60.709999084472656,60.88999938964844,60.33000183105469,60.72999954223633,0
2026-09-23 10:05:00-03:00,60.7400016784668,60.93000030517578,60.5,60.93000030517578,189800
2026-09-23 10:10:00-03:00,60.88999938964844,61.279998779296875,60.849998474121094,61.22999954223633,130500
2026-09-23 10:15:00-03:00,61.209999084472656,61.209999084472656,60.7400016784668,60.79999923706055,99500
2026-09-23 10:20:00-03:00,60.83000183105469,60.939998626708984,60.75,60.900001525878906,92300
2026-09-23 10:25:00-03:00,60.900001525878906,60.9900016784668,60.849998474121094,60.959999084472656,33600
2026-09-23 10:30:00-03:00,60.970001220703125,61.119998931884766,60.810001373291016,60.810001373291016,63000
2026-09-23 10:35:00-03:00,60.83000183105469,60.970001220703125,60.77000045776367,60.95000076293945,88200
2026-09-23 10:40:00-03:00,60.93000030517578,61.0,60.849998474121094,60.900001525878906,54100
2026-09-23 10:45:00-03:00,60.91999816894531,61.25,60.869998931884766,61.189998626708984,95900
2026-09-23 10:50:00-03:00,61.20000076293945,61.43000030517578,61.189998626708984,61.31999969482422,114300
2026-09-23 10:55:00-03:00,61.34000015258789,61.439998626708984,61.279998779296875,61.349998474121094,68400
2026-09-23 11:00:00-03:00,61.380001068115234,61.4900016784668,61.2599983215332,61.2599983215332,42000
2026-09-23 11:05:00-03:00,61.27000045776367,61.33000183105469,61.15999984741211,61.15999984741211,87200
2026-09-23 11:10:00-03:00,61.189998626708984,61.31999969482422,61.189998626708984,61.279998779296875,27000
2026-09-23 11:15:00-03:00,61.279998779296875,61.29999923706055,61.13999938964844,61.209999084472656,108000
2026-09-23 11:20:00-03:00,61.220001220703125,61.220001220703125,61.11000061035156,61.150001525878906,45100
2026-09-23 11:25:00-03:00,61.13999938964844,61.27000045776367,61.13999938964844,61.18000030517578,32500
2026-09-23 11:30:00-03:00,61.16999816894531,61.16999816894531,61.040000915527344,61.06999969482422,45100
2026-09-23 11:35:00-03:00,61.060001373291016,61.060001373291016,60.7400016784668,60.77000045776367,116700
2026-09-23 11:40:00-03:00,60.77000045776367,60.81999969482422,60.65999984741211,60.720001220703125,85100
2026-09-23 11:45:00-03:00,60.720001220703125,60.72999954223633,60.52000045776367,60.529998779296875,79700
2026-09-23 11:50:00-03:00,60.529998779296875,60.54999923706055,60.34000015258789,60.34000015258789,159000
2026-09-23 11:55:00-03:00,60.34000015258789,60.400001525878906,60.060001373291016,60.22999954223633,160600
2026-09-23 12:00:00-03:00,60.2400016784668,60.380001068115234,60.18000030517578,60.189998626708984,49900
2026-09-23 12:05:00-03:00,60.189998626708984,60.20000076293945,60.09000015258789,60.150001525878906,55800
2026-09-23 12:10:00-03:00,60.15999984741211,60.279998779296875,60.130001068115234,60.27000045776367,40700
2026-09-23 12:15:00-03:00,60.279998779296875,60.31999969482422,60.25,60.25,56100
2026-09-23 12:20:00-03:00,60.25,60.279998779296875,60.15999984741211,60.279998779296875,29500
2026-09-23 12:25:00-03:00,60.27000045776367,60.380001068115234,60.2400016784668,60.349998474121094,35500
2026-09-23 12:30:00-03:00,60.349998474121094,60.38999938964844,60.29999923706055,60.380001068115234,39200
2026-09-23 12:35:00-03:00,60.369998931884766,60.38999938964844,60.27000045776367,60.380001068115234,49800
2026-09-23 12:40:00-03:00,60.369998931884766,60.56999969482422,60.349998474121094,60.459999084472656,111700
2026-09-23 12:45:00-03:00,60.459999084472656,60.5099983215332,60.34000015258789,60.380001068115234,98000
2026-09-23 12:50:00-03:00,60.38999938964844,60.560001373291016,60.310001373291016,60.52000045776367,58500
2026-09-23 12:55:00-03:00,60.529998779296875,60.540000915527344,60.380001068115234,60.38999938964844,86000
2026-09-23 13:00:00-03:00,60.38999938964844,60.38999938964844,60.2599983215332,60.2599983215332,40200
2026-09-23 13:05:00-03:00,60.2599983215332,60.40999984741211,60.25,60.36000061035156,44100
2026-09-23 13:10:00-03:00,60.36000061035156,60.400001525878906,60.29999923706055,60.34000015258789,25200
2026-09-23 13:15:00-03:00,60.34000015258789,60.369998931884766,60.25,60.33000183105469,65500
2026-09-23 13:20:00-03:00,60.34000015258789,60.369998931884766,60.2599983215332,60.279998779296875,61800
2026-09-23 13:25:00-03:00,60.279998779296875,60.349998474121094,60.2599983215332,60.33000183105469,26500
2026-09-23 13:30:00-03:00,60.31999969482422,60.43000030517578,60.31999969482422,60.380001068115234,46200
2026-09-23 13:35:00-03:00,60.380001068115234,60.41999816894531,60.34000015258789,60.34000015258789,21600
2026-09-23 13:40:00-03:00,60.34000015258789,60.380001068115234,60.31999969482422,60.349998474121094,24600
2026-09-23 13:45:00-03:00,60.34000015258789,60.52000045776367,60.290000915527344,60.290000915527344,86900
2026-09-23 13:50:00-03:00,60.29999923706055,60.29999923706055,60.040000915527344,60.08000183105469,199600
2026-09-23 13:55:00-03:00,60.06999969482422,60.099998474121094,60.0,60.06999969482422,62300
2026-09-23 14:00:00-03:00,60.060001373291016,60.11000061035156,60.02000045776367,60.08000183105469,71900
2026-09-23 14:05:00-03:00,60.06999969482422,60.16999816894531,60.06999969482422,60.150001525878906,48000
2026-09-23 14:10:00-03:00,60.150001525878906,60.27000045776367,60.150001525878906,60.2400016784668,35800
2026-09-23 14:15:00-03:00,60.25,60.25,60.11000061035156,60.150001525878906,33200
2026-09-23 14:20:00-03:00,60.15999984741211,60.2599983215332,60.15999984741211,60.22999954223633,29400
2026-09-23 14:25:00-03:00,60.2400016784668,60.2400016784668,59.93000030517578,59.959999084472656,147400
2026-09-23 14:30:00-03:00,59.97999954223633,60.0,59.77000045776367,59.84000015258789,197500
2026-09-23 14:35:00-03:00,59.83000183105469,59.84000015258789,59.68000030517578,59.72999954223633,78000
2026-09-23 14:40:00-03:00,59.709999084472656,59.880001068115234,59.63999938964844,59.779998779296875,113300
2026-09-23 14:45:00-03:00,59.790000915527344,59.90999984741211,59.75,59.790000915527344,112000
2026-09-23 14:50:00-03:00,59.81999969482422,59.88999938964844,59.7599983215332,59.81999969482422,46900
2026-09-23 14:55:00-03:00,59.810001373291016,59.81999969482422,59.720001220703125,59.79999923706055,40900
2026-09-23 15:00:00-03:00,59.79999923706055,59.869998931884766,59.79999923706055,59.86000061035156,31600
2026-09-23 15:05:00-03:00,59.869998931884766,59.90999984741211,59.81999969482422,59.880001068115234,39600
2026-09-23 15:10:00-03:00,59.88999938964844,59.93000030517578,59.849998474121094,59.86000061035156,63000
2026-09-23 15:15:00-03:00,59.849998474121094,59.91999816894531,59.810001373291016,59.86000061035156,61800
2026-09-23 15:20:00-03:00,59.869998931884766,59.90999984741211,59.84000015258789,59.88999938964844,49100
2026-09-23 15:25:00-03:00,59.88999938964844,59.93000030517578,59.81999969482422,59.849998474121094,98200
2026-09-23 15:30:00-03:00,59.849998474121094,59.90999984741211,59.81999969482422,59.880001068115234,96800
2026-09-23 15:35:00-03:00,59.90999984741211,60.36000061035156,59.880001068115234,60.29999923706055,5426200
2026-09-23 15:40:00-03:00,60.33000183105469,60.36000061035156,60.279998779296875,60.349998474121094,93300
2026-09-23 15:45:00-03:00,60.36000061035156,60.5099983215332,60.36000061035156,60.43000030517578,109400
2026-09-23 15:50:00-03:00,60.41999816894531,60.439998626708984,60.290000915527344,60.43000030517578,51200
2026-09-23 15:55:00-03:00,60.43000030517578,60.5,60.400001525878906,60.43000030517578,43400
2026-09-23 16:00:00-03:00,60.40999984741211,60.4900016784668,60.400001525878906,60.4900016784668,33400
2026-09-23 16:05:00-03:00,60.5,60.61000061035156,60.459999084472656,60.599998474121094,56800
2026-09-23 16:10:00-03:00,60.59000015258789,60.650001525878906,60.529998779296875,60.56999969482422,57900
2026-09-23 16:15:00-03:00,60.58000183105469,60.58000183105469,60.369998931884766,60.38999938964844,69800
2026-09-23 16:20:00-03:00,60.400001525878906,60.58000183105469,60.369998931884766,60.5,129500
2026-09-23 16:25:00-03:00,60.52000045776367,60.52000045776367,60.45000076293945,60.5,34400
2026-09-23 16:30:00-03:00,60.4900016784668,60.59000015258789,60.47999954223633,60.58000183105469,69500
2026-09-23 16:35:00-03:00,60.56999969482422,60.63999938964844,60.52000045776367,60.56999969482422,113500
2026-09-23 16:40:00-03:00,60.58000183105469,60.70000076293945,60.560001373291016,60.650001525878906,139700
2026-09-23 16:45:00-03:00,60.650001525878906,60.75,60.619998931884766,60.75,202300
2026-09-23 16:50:00-03:00,60.7599983215332,60.900001525878906,60.72999954223633,60.880001068115234,115000
2026-09-24 10:00:00-03:00,61.040000915527344,61.209999084472656,60.900001525878906,60.95000076293945,104200
2026-09-24 10:05:00-03:00,60.970001220703125,61.36000061035156,60.86000061035156,61.20000076293945,130900
2026-09-24 10:10:00-03:00,61.20000076293945,61.29999923706055,61.04999923706055,61.2400016784668,43500
2026-09-24 10:15:00-03:00,61.2400016784668,61.27000045776367,61.0,61.040000915527344,87800
2026-09-24 10:20:00-03:00,61.040000915527344,61.099998474121094,60.79999923706055,60.849998474121094,59500
2026-09-24 10:25:00-03:00,60.869998931884766,60.970001220703125,60.709999084472656,60.7599983215332,5100600
2026-09-24 10:30:00-03:00,60.75,60.86000061035156,60.560001373291016,60.650001525878906,94300
2026-09-24 10:35:00-03:00,60.630001068115234,61.06999969482422,60.619998931884766,61.060001373291016,51800
2026-09-24 10:40:00-03:00,61.040000915527344,61.33000183105469,61.040000915527344,61.33000183105469,92700
2026-09-24 10:45:00-03:00,61.31999969482422,61.33000183105469,61.150001525878906,61.22999954223633,58600
2026-09-24 10:50:00-03:00,61.209999084472656,61.22999954223633,61.13999938964844,61.189998626708984,43500
2026-09-24 10:55:00-03:00,61.16999816894531,61.29999923706055,61.16999816894531,61.18000030517578,33000
2026-09-24 11:00:00-03:00,61.20000076293945,61.22999954223633,61.060001373291016,61.119998931884766,30200
2026-09-24 11:05:00-03:00,61.119998931884766,61.16999816894531,61.099998474121094,61.16999816894531,13100
2026-09-24 11:10:00-03:00,61.150001525878906,61.279998779296875,61.13999938964844,61.2599983215332,28600
2026-09-24 11:15:00-03:00,61.25,61.279998779296875,61.18000030517578,61.279998779296875,23700
2026-09-24 11:20:00-03:00,61.279998779296875,61.279998779296875,61.09000015258789,61.209999084472656,37400
2026-09-24 11:25:00-03:00,61.209999084472656,61.220001220703125,61.11000061035156,61.15999984741211,15000
2026-09-24 11:30:00-03:00,61.18000030517578,61.400001525878906,61.150001525878906,61.400001525878906,88400
2026-09-24 11:35:00-03:00,61.400001525878906,61.650001525878906,61.369998931884766,61.630001068115234,101100
2026-09-24 11:40:00-03:00,61.630001068115234,61.689998626708984,61.540000915527344,61.65999984741211,70600
2026-09-24 11:45:00-03:00,61.63999938964844,61.689998626708984,61.529998779296875,61.560001373291016,53200
2026-09-24 11:50:00-03:00,61.529998779296875,61.619998931884766,61.52000045776367,61.59000015258789,29500
2026-09-24 11:55:00-03:00,61.599998474121094,61.849998474121094,61.599998474121094,61.810001373291016,95000
2026-09-24 12:00:00-03:00,61.810001373291016,61.810001373291016,61.459999084472656,61.47999954223633,66000
2026-09-24 12:05:00-03:00,61.47999954223633,61.650001525878906,61.47999954223633,61.63999938964844,69300
2026-09-24 12:10:00-03:00,61.63999938964844,61.77000045776367,61.45000076293945,61.54999923706055,185800
2026-09-24 12:15:00-03:00,61.54999923706055,61.66999816894531,61.52000045776367,61.599998474121094,31800
2026-09-24 12:20:00-03:00,61.599998474121094,61.63999938964844,61.5,61.63999938964844,28900
2026-09-24 12:25:00-03:00,61.619998931884766,61.66999816894531,61.5,61.529998779296875,37900
2026-09-24 12:30:00-03:00,61.529998779296875,61.54999923706055,61.400001525878906,61.400001525878906,47700
2026-09-24 12:35:00-03:00,61.400001525878906,61.47999954223633,61.310001373291016,61.36000061035156,277700
2026-09-24 12:40:00-03:00,61.349998474121094,61.40999984741211,61.31999969482422,61.38999938964844,20600
2026-09-24 12:45:00-03:00,61.38999938964844,61.54999923706055,61.36000061035156,61.36000061035156,50000
2026-09-24 12:50:00-03:00,61.369998931884766,61.400001525878906,61.349998474121094,61.380001068115234,25100
2026-09-24 12:55:00-03:00,61.380001068115234,61.45000076293945,61.369998931884766,61.40999984741211,15900
2026-09-24 13:00:00-03:00,61.40999984741211,61.43000030517578,61.34000015258789,61.43000030517578,21000
2026-09-24 13:05:00-03:00,61.439998626708984,61.47999954223633,61.38999938964844,61.38999938964844,26900
2026-09-24 13:10:00-03:00,61.38999938964844,61.400001525878906,61.20000076293945,61.22999954223633,261200
2026-09-24 13:15:00-03:00,61.22999954223633,61.22999954223633,60.16999816894531,60.72999954223633,651400
2026-09-24 13:20:00-03:00,60.72999954223633,60.84000015258789,60.52000045776367,60.61000061035156,157900
2026-09-24 13:25:00-03:00,60.63999938964844,60.83000183105469,60.619998931884766,60.720001220703125,38700
2026-09-24 13:30:00-03:00,60.720001220703125,60.810001373291016,60.630001068115234,60.65999984741211,51600
2026-09-24 13:35:00-03:00,60.65999984741211,60.779998779296875,60.56999969482422,60.709999084472656,49700
2026-09-24 13:40:00-03:00,60.709999084472656,60.7400016784668,60.5,60.650001525878906,56900
2026-09-24 13:45:00-03:00,60.65999984741211,60.7400016784668,60.599998474121094,60.7400016784668,23100
2026-09-24 13:50:00-03:00,60.72999954223633,60.77000045776367,60.619998931884766,60.720001220703125,27900
2026-09-24 13:55:00-03:00,60.720001220703125,60.72999954223633,60.63999938964844,60.63999938964844,20100
2026-09-24 14:00:00-03:00,60.650001525878906,60.689998626708984,60.5099983215332,60.59000015258789,55500
2026-09-24 14:05:00-03:00,60.56999969482422,60.59000015258789,60.5,60.54999923706055,22600
2026-09-24 14:10:00-03:00,60.54999923706055,60.63999938964844,60.54999923706055,60.56999969482422,25000
2026-09-24 14:15:00-03:00,60.56999969482422,60.61000061035156,60.560001373291016,60.61000061035156,13600
2026-09-24 14:20:00-03:00,60.61000061035156,60.63999938964844,60.58000183105469,60.619998931884766,9800
2026-09-24 14:25:00-03:00,60.619998931884766,60.630001068115234,60.58000183105469,60.58000183105469,22600
2026-09-24 14:30:00-03:00,60.560001373291016,60.72999954223633,60.52000045776367,60.709999084472656,45300
2026-09-24 14:35:00-03:00,60.70000076293945,60.75,60.66999816894531,60.689998626708984,23900
2026-09-24 14:40:00-03:00,60.66999816894531,60.709999084472656,60.599998474121094,60.66999816894531,20500
2026-09-24 14:45:00-03:00,60.689998626708984,60.70000076293945,60.650001525878906,60.65999984741211,22700
2026-09-24 14:50:00-03:00,60.65999984741211,60.72999954223633,60.650001525878906,60.68000030517578,26100
2026-09-24 14:55:00-03:00,60.68000030517578,60.72999954223633,60.650001525878906,60.66999816894531,31500
2026-09-24 15:00:00-03:00,60.66999816894531,60.720001220703125,60.560001373291016,60.70000076293945,34900
2026-09-24 15:05:00-03:00,60.70000076293945,60.849998474121094,60.650001525878906,60.84000015258789,93500
2026-09-24 15:10:00-03:00,60.83000183105469,60.900001525878906,60.81999969482422,60.86000061035156,54900
2026-09-24 15:15:00-03:00,60.849998474121094,60.849998474121094,60.720001220703125,60.779998779296875,35700
2026-09-24 15:20:00-03:00,60.790000915527344,60.790000915527344,60.720001220703125,60.75,23100
2026-09-24 15:25:00-03:00,60.7599983215332,60.779998779296875,60.61000061035156,60.77000045776367,75100
2026-09-24 15:30:00-03:00,60.779998779296875,60.79999923706055,60.72999954223633,60.790000915527344,21600
2026-09-24 15:35:00-03:00,60.779998779296875,60.84000015258789,60.5,60.650001525878906,67500
2026-09-24 15:40:00-03:00,60.66999816894531,60.7599983215332,60.650001525878906,60.72999954223633,30800
2026-09-24 15:45:00-03:00,60.72999954223633,60.75,60.689998626708984,60.70000076293945,16700
2026-09-24 15:50:00-03:00,60.689998626708984,60.7400016784668,60.68000030517578,60.709999084472656,22600
2026-09-24 15:55:00-03:00,60.709999084472656,60.7400016784668,60.650001525878906,60.66999816894531,50200
2026-09-24 16:00:00-03:00,60.68000030517578,60.709999084472656,60.599998474121094,60.63999938964844,44100
2026-09-24 16:05:00-03:00,60.630001068115234,60.65999984741211,60.619998931884766,60.63999938964844,29200
2026-09-24 16:10:00-03:00,60.619998931884766,60.790000915527344,60.61000061035156,60.7599983215332,30900
2026-09-24 16:15:00-03:00,60.7599983215332,60.95000076293945,60.720001220703125,60.91999816894531,151500
2026-09-24 16:20:00-03:00,60.93000030517578,61.02000045776367,60.900001525878906,60.90999984741211,143400
2026-09-24 16:25:00-03:00,60.939998626708984,61.060001373291016,60.900001525878906,61.0099983215332,65900
2026-09-24 16:30:00-03:00,61.02000045776367,61.04999923706055,60.91999816894531,60.939998626708984,80100
2026-09-24 16:35:00-03:00,60.939998626708984,60.970001220703125,60.869998931884766,60.869998931884766,121700
2026-09-24 16:40:00-03:00,60.869998931884766,60.970001220703125,60.869998931884766,60.95000076293945,157800
2026-09-24 16:45:00-03:00,60.95000076293945,60.9900016784668,60.95000076293945,60.97999954223633,63300
2026-09-24 16:50:00-03:00,60.959999084472656,60.9900016784668,60.81999969482422,60.900001525878906,67700
2026-09-25 10:00:00-03:00,60.0,60.11000061035156,59.29999923706055,59.61000061035156,0
2026-09-25 10:05:00-03:00,59.61000061035156,59.95000076293945,59.61000061035156,59.77000045776367,117600
2026-09-25 10:10:00-03:00,59.7599983215332,59.95000076293945,59.540000915527344,59.95000076293945,106500
2026-09-25 10:15:00-03:00,59.95000076293945,60.029998779296875,59.75,59.86000061035156,75100
2026-09-25 10:20:00-03:00,59.84000015258789,59.97999954223633,59.77000045776367,59.83000183105469,62200
2026-09-25 10:25:00-03:00,59.83000183105469,59.900001525878906,59.70000076293945,59.849998474121094,110600
2026-09-25 10:30:00-03:00,59.849998474121094,59.970001220703125,59.790000915527344,59.849998474121094,68900
2026-09-25 10:35:00-03:00,59.84000015258789,60.04999923706055,59.79999923706055,59.970001220703125,58700
2026-09-25 10:40:00-03:00,59.9900016784668,60.029998779296875,59.79999923706055,59.880001068115234,44100
2026-09-25 10:45:00-03:00,59.86000061035156,60.04999923706055,59.79999923706055,59.939998626708984,36800
2026-09-25 10:50:00-03:00,59.93000030517578,59.970001220703125,59.810001373291016,59.959999084472656,33000
2026-09-25 10:55:00-03:00,59.959999084472656,60.029998779296875,59.900001525878906,60.0,21800
2026-09-25 11:00:00-03:00,60.0,60.04999923706055,59.900001525878906,59.939998626708984,32800
2026-09-25 11:05:00-03:00,59.939998626708984,60.02000045776367,59.90999984741211,60.02000045776367,21700
2026-09-25 11:10:00-03:00,60.029998779296875,60.04999923706055,59.84000015258789,59.93000030517578,34700
2026-09-25 11:15:00-03:00,59.90999984741211,59.95000076293945,59.84000015258789,59.90999984741211,37800
2026-09-25 11:20:00-03:00,59.900001525878906,59.97999954223633,59.81999969482422,59.939998626708984,70000
2026-09-25 11:25:00-03:00,59.90999984741211,59.91999816894531,59.720001220703125,59.7400016784668,280000
2026-09-25 11:30:00-03:00,59.75,59.91999816894531,59.709999084472656,59.79999923706055,553000
2026-09-25 11:35:00-03:00,59.79999923706055,59.97999954223633,59.7599983215332,59.86000061035156,118800
2026-09-25 11:40:00-03:00,59.86000061035156,59.95000076293945,59.79999923706055,59.88999938964844,66100
2026-09-25 11:45:00-03:00,59.88999938964844,59.97999954223633,59.84000015258789,59.970001220703125,62300
2026-09-25 11:50:00-03:00,59.95000076293945,60.0,59.900001525878906,59.97999954223633,81900
2026-09-25 11:55:00-03:00,60.0,60.04999923706055,59.97999954223633,60.04999923706055,73900
2026-09-25 12:00:00-03:00,60.029998779296875,60.150001525878906,59.9900016784668,59.9900016784668,153200
2026-09-25 12:05:00-03:00,59.9900016784668,60.09000015258789,59.97999954223633,59.9900016784668,54200
2026-09-25 12:10:00-03:00,59.97999954223633,60.060001373291016,59.91999816894531,60.04999923706055,72300
2026-09-25 12:15:00-03:00,60.04999923706055,60.060001373291016,59.959999084472656,59.9900016784668,82600
2026-09-25 12:20:00-03:00,60.0,60.15999984741211,59.9900016784668,60.099998474121094,80300
2026-09-25 12:25:00-03:00,60.099998474121094,60.11000061035156,59.97999954223633,60.06999969482422,56100
2026-09-25 12:30:00-03:00,60.08000183105469,60.08000183105469,59.970001220703125,60.029998779296875,55000
2026-09-25 12:35:00-03:00,60.029998779296875,60.08000183105469,59.959999084472656,59.9900016784668,29700
2026-09-25 12:40:00-03:00,59.9900016784668,60.04999923706055,59.959999084472656,60.04999923706055,23100
2026-09-25 12:45:00-03:00,60.04999923706055,60.099998474121094,60.0,60.099998474121094,23100
2026-09-25 12:50:00-03:00,60.099998474121094,60.25,60.02000045776367,60.02000045776367,87400
2026-09-25 12:55:00-03:00,60.029998779296875,60.15999984741211,59.90999984741211,59.90999984741211,89200
2026-09-25 13:00:00-03:00,59.90999984741211,59.939998626708984,59.790000915527344,59.83000183105469,136000
2026-09-25 13:05:00-03:00,59.83000183105469,59.88999938964844,59.7400016784668,59.779998779296875,144200
2026-09-25 13:10:00-03:00,59.779998779296875,59.84000015258789,59.630001068115234,59.7400016784668,128300
2026-09-25 13:15:00-03:00,59.7400016784668,59.84000015258789,59.70000076293945,59.790000915527344,54600
2026-09-25 13:20:00-03:00,59.790000915527344,59.93000030517578,59.779998779296875,59.900001525878906,205600
2026-09-25 13:25:00-03:00,59.900001525878906,59.91999816894531,59.810001373291016,59.810001373291016,73900
2026-09-25 13:30:00-03:00,59.810001373291016,59.959999084472656,59.810001373291016,59.880001068115234,49200
2026-09-25 13:35:00-03:00,59.869998931884766,59.88999938964844,59.810001373291016,59.84000015258789,25800
2026-09-25 13:40:00-03:00,59.86000061035156,59.869998931884766,59.790000915527344,59.84000015258789,33100
2026-09-25 13:45:00-03:00,59.84000015258789,59.84000015258789,59.75,59.79999923706055,148100
2026-09-25 13:50:00-03:00,59.79999923706055,59.79999923706055,59.75,59.7599983215332,18800
2026-09-25 13:55:00-03:00,59.75,59.849998474121094,59.75,59.77000045776367,123200
2026-09-25 14:00:00-03:00,59.77000045776367,59.790000915527344,59.650001525878906,59.65999984741211,46200
2026-09-25 14:05:00-03:00,59.650001525878906,59.689998626708984,59.5,59.5099983215332,235000
2026-09-25 14:10:00-03:00,59.5099983215332,59.54999923706055,59.41999816894531,59.4900016784668,63500
2026-09-25 14:15:00-03:00,59.470001220703125,59.529998779296875,59.439998626708984,59.5,41900
2026-09-25 14:20:00-03:00,59.5099983215332,59.54999923706055,59.45000076293945,59.540000915527344,38100
2026-09-25 14:25:00-03:00,59.529998779296875,59.540000915527344,59.470001220703125,59.4900016784668,24700
2026-09-25 14:30:00-03:00,59.5,59.540000915527344,59.470001220703125,59.4900016784668,32100
2026-09-25 14:35:00-03:00,59.470001220703125,59.540000915527344,59.459999084472656,59.470001220703125,34300
2026-09-25 14:40:00-03:00,59.47999954223633,59.4900016784668,59.400001525878906,59.47999954223633,31400
2026-09-25 14:45:00-03:00,59.4900016784668,59.5,59.41999816894531,59.41999816894531,20700
2026-09-25 14:50:00-03:00,59.43000030517578,59.439998626708984,59.400001525878906,59.40999984741211,45000
2026-09-25 14:55:00-03:00,59.43000030517578,59.43000030517578,59.15999984741211,59.25,237500
2026-09-25 15:00:00-03:00,59.25,59.2599983215332,59.09000015258789,59.119998931884766,154600
2026-09-25 15:05:00-03:00,59.13999938964844,59.20000076293945,59.08000183105469,59.09000015258789,165200
2026-09-25 15:10:00-03:00,59.09000015258789,59.290000915527344,59.09000015258789,59.20000076293945,158700
2026-09-25 15:15:00-03:00,59.20000076293945,59.279998779296875,59.189998626708984,59.25,79600
2026-09-25 15:20:00-03:00,59.2599983215332,59.349998474121094,59.22999954223633,59.33000183105469,66500
2026-09-25 15:25:00-03:00,59.31999969482422,59.38999938964844,59.27000045776367,59.27000045776367,62500
2026-09-25 15:30:00-03:00,59.279998779296875,59.279998779296875,59.150001525878906,59.150001525878906,50100
2026-09-25 15:35:00-03:00,59.150001525878906,59.189998626708984,59.150001525878906,59.150001525878906,35500
2026-09-25 15:40:00-03:00,59.150001525878906,59.189998626708984,59.119998931884766,59.16999816894531,45800
2026-09-25 15:45:00-03:00,59.16999816894531,59.290000915527344,59.15999984741211,59.290000915527344,103300
2026-09-25 15:50:00-03:00,59.290000915527344,59.34000015258789,59.22999954223633,59.29999923706055,75400
2026-09-25 15:55:00-03:00,59.29999923706055,59.349998474121094,59.27000045776367,59.29999923706055,69400
2026-09-25 16:00:00-03:00,59.290000915527344,59.349998474121094,59.279998779296875,59.33000183105469,62500
2026-09-25 16:05:00-03:00,59.33000183105469,59.45000076293945,59.310001373291016,59.33000183105469,97800
2026-09-25 16:10:00-03:00,59.34000015258789,59.349998474121094,59.29999923706055,59.310001373291016,51100
2026-09-25 16:15:00-03:00,59.31999969482422,59.439998626708984,59.29999923706055,59.31999969482422,71600
2026-09-25 16:20:00-03:00,59.31999969482422,59.68000030517578,59.31999969482422,59.65999984741211,124100
2026-09-25 16:25:00-03:00,59.65999984741211,59.65999984741211,59.459999084472656,59.470001220703125,158600
2026-09-25 16:30:00-03:00,59.47999954223633,59.5099983215332,59.439998626708984,59.459999084472656,72800
2026-09-25 16:35:00-03:00,59.459999084472656,59.5,59.41999816894531,59.5,100500
2026-09-25 16:40:00-03:00,59.5,59.54999923706055,59.41999816894531,59.43000030517578,137600
2026-09-25 16:45:00-03:00,59.439998626708984,59.459999084472656,59.369998931884766,59.38999938964844,118000
2026-09-25 16:50:00-03:00,59.38999938964844,59.56999969482422,59.38999938964844,59.529998779296875,177400
2026-09-28 10:00:00-03:00,60.189998626708984,60.77000045776367,60.15999984741211,60.15999984741211,0
2026-09-28 10:05:00-03:00,60.18000030517578,60.70000076293945,60.150001525878906,60.689998626708984,177000
2026-09-28 10:10:00-03:00,60.650001525878906,60.970001220703125,60.47999954223633,60.880001068115234,196000
2026-09-28 10:15:00-03:00,60.900001525878906,61.099998474121094,60.5,60.54999923706055,252000
2026-09-28 10:20:00-03:00,60.56999969482422,60.689998626708984,60.5099983215332,60.54999923706055,217000
2026-09-28 10:25:00-03:00,60.52000045776367,60.86000061035156,60.45000076293945,60.79999923706055,177400
2026-09-28 10:30:00-03:00,60.79999923706055,61.04999923706055,60.689998626708984,61.04999923706055,191100
2026-09-28 10:35:00-03:00,61.0099983215332,61.0099983215332,60.599998474121094,60.61000061035156,75200
2026-09-28 10:40:00-03:00,60.599998474121094,60.66999816894531,60.45000076293945,60.66999816894531,111900
2026-09-28 10:45:00-03:00,60.66999816894531,60.77000045776367,60.529998779296875,60.61000061035156,69100
2026-09-28 10:50:00-03:00,60.599998474121094,60.72999954223633,60.529998779296875,60.709999084472656,55000
2026-09-28 10:55:00-03:00,60.70000076293945,60.83000183105469,60.58000183105469,60.83000183105469,78100
2026-09-28 11:00:00-03:00,60.810001373291016,60.88999938964844,60.720001220703125,60.84000015258789,66700
2026-09-28 11:05:00-03:00,60.83000183105469,60.88999938964844,60.81999969482422,60.880001068115234,48000
2026-09-28 11:10:00-03:00,60.88999938964844,61.029998779296875,60.88999938964844,60.97999954223633,80000
2026-09-28 11:15:00-03:00,60.970001220703125,61.029998779296875,60.90999984741211,60.970001220703125,94600
2026-09-28 11:20:00-03:00,60.970001220703125,61.31999969482422,60.970001220703125,61.31999969482422,149900
2026-09-28 11:25:00-03:00,61.310001373291016,61.45000076293945,61.27000045776367,61.41999816894531,116700
2026-09-28 11:30:00-03:00,61.43000030517578,61.470001220703125,61.2599983215332,61.279998779296875,84800
2026-09-28 11:35:00-03:00,61.279998779296875,61.369998931884766,61.220001220703125,61.36000061035156,135300
2026-09-28 11:40:00-03:00,61.369998931884766,61.45000076293945,61.27000045776367,61.439998626708984,74700
2026-09-28 11:45:00-03:00,61.45000076293945,61.5,61.43000030517578,61.459999084472656,118600
2026-09-28 11:50:00-03:00,61.459999084472656,61.4900016784668,61.349998474121094,61.380001068115234,59500
2026-09-28 11:55:00-03:00,61.380001068115234,61.790000915527344,61.349998474121094,61.779998779296875,192700
2026-09-28 12:00:00-03:00,61.7599983215332,61.77000045776367,61.540000915527344,61.56999969482422,99900
2026-09-28 12:05:00-03:00,61.560001373291016,61.7400016784668,61.54999923706055,61.63999938964844,138800
2026-09-28 12:10:00-03:00,61.630001068115234,61.65999984741211,61.529998779296875,61.599998474121094,55900
2026-09-28 12:15:00-03:00,61.58000183105469,61.779998779296875,61.56999969482422,61.72999954223633,84100
2026-09-28 12:20:00-03:00,61.72999954223633,61.79999923706055,61.689998626708984,61.7400016784668,71400
2026-09-28 12:25:00-03:00,61.7400016784668,61.84000015258789,61.7400016784668,61.7599983215332,76900
2026-09-28 12:30:00-03:00,61.7599983215332,61.779998779296875,61.66999816894531,61.77000045776367,59400
2026-09-28 12:35:00-03:00,61.7599983215332,61.79999923706055,61.75,61.77000045776367,54200
2026-09-28 12:40:00-03:00,61.7599983215332,61.790000915527344,61.68000030517578,61.689998626708984,54800
2026-09-28 12:45:00-03:00,61.689998626708984,61.72999954223633,61.61000061035156,61.619998931884766,95800
2026-09-28 12:50:00-03:00,61.61000061035156,61.779998779296875,61.61000061035156,61.7400016784668,124300
2026-09-28 12:55:00-03:00,61.75,61.75,61.68000030517578,61.720001220703125,49600
2026-09-28 13:00:00-03:00,61.720001220703125,61.75,61.61000061035156,61.630001068115234,63200
2026-09-28 13:05:00-03:00,61.630001068115234,61.66999816894531,61.619998931884766,61.65999984741211,55100
2026-09-28 13:10:00-03:00,61.650001525878906,61.720001220703125,61.630001068115234,61.65999984741211,42100
2026-09-28 13:15:00-03:00,61.650001525878906,61.68000030517578,61.41999816894531,61.59000015258789,243400
2026-09-28 13:20:00-03:00,61.59000015258789,61.650001525878906,61.290000915527344,61.380001068115234,318800
2026-09-28 13:25:00-03:00,61.380001068115234,61.5,61.0,61.130001068115234,448500
2026-09-28 13:30:00-03:00,61.11000061035156,61.36000061035156,61.040000915527344,61.31999969482422,247200
2026-09-28 13:35:00-03:00,61.29999923706055,61.5,61.290000915527344,61.45000076293945,56200
2026-09-28 13:40:00-03:00,61.45000076293945,61.630001068115234,61.43000030517578,61.58000183105469,120500
2026-09-28 13:45:00-03:00,61.560001373291016,61.68000030517578,61.5,61.619998931884766,72800
2026-09-28 13:50:00-03:00,61.619998931884766,61.70000076293945,61.560001373291016,61.63999938964844,60200
2026-09-28 13:55:00-03:00,61.63999938964844,61.70000076293945,61.61000061035156,61.650001525878906,43700
2026-09-28 14:00:00-03:00,61.63999938964844,61.83000183105469,61.63999938964844,61.790000915527344,83600
2026-09-28 14:05:00-03:00,61.790000915527344,61.900001525878906,61.790000915527344,61.86000061035156,73700
2026-09-28 14:10:00-03:00,61.86000061035156,61.900001525878906,61.130001068115234,61.29999923706055,400700
2026-09-28 14:15:00-03:00,61.31999969482422,61.54999923706055,61.310001373291016,61.45000076293945,185500
2026-09-28 14:20:00-03:00,61.5,61.56999969482422,61.470001220703125,61.4900016784668,54800
2026-09-28 14:25:00-03:00,61.470001220703125,61.54999923706055,61.40999984741211,61.540000915527344,61500
2026-09-28 14:30:00-03:00,61.54999923706055,61.58000183105469,61.43000030517578,61.5,83000
2026-09-28 14:35:00-03:00,61.5,61.650001525878906,61.4900016784668,61.650001525878906,105600
2026-09-28 14:40:00-03:00,61.63999938964844,61.7400016784668,61.630001068115234,61.689998626708984,32400
2026-09-28 14:45:00-03:00,61.689998626708984,61.75,61.63999938964844,61.7400016784668,53900
2026-09-28 14:50:00-03:00,61.7400016784668,61.75,61.65999984741211,61.709999084472656,34000
2026-09-28 14:55:00-03:00,61.720001220703125,61.79999923706055,61.689998626708984,61.7400016784668,58000
2026-09-28 15:00:00-03:00,61.75,61.790000915527344,61.66999816894531,61.709999084472656,41000
2026-09-28 15:05:00-03:00,61.709999084472656,61.84000015258789,61.689998626708984,61.810001373291016,67400
2026-09-28 15:10:00-03:00,61.810001373291016,61.880001068115234,61.779998779296875,61.869998931884766,61400
2026-09-28 15:15:00-03:00,61.869998931884766,61.880001068115234,61.81999969482422,61.880001068115234,43300
2026-09-28 15:20:00-03:00,61.880001068115234,62.08000183105469,61.869998931884766,62.060001373291016,180800
2026-09-28 15:25:00-03:00,62.04999923706055,62.099998474121094,62.0099983215332,62.060001373291016,56900
2026-09-28 15:30:00-03:00,62.04999923706055,62.04999923706055,61.86000061035156,61.880001068115234,66100
2026-09-28 15:35:00-03:00,61.880001068115234,61.90999984741211,61.849998474121094,61.849998474121094,35600
2026-09-28 15:40:00-03:00,61.86000061035156,61.869998931884766,61.810001373291016,61.83000183105469,22000
2026-09-28 15:45:00-03:00,61.81999969482422,61.83000183105469,61.709999084472656,61.72999954223633,42100
2026-09-28 15:50:00-03:00,61.720001220703125,61.79999923706055,61.709999084472656,61.75,36800
2026-09-28 15:55:00-03:00,61.7599983215332,61.7599983215332,61.70000076293945,61.7599983215332,29600
2026-09-28 16:00:00-03:00,61.75,61.869998931884766,61.65999984741211,61.720001220703125,130700
2026-09-28 16:05:00-03:00,61.7400016784668,61.79999923706055,61.619998931884766,61.79999923706055,68500
2026-09-28 16:10:00-03:00,61.79999923706055,61.79999923706055,61.65999984741211,61.68000030517578,56200
2026-09-28 16:15:00-03:00,61.689998626708984,61.689998626708984,61.599998474121094,61.630001068115234,63600
2026-09-28 16:20:00-03:00,61.630001068115234,61.70000076293945,61.61000061035156,61.66999816894531,46100
2026-09-28 16:25:00-03:00,61.66999816894531,61.70000076293945,61.59000015258789,61.68000030517578,52200
2026-09-28 16:30:00-03:00,61.68000030517578,61.810001373291016,61.65999984741211,61.689998626708984,77000
2026-09-28 16:35:00-03:00,61.689998626708984,61.709999084472656,61.61000061035156,61.66999816894531,150700
2026-09-28 16:40:00-03:00,61.66999816894531,61.689998626708984,61.61000061035156,61.650001525878906,69200
2026-09-28 16:45:00-03:00,61.650001525878906,61.709999084472656,61.63999938964844,61.689998626708984,57100
2026-09-28 16:50:00-03:00,61.689998626708984,61.709999084472656,61.650001525878906,61.709999084472656,57600
2026-09-29 10:05:00-03:00,60.75,60.779998779296875,60.18000030517578,60.18000030517578,142900
2026-09-29 10:10:00-03:00,60.150001525878906,60.29999923706055,60.0,60.25,240300
2026-09-29 10:15:00-03:00,60.25,60.36000061035156,60.220001220703125,60.310001373291016,84800
2026-09-29 10:20:00-03:00,60.310001373291016,60.349998474121094,60.189998626708984,60.290000915527344,37800
2026-09-29 10:25:00-03:00,60.290000915527344,60.34000015258789,60.029998779296875,60.06999969482422,133400
2026-09-29 10:30:00-03:00,60.11000061035156,60.34000015258789,60.08000183105469,60.34000015258789,127200
2026-09-29 10:35:00-03:00,60.33000183105469,60.59000015258789,60.25,60.47999954223633,107800
2026-09-29 10:40:00-03:00,60.459999084472656,60.54999923706055,60.36000061035156,60.529998779296875,88800
2026-09-29 10:45:00-03:00,60.540000915527344,61.060001373291016,60.529998779296875,60.97999954223633,133700
2026-09-29 10:50:00-03:00,61.0,61.0099983215332,60.790000915527344,60.900001525878906,91900
2026-09-29 10:55:00-03:00,60.91999816894531,61.18000030517578,60.91999816894531,61.13999938964844,112900
2026-09-29 11:00:00-03:00,61.130001068115234,61.20000076293945,61.0,61.040000915527344,129300
2026-09-29 11:05:00-03:00,61.060001373291016,61.189998626708984,61.0,61.13999938964844,97600
2026-09-29 11:10:00-03:00,61.150001525878906,61.16999816894531,61.0,61.099998474121094,99900
2026-09-29 11:15:00-03:00,61.099998474121094,61.099998474121094,61.0,61.040000915527344,83600
2026-09-29 11:20:00-03:00,61.040000915527344,61.11000061035156,60.959999084472656,61.029998779296875,96000
2026-09-29 11:25:00-03:00,61.029998779296875,61.04999923706055,60.95000076293945,60.959999084472656,84700
2026-09-29 11:30:00-03:00,60.95000076293945,61.040000915527344,60.84000015258789,60.970001220703125,91000
2026-09-29 11:35:00-03:00,60.959999084472656,61.06999969482422,60.93000030517578,61.04999923706055,67800
2026-09-29 11:40:00-03:00,61.060001373291016,61.13999938964844,61.0099983215332,61.060001373291016,84900
2026-09-29 11:45:00-03:00,61.04999923706055,61.09000015258789,60.93000030517578,61.08000183105469,46100
2026-09-29 11:50:00-03:00,61.08000183105469,61.11000061035156,60.959999084472656,61.09000015258789,52700
2026-09-29 11:55:00-03:00,61.09000015258789,61.22999954223633,61.09000015258789,61.209999084472656,75500
2026-09-29 12:00:00-03:00,61.209999084472656,61.310001373291016,61.209999084472656,61.290000915527344,66000
2026-09-29 12:05:00-03:00,61.310001373291016,61.33000183105469,61.25,61.29999923706055,43900
2026-09-29 12:10:00-03:00,61.310001373291016,61.41999816894531,61.310001373291016,61.349998474121094,64000
2026-09-29 12:15:00-03:00,61.34000015258789,61.369998931884766,61.29999923706055,61.349998474121094,32400
2026-09-29 12:20:00-03:00,61.34000015258789,61.36000061035156,61.22999954223633,61.27000045776367,37000
2026-09-29 12:25:00-03:00,61.279998779296875,61.349998474121094,61.25,61.29999923706055,56100
2026-09-29 12:30:00-03:00,61.31999969482422,61.369998931884766,61.290000915527344,61.34000015258789,50300
2026-09-29 12:35:00-03:00,61.33000183105469,61.470001220703125,61.31999969482422,61.470001220703125,58600
2026-09-29 12:40:00-03:00,61.47999954223633,61.58000183105469,61.41999816894531,61.5099983215332,77200
2026-09-29 12:45:00-03:00,61.52000045776367,61.58000183105469,61.349998474121094,61.40999984741211,92500
2026-09-29 12:50:00-03:00,61.40999984741211,61.560001373291016,61.40999984741211,61.5,85900
2026-09-29 12:55:00-03:00,61.4900016784668,61.59000015258789,61.4900016784668,61.54999923706055,58800
2026-09-29 13:00:00-03:00,61.54999923706055,61.63999938964844,61.54999923706055,61.599998474121094,72200
2026-09-29 13:05:00-03:00,61.61000061035156,61.63999938964844,61.54999923706055,61.54999923706055,51000
2026-09-29 13:10:00-03:00,61.540000915527344,61.56999969482422,61.470001220703125,61.540000915527344,42500
2026-09-29 13:15:00-03:00,61.54999923706055,61.58000183105469,61.52000045776367,61.52000045776367,40000
2026-09-29 13:20:00-03:00,61.5099983215332,61.529998779296875,61.459999084472656,61.470001220703125,36600
2026-09-29 13:25:00-03:00,61.470001220703125,61.5099983215332,61.439998626708984,61.470001220703125,47600
2026-09-29 13:30:00-03:00,61.459999084472656,61.540000915527344,61.43000030517578,61.470001220703125,38000
2026-09-29 13:35:00-03:00,61.459999084472656,61.540000915527344,61.439998626708984,61.5,52500
2026-09-29 13:40:00-03:00,61.5,61.529998779296875,61.470001220703125,61.5099983215332,34800
2026-09-29 13:45:00-03:00,61.5099983215332,61.52000045776367,61.459999084472656,61.470001220703125,51600
2026-09-29 13:50:00-03:00,61.470001220703125,61.5,61.400001525878906,61.439998626708984,63700
2026-09-29 13:55:00-03:00,61.45000076293945,61.54999923706055,61.45000076293945,61.529998779296875,52100
2026-09-29 14:00:00-03:00,61.540000915527344,61.59000015258789,61.45000076293945,61.5,67000
2026-09-29 14:05:00-03:00,61.5,61.689998626708984,61.400001525878906,61.65999984741211,156200
2026-09-29 14:10:00-03:00,61.66999816894531,61.68000030517578,61.63999938964844,61.68000030517578,35000
2026-09-29 14:15:00-03:00,61.68000030517578,61.709999084472656,61.63999938964844,61.709999084472656,105900
2026-09-29 14:20:00-03:00,61.709999084472656,61.72999954223633,61.65999984741211,61.68000030517578,36900
2026-09-29 14:25:00-03:00,61.68000030517578,61.77000045776367,61.650001525878906,61.7400016784668,39500
2026-09-29 14:30:00-03:00,61.720001220703125,61.7599983215332,61.650001525878906,61.709999084472656,41800
2026-09-29 14:35:00-03:00,61.70000076293945,61.75,61.66999816894531,61.709999084472656,31800
2026-09-29 14:40:00-03:00,61.709999084472656,61.779998779296875,61.65999984741211,61.66999816894531,55900
2026-09-29 14:45:00-03:00,61.66999816894531,61.68000030517578,61.40999984741211,61.43000030517578,111800
2026-09-29 14:50:00-03:00,61.45000076293945,61.459999084472656,61.22999954223633,61.33000183105469,93200
2026-09-29 14:55:00-03:00,61.33000183105469,61.40999984741211,61.31999969482422,61.34000015258789,46100
2026-09-29 15:00:00-03:00,61.349998474121094,61.400001525878906,61.099998474121094,61.33000183105469,162500
2026-09-29 15:05:00-03:00,61.349998474121094,61.470001220703125,61.2599983215332,61.45000076293945,72100
2026-09-29 15:10:00-03:00,61.459999084472656,61.5099983215332,61.400001525878906,61.470001220703125,62900
2026-09-29 15:15:00-03:00,61.47999954223633,61.5099983215332,61.439998626708984,61.47999954223633,31900
2026-09-29 15:20:00-03:00,61.47999954223633,61.5099983215332,61.40999984741211,61.439998626708984,38700
2026-09-29 15:25:00-03:00,61.470001220703125,61.47999954223633,61.27000045776367,61.27000045776367,63400
2026-09-29 15:30:00-03:00,61.279998779296875,61.40999984741211,61.209999084472656,61.349998474121094,55400
2026-09-29 15:35:00-03:00,61.31999969482422,61.41999816894531,61.310001373291016,61.38999938964844,66800
2026-09-29 15:40:00-03:00,61.400001525878906,61.5,61.29999923706055,61.45000076293945,56200
2026-09-29 15:45:00-03:00,61.470001220703125,61.47999954223633,61.40999984741211,61.439998626708984,49100
2026-09-29 15:50:00-03:00,61.439998626708984,61.439998626708984,61.36000061035156,61.41999816894531,68800
2026-09-29 15:55:00-03:00,61.41999816894531,61.4900016784668,61.40999984741211,61.43000030517578,39200
2026-09-29 16:00:00-03:00,61.41999816894531,61.439998626708984,61.38999938964844,61.41999816894531,32200
2026-09-29 16:05:00-03:00,61.41999816894531,61.439998626708984,61.400001525878906,61.40999984741211,26700
2026-09-29 16:10:00-03:00,61.40999984741211,61.47999954223633,61.38999938964844,61.439998626708984,36800
2026-09-29 16:15:00-03:00,61.43000030517578,61.47999954223633,61.41999816894531,61.470001220703125,31900
2026-09-29 16:20:00-03:00,61.470001220703125,61.470001220703125,61.380001068115234,61.45000076293945,82800
2026-09-29 16:25:00-03:00,61.439998626708984,61.58000183105469,61.439998626708984,61.58000183105469,63500
2026-09-29 16:30:00-03:00,61.56999969482422,61.65999984741211,61.56999969482422,61.61000061035156,73600
2026-09-29 16:35:00-03:00,61.61000061035156,61.70000076293945,61.599998474121094,61.61000061035156,113900
2026-09-29 16:40:00-03:00,61.61000061035156,61.65999984741211,61.54999923706055,61.65999984741211,87200
2026-09-29 16:45:00-03:00,61.66999816894531,61.70000076293945,61.63999938964844,61.65999984741211,80400
2026-09-29 16:50:00-03:00,61.65999984741211,61.65999984741211,61.459999084472656,61.58000183105469,101700
2026-09-30 10:00:00-03:00,62.52000045776367,62.790000915527344,62.40999984741211,62.470001220703125,0
2026-09-30 10:05:00-03:00,62.470001220703125,62.75,62.25,62.689998626708984,189800
2026-09-30 10:10:00-03:00,62.650001525878906,62.7400016784668,62.34000015258789,62.400001525878906,69300
2026-09-30 10:15:00-03:00,62.400001525878906,62.619998931884766,62.400001525878906,62.58000183105469,55800
2026-09-30 10:20:00-03:00,62.56999969482422,62.599998474121094,62.400001525878906,62.5099983215332,47300
2026-09-30 10:25:00-03:00,62.5099983215332,62.540000915527344,62.31999969482422,62.470001220703125,54700
2026-09-30 10:30:00-03:00,62.45000076293945,62.45000076293945,62.06999969482422,62.15999984741211,136900
2026-09-30 10:35:00-03:00,62.16999816894531,62.33000183105469,62.15999984741211,62.189998626708984,65200
2026-09-30 10:40:00-03:00,62.16999816894531,62.25,62.06999969482422,62.15999984741211,75500
2026-09-30 10:45:00-03:00,62.16999816894531,62.290000915527344,62.08000183105469,62.20000076293945,67400
2026-09-30 10:50:00-03:00,62.20000076293945,62.31999969482422,62.18000030517578,62.27000045776367,31300
2026-09-30 10:55:00-03:00,62.27000045776367,62.310001373291016,62.189998626708984,62.2400016784668,93100
2026-09-30 11:00:00-03:00,62.220001220703125,62.310001373291016,62.04999923706055,62.18000030517578,103600
2026-09-30 11:05:00-03:00,62.150001525878906,62.20000076293945,62.09000015258789,62.18000030517578,34300
2026-09-30 11:10:00-03:00,62.13999938964844,62.209999084472656,61.88999938964844,62.02000045776367,86400
2026-09-30 11:15:00-03:00,62.029998779296875,62.22999954223633,62.0099983215332,62.16999816894531,97600
2026-09-30 11:20:00-03:00,62.18000030517578,62.209999084472656,62.04999923706055,62.20000076293945,99900
2026-09-30 11:25:00-03:00,62.209999084472656,62.22999954223633,61.900001525878906,61.900001525878906,343900
2026-09-30 11:30:00-03:00,61.939998626708984,62.04999923706055,61.849998474121094,62.0,84400
2026-09-30 11:35:00-03:00,62.0,62.150001525878906,61.959999084472656,62.060001373291016,80100
2026-09-30 11:40:00-03:00,62.040000915527344,62.13999938964844,61.95000076293945,62.08000183105469,37900
2026-09-30 11:45:00-03:00,62.08000183105469,62.11000061035156,61.7400016784668,61.83000183105469,397900
2026-09-30 11:50:00-03:00,61.810001373291016,61.939998626708984,61.79999923706055,61.900001525878906,43000
2026-09-30 11:55:00-03:00,61.88999938964844,61.900001525878906,61.70000076293945,61.720001220703125,44900
2026-09-30 12:00:00-03:00,61.720001220703125,61.720001220703125,61.61000061035156,61.70000076293945,53700
2026-09-30 12:05:00-03:00,61.70000076293945,61.869998931884766,61.689998626708984,61.86000061035156,37700
2026-09-30 12:10:00-03:00,61.86000061035156,61.90999984741211,61.79999923706055,61.810001373291016,52300
2026-09-30 12:15:00-03:00,61.77000045776367,61.79999923706055,61.61000061035156,61.61000061035156,54300
2026-09-30 12:20:00-03:00,61.619998931884766,61.650001525878906,61.529998779296875,61.59000015258789,44700
2026-09-30 12:25:00-03:00,61.59000015258789,61.720001220703125,61.58000183105469,61.63999938964844,51200
2026-09-30 12:30:00-03:00,61.63999938964844,61.66999816894531,61.599998474121094,61.599998474121094,29000
2026-09-30 12:35:00-03:00,61.599998474121094,61.599998474121094,61.54999923706055,61.59000015258789,16800
2026-09-30 12:40:00-03:00,61.61000061035156,61.619998931884766,61.40999984741211,61.43000030517578,85600
2026-09-30 12:45:00-03:00,61.439998626708984,61.56999969482422,61.43000030517578,61.540000915527344,44800
2026-09-30 12:50:00-03:00,61.540000915527344,61.59000015258789,61.529998779296875,61.529998779296875,26700
2026-09-30 12:55:00-03:00,61.529998779296875,61.56999969482422,61.470001220703125,61.560001373291016,23100
2026-09-30 13:00:00-03:00,61.56999969482422,61.68000030517578,61.56999969482422,61.61000061035156,84700
2026-09-30 13:05:00-03:00,61.650001525878906,61.75,61.650001525878906,61.7400016784668,23800
2026-09-30 13:10:00-03:00,61.7400016784668,61.790000915527344,61.720001220703125,61.77000045776367,19800
2026-09-30 13:15:00-03:00,61.7599983215332,61.779998779296875,61.720001220703125,61.72999954223633,25100
2026-09-30 13:20:00-03:00,61.72999954223633,61.849998474121094,61.72999954223633,61.810001373291016,28900
2026-09-30 13:25:00-03:00,61.810001373291016,61.939998626708984,61.79999923706055,61.91999816894531,52700
2026-09-30 13:30:00-03:00,61.93000030517578,61.95000076293945,61.900001525878906,61.91999816894531,38800
2026-09-30 13:35:00-03:00,61.93000030517578,62.09000015258789,61.91999816894531,62.04999923706055,86200
2026-09-30 13:40:00-03:00,62.04999923706055,62.09000015258789,62.029998779296875,62.04999923706055,42800
2026-09-30 13:45:00-03:00,62.060001373291016,62.09000015258789,62.040000915527344,62.08000183105469,25100
2026-09-30 13:50:00-03:00,62.06999969482422,62.09000015258789,62.02000045776367,62.040000915527344,40600
2026-09-30 13:55:00-03:00,62.040000915527344,62.040000915527344,61.95000076293945,62.0099983215332,33700
2026-09-30 14:00:00-03:00,62.0099983215332,62.060001373291016,61.90999984741211,61.959999084472656,51200
2026-09-30 14:05:00-03:00,61.97999954223633,61.97999954223633,61.86000061035156,61.88999938964844,90000
2026-09-30 14:10:00-03:00,61.88999938964844,61.97999954223633,61.869998931884766,61.959999084472656,33700
2026-09-30 14:15:00-03:00,61.959999084472656,61.970001220703125,61.810001373291016,61.81999969482422,36900
2026-09-30 14:20:00-03:00,61.81999969482422,61.849998474121094,61.720001220703125,61.7599983215332,55900
2026-09-30 14:25:00-03:00,61.7599983215332,61.939998626708984,61.70000076293945,61.939998626708984,89700
2026-09-30 14:30:00-03:00,61.939998626708984,62.0,61.849998474121094,61.9900016784668,45200
2026-09-30 14:35:00-03:00,62.0,62.04999923706055,61.95000076293945,62.0,122100
2026-09-30 14:40:00-03:00,62.0,62.08000183105469,62.0,62.08000183105469,125600
2026-09-30 14:45:00-03:00,62.08000183105469,62.189998626708984,62.060001373291016,62.16999816894531,66800
2026-09-30 14:50:00-03:00,62.16999816894531,62.189998626708984,62.130001068115234,62.130001068115234,35800
2026-09-30 14:55:00-03:00,62.13999938964844,62.15999984741211,62.060001373291016,62.099998474121094,50500
2026-09-30 15:00:00-03:00,62.099998474121094,62.16999816894531,62.08000183105469,62.11000061035156,62200
2026-09-30 15:05:00-03:00,62.099998474121094,62.130001068115234,62.06999969482422,62.11000061035156,39100
2026-09-30 15:10:00-03:00,62.119998931884766,62.13999938964844,62.08000183105469,62.099998474121094,43000
2026-09-30 15:15:00-03:00,62.09000015258789,62.09000015258789,61.970001220703125,61.9900016784668,48400
2026-09-30 15:20:00-03:00,61.9900016784668,62.029998779296875,61.93000030517578,61.959999084472656,95800
2026-09-30 15:25:00-03:00,61.939998626708984,61.95000076293945,61.7599983215332,61.779998779296875,171700
2026-09-30 15:30:00-03:00,61.779998779296875,61.83000183105469,61.70000076293945,61.709999084472656,80800
2026-09-30 15:35:00-03:00,61.709999084472656,61.75,61.65999984741211,61.66999816894531,67100
2026-09-30 15:40:00-03:00,61.66999816894531,61.68000030517578,61.529998779296875,61.619998931884766,68300
2026-09-30 15:45:00-03:00,61.63999938964844,61.68000030517578,61.58000183105469,61.630001068115234,53800
2026-09-30 15:50:00-03:00,61.66999816894531,61.689998626708984,61.599998474121094,61.61000061035156,46200
2026-09-30 15:55:00-03:00,61.61000061035156,61.619998931884766,61.560001373291016,61.61000061035156,68200
2026-09-30 16:00:00-03:00,61.599998474121094,61.599998474121094,61.52000045776367,61.540000915527344,61600
2026-09-30 16:05:00-03:00,61.540000915527344,61.54999923706055,61.459999084472656,61.4900016784668,64100
2026-09-30 16:10:00-03:00,61.4900016784668,61.54999923706055,61.400001525878906,61.40999984741211,100100
2026-09-30 16:15:00-03:00,61.40999984741211,61.439998626708984,61.34000015258789,61.38999938964844,86900
2026-09-30 16:20:00-03:00,61.400001525878906,61.41999816894531,61.31999969482422,61.33000183105469,65800
2026-09-30 16:25:00-03:00,61.33000183105469,61.34000015258789,61.25,61.25,83800
2026-09-30 16:30:00-03:00,61.2599983215332,61.279998779296875,61.20000076293945,61.2599983215332,75300
2026-09-30 16:35:00-03:00,61.27000045776367,61.310001373291016,61.13999938964844,61.13999938964844,106100
2026-09-30 16:40:00-03:00,61.150001525878906,61.220001220703125,61.150001525878906,61.16999816894531,112500
2026-09-30 16:45:00-03:00,61.16999816894531,61.2400016784668,61.11000061035156,61.22999954223633,131700
2026-09-30 16:50:00-03:00,61.22999954223633,61.22999954223633,60.9900016784668,61.130001068115234,206800
2026-10-01 10:00:00-03:00,61.25,61.310001373291016,61.15999984741211,61.290000915527344,0
2026-10-01 10:05:00-03:00,61.290000915527344,61.65999984741211,61.2400016784668,61.560001373291016,134000
2026-10-01 10:10:00-03:00,61.54999923706055,61.630001068115234,61.31999969482422,61.4900016784668,66800
2026-10-01 10:15:00-03:00,61.47999954223633,61.66999816894531,61.41999816894531,61.63999938964844,76200
2026-10-01 10:20:00-03:00,61.599998474121094,61.630001068115234,61.5,61.5,21300
2026-10-01 10:25:00-03:00,61.5,61.619998931884766,61.45000076293945,61.470001220703125,51800
2026-10-01 10:30:00-03:00,61.45000076293945,61.459999084472656,61.16999816894531,61.220001220703125,104600
2026-10-01 10:35:00-03:00,61.209999084472656,61.45000076293945,61.119998931884766,61.349998474121094,74900
2026-10-01 10:40:00-03:00,61.34000015258789,61.7400016784668,61.31999969482422,61.66999816894531,111100
2026-10-01 10:45:00-03:00,61.66999816894531,61.81999969482422,61.66999816894531,61.790000915527344,92700
2026-10-01 10:50:00-03:00,61.779998779296875,62.11000061035156,61.77000045776367,61.9900016784668,102600
2026-10-01 10:55:00-03:00,62.0,62.040000915527344,61.84000015258789,61.880001068115234,181500
2026-10-01 11:00:00-03:00,61.869998931884766,61.880001068115234,61.599998474121094,61.63999938964844,75100
2026-10-01 11:05:00-03:00,61.63999938964844,61.63999938964844,61.52000045776367,61.59000015258789,39600
2026-10-01 11:10:00-03:00,61.599998474121094,61.619998931884766,61.5099983215332,61.56999969482422,37100
2026-10-01 11:15:00-03:00,61.56999969482422,61.81999969482422,61.56999969482422,61.75,58000
2026-10-01 11:20:00-03:00,61.77000045776367,61.91999816894531,61.77000045776367,61.849998474121094,27400
2026-10-01 11:25:00-03:00,61.849998474121094,61.91999816894531,61.7400016784668,61.779998779296875,59600
2026-10-01 11:30:00-03:00,61.790000915527344,61.88999938964844,61.70000076293945,61.77000045776367,40900
2026-10-01 11:35:00-03:00,61.7400016784668,61.75,61.68000030517578,61.7400016784668,17100
2026-10-01 11:40:00-03:00,61.75,61.810001373291016,61.66999816894531,61.75,22400
2026-10-01 11:45:00-03:00,61.77000045776367,61.790000915527344,61.630001068115234,61.70000076293945,20200
2026-10-01 11:50:00-03:00,61.689998626708984,61.77000045776367,61.650001525878906,61.720001220703125,28800
2026-10-01 11:55:00-03:00,61.72999954223633,61.84000015258789,61.630001068115234,61.7599983215332,71500
2026-10-01 12:00:00-03:00,61.7599983215332,61.81999969482422,61.709999084472656,61.81999969482422,34200
2026-10-01 12:05:00-03:00,61.79999923706055,61.810001373291016,61.65999984741211,61.689998626708984,17000
2026-10-01 12:10:00-03:00,61.70000076293945,61.77000045776367,61.66999816894531,61.70000076293945,17800
2026-10-01 12:15:00-03:00,61.70000076293945,61.97999954223633,61.689998626708984,61.900001525878906,48800
2026-10-01 12:20:00-03:00,61.900001525878906,61.95000076293945,61.810001373291016,61.95000076293945,26800
2026-10-01 12:25:00-03:00,61.939998626708984,62.040000915527344,61.90999984741211,62.029998779296875,56900
2026-10-01 12:30:00-03:00,62.029998779296875,62.029998779296875,61.90999984741211,61.91999816894531,18900
2026-10-01 12:35:00-03:00,61.95000076293945,61.970001220703125,61.880001068115234,61.95000076293945,20500
2026-10-01 12:40:00-03:00,61.95000076293945,62.08000183105469,61.95000076293945,61.95000076293945,30200
2026-10-01 12:45:00-03:00,61.959999084472656,62.09000015258789,61.95000076293945,62.06999969482422,37500
2026-10-01 12:50:00-03:00,62.060001373291016,62.119998931884766,62.040000915527344,62.08000183105469,37700
2026-10-01 12:55:00-03:00,62.06999969482422,62.16999816894531,62.06999969482422,62.11000061035156,32400
2026-10-01 13:00:00-03:00,62.099998474121094,62.150001525878906,62.02000045776367,62.08000183105469,19300
2026-10-01 13:05:00-03:00,62.060001373291016,62.13999938964844,62.04999923706055,62.04999923706055,18000
2026-10-01 13:10:00-03:00,62.040000915527344,62.119998931884766,61.97999954223633,62.099998474121094,84100
2026-10-01 13:15:00-03:00,62.11000061035156,62.18000030517578,62.029998779296875,62.029998779296875,29700
2026-10-01 13:20:00-03:00,62.040000915527344,62.18000030517578,62.040000915527344,62.18000030517578,26000
2026-10-01 13:25:00-03:00,62.18000030517578,62.25,62.13999938964844,62.15999984741211,110300
2026-10-01 13:30:00-03:00,62.15999984741211,62.16999816894531,62.11000061035156,62.13999938964844,12000
2026-10-01 13:35:00-03:00,62.150001525878906,62.150001525878906,62.0099983215332,62.0099983215332,46300
2026-10-01 13:40:00-03:00,62.0099983215332,62.09000015258789,61.97999954223633,62.02000045776367,16800
2026-10-01 13:45:00-03:00,62.02000045776367,62.060001373291016,62.0,62.02000045776367,18400
2026-10-01 13:50:00-03:00,62.02000045776367,62.029998779296875,61.93000030517578,61.93000030517578,29600
2026-10-01 13:55:00-03:00,61.91999816894531,61.939998626708984,61.880001068115234,61.88999938964844,14700
2026-10-01 14:00:00-03:00,61.88999938964844,61.88999938964844,61.810001373291016,61.880001068115234,13900
2026-10-01 14:05:00-03:00,61.880001068115234,61.88999938964844,61.84000015258789,61.849998474121094,11300
2026-10-01 14:10:00-03:00,61.84000015258789,61.90999984741211,61.83000183105469,61.86000061035156,14300
2026-10-01 14:15:00-03:00,61.869998931884766,61.939998626708984,61.86000061035156,61.90999984741211,10600
2026-10-01 14:20:00-03:00,61.91999816894531,61.9900016784668,61.900001525878906,61.959999084472656,21000
2026-10-01 14:25:00-03:00,61.97999954223633,62.040000915527344,61.97999954223633,61.9900016784668,20000
2026-10-01 14:30:00-03:00,61.9900016784668,62.0099983215332,61.81999969482422,61.88999938964844,37900
2026-10-01 14:35:00-03:00,61.880001068115234,62.0,61.880001068115234,61.93000030517578,28000
2026-10-01 14:40:00-03:00,61.939998626708984,61.95000076293945,61.88999938964844,61.88999938964844,13400
2026-10-01 14:45:00-03:00,61.90999984741211,61.95000076293945,61.880001068115234,61.88999938964844,11500
2026-10-01 14:50:00-03:00,61.880001068115234,61.880001068115234,61.599998474121094,61.7400016784668,102400
2026-10-01 14:55:00-03:00,61.75,62.04999923706055,61.75,61.959999084472656,143900
2026-10-01 15:00:00-03:00,61.959999084472656,61.959999084472656,61.7599983215332,61.779998779296875,54100
2026-10-01 15:05:00-03:00,61.779998779296875,61.79999923706055,61.5099983215332,61.540000915527344,72400
2026-10-01 15:10:00-03:00,61.540000915527344,61.650001525878906,61.5,61.61000061035156,126100
2026-10-01 15:15:00-03:00,61.61000061035156,61.61000061035156,61.45000076293945,61.459999084472656,69500
2026-10-01 15:20:00-03:00,61.459999084472656,61.459999084472656,61.29999923706055,61.38999938964844,57100
2026-10-01 15:25:00-03:00,61.380001068115234,61.5,61.36000061035156,61.459999084472656,47000
2026-10-01 15:30:00-03:00,61.459999084472656,61.54999923706055,61.41999816894531,61.41999816894531,58500
2026-10-01 15:35:00-03:00,61.40999984741211,61.5,61.40999984741211,61.47999954223633,55200
2026-10-01 15:40:00-03:00,61.47999954223633,61.47999954223633,61.34000015258789,61.34000015258789,58800
2026-10-01 15:45:00-03:00,61.33000183105469,61.54999923706055,61.310001373291016,61.52000045776367,55600
2026-10-01 15:50:00-03:00,61.52000045776367,61.59000015258789,61.5099983215332,61.59000015258789,49300
2026-10-01 15:55:00-03:00,61.58000183105469,61.75,61.58000183105469,61.689998626708984,82000
2026-10-01 16:00:00-03:00,61.70000076293945,61.70000076293945,61.439998626708984,61.45000076293945,66800
2026-10-01 16:05:00-03:00,61.459999084472656,61.47999954223633,61.400001525878906,61.439998626708984,44900
2026-10-01 16:10:00-03:00,61.439998626708984,61.56999969482422,61.43000030517578,61.56999969482422,79600
2026-10-01 16:15:00-03:00,61.560001373291016,61.56999969482422,61.5,61.5,47300
2026-10-01 16:20:00-03:00,61.5099983215332,61.540000915527344,61.43000030517578,61.459999084472656,44200
2026-10-01 16:25:00-03:00,61.459999084472656,61.47999954223633,61.400001525878906,61.459999084472656,40700
2026-10-01 16:30:00-03:00,61.470001220703125,61.61000061035156,61.439998626708984,61.5099983215332,63000
2026-10-01 16:35:00-03:00,61.529998779296875,61.59000015258789,61.5099983215332,61.529998779296875,72900
2026-10-01 16:40:00-03:00,61.5099983215332,61.54999923706055,61.439998626708984,61.45000076293945,77500
2026-10-01 16:45:00-03:00,61.45000076293945,61.61000061035156,61.45000076293945,61.54999923706055,52900
2026-10-01 16:50:00-03:00,61.54999923706055,61.599998474121094,61.38999938964844,61.459999084472656,149200
2026-10-02 10:00:00-03:00,61.2400016784668,61.2400016784668,60.599998474121094,60.720001220703125,0
2026-10-02 10:05:00-03:00,60.70000076293945,60.83000183105469,60.54999923706055,60.65999984741211,94100
2026-10-02 10:10:00-03:00,60.66999816894531,60.91999816894531,60.5099983215332,60.61000061035156,113000
2026-10-02 10:15:00-03:00,60.61000061035156,60.79999923706055,60.52000045776367,60.720001220703125,48900
2026-10-02 10:20:00-03:00,60.72999954223633,60.86000061035156,60.599998474121094,60.810001373291016,96300
2026-10-02 10:25:00-03:00,60.810001373291016,60.810001373291016,60.52000045776367,60.59000015258789,149400
2026-10-02 10:30:00-03:00,60.599998474121094,60.9900016784668,60.58000183105469,60.91999816894531,94000
2026-10-02 10:35:00-03:00,60.90999984741211,61.0,60.70000076293945,60.77000045776367,85500
2026-10-02 10:40:00-03:00,60.790000915527344,61.0,60.7599983215332,60.939998626708984,74300
2026-10-02 10:45:00-03:00,60.93000030517578,61.130001068115234,60.91999816894531,61.06999969482422,124400
2026-10-02 10:50:00-03:00,61.09000015258789,61.130001068115234,60.90999984741211,60.959999084472656,67300
2026-10-02 10:55:00-03:00,60.959999084472656,61.06999969482422,60.79999923706055,60.95000076293945,52800
2026-10-02 11:00:00-03:00,60.970001220703125,60.9900016784668,60.790000915527344,60.790000915527344,49200
2026-10-02 11:05:00-03:00,60.779998779296875,60.779998779296875,60.529998779296875,60.54999923706055,104000
2026-10-02 11:10:00-03:00,60.54999923706055,60.58000183105469,60.220001220703125,60.25,250300
2026-10-02 11:15:00-03:00,60.25,60.459999084472656,60.220001220703125,60.380001068115234,48500
2026-10-02 11:20:00-03:00,60.369998931884766,60.43000030517578,60.33000183105469,60.34000015258789,27800
2026-10-02 11:25:00-03:00,60.38999938964844,60.4900016784668,60.349998474121094,60.4900016784668,30500
2026-10-02 11:30:00-03:00,60.470001220703125,60.75,60.470001220703125,60.630001068115234,52300
2026-10-02 11:35:00-03:00,60.650001525878906,60.689998626708984,60.58000183105469,60.689998626708984,26200
2026-10-02 11:40:00-03:00,60.66999816894531,60.66999816894531,60.540000915527344,60.650001525878906,35100
2026-10-02 11:45:00-03:00,60.63999938964844,60.790000915527344,60.63999938964844,60.790000915527344,71000
2026-10-02 11:50:00-03:00,60.779998779296875,60.959999084472656,60.779998779296875,60.95000076293945,66600
2026-10-02 11:55:00-03:00,60.95000076293945,60.95000076293945,60.709999084472656,60.790000915527344,78600
2026-10-02 12:00:00-03:00,60.779998779296875,60.779998779296875,60.5,60.58000183105469,93000
2026-10-02 12:05:00-03:00,60.599998474121094,60.7400016784668,60.58000183105469,60.66999816894531,41500
2026-10-02 12:10:00-03:00,60.68000030517578,60.779998779296875,60.65999984741211,60.7400016784668,25200
2026-10-02 12:15:00-03:00,60.7400016784668,61.04999923706055,60.72999954223633,61.0099983215332,124300
2026-10-02 12:20:00-03:00,61.0,61.130001068115234,60.9900016784668,61.06999969482422,66800
2026-10-02 12:25:00-03:00,61.060001373291016,61.150001525878906,60.97999954223633,61.150001525878906,60300
2026-10-02 12:30:00-03:00,61.150001525878906,61.15999984741211,61.06999969482422,61.119998931884766,59500
2026-10-02 12:35:00-03:00,61.119998931884766,61.13999938964844,61.060001373291016,61.06999969482422,48300
2026-10-02 12:40:00-03:00,61.06999969482422,61.13999938964844,61.029998779296875,61.130001068115234,26000
2026-10-02 12:45:00-03:00,61.130001068115234,61.34000015258789,61.08000183105469,61.310001373291016,96900
2026-10-02 12:50:00-03:00,61.310001373291016,61.380001068115234,61.25,61.279998779296875,78500
2026-10-02 12:55:00-03:00,61.31999969482422,61.38999938964844,61.2400016784668,61.380001068115234,46800
2026-10-02 13:00:00-03:00,61.36000061035156,61.369998931884766,61.2400016784668,61.279998779296875,49100
2026-10-02 13:05:00-03:00,61.290000915527344,61.349998474121094,61.189998626708984,61.20000076293945,45000
2026-10-02 13:10:00-03:00,61.20000076293945,61.279998779296875,61.18000030517578,61.279998779296875,50800
2026-10-02 13:15:00-03:00,61.279998779296875,61.290000915527344,61.189998626708984,61.2400016784668,25200
2026-10-02 13:20:00-03:00,61.22999954223633,61.31999969482422,61.20000076293945,61.27000045776367,32400
2026-10-02 13:25:00-03:00,61.27000045776367,61.540000915527344,61.20000076293945,61.47999954223633,139000
2026-10-02 13:30:00-03:00,61.5,61.630001068115234,61.47999954223633,61.5,76600
2026-10-02 13:35:00-03:00,61.52000045776367,61.72999954223633,61.4900016784668,61.66999816894531,88700
2026-10-02 13:40:00-03:00,61.630001068115234,61.83000183105469,61.630001068115234,61.70000076293945,53800
2026-10-02 13:45:00-03:00,61.72999954223633,61.72999954223633,61.470001220703125,61.4900016784668,76200
2026-10-02 13:50:00-03:00,61.4900016784668,61.52000045776367,61.349998474121094,61.38999938964844,75400
2026-10-02 13:55:00-03:00,61.380001068115234,61.5099983215332,61.369998931884766,61.470001220703125,36200
2026-10-02 14:00:00-03:00,61.470001220703125,61.599998474121094,61.38999938964844,61.59000015258789,46400
2026-10-02 14:05:00-03:00,61.58000183105469,61.72999954223633,61.54999923706055,61.72999954223633,57400
2026-10-02 14:10:00-03:00,61.709999084472656,61.849998474121094,61.65999984741211,61.849998474121094,91800
2026-10-02 14:15:00-03:00,61.84000015258789,61.90999984741211,61.790000915527344,61.880001068115234,66700
2026-10-02 14:20:00-03:00,61.88999938964844,61.970001220703125,61.84000015258789,61.95000076293945,57500
2026-10-02 14:25:00-03:00,61.95000076293945,62.2400016784668,61.95000076293945,62.0099983215332,163100
2026-10-02 14:30:00-03:00,62.0099983215332,62.0099983215332,61.77000045776367,61.849998474121094,84200
2026-10-02 14:35:00-03:00,61.849998474121094,62.040000915527344,61.849998474121094,61.959999084472656,88700
2026-10-02 14:40:00-03:00,61.95000076293945,62.0099983215332,61.81999969482422,61.9900016784668,131400
2026-10-02 14:45:00-03:00,61.97999954223633,62.18000030517578,61.97999954223633,62.13999938964844,82500
2026-10-02 14:50:00-03:00,62.13999938964844,62.29999923706055,62.0099983215332,62.0099983215332,102600
2026-10-02 14:55:00-03:00,62.0099983215332,62.18000030517578,61.9900016784668,62.15999984741211,69400
2026-10-02 15:00:00-03:00,62.16999816894531,62.22999954223633,61.97999954223633,62.15999984741211,183700
2026-10-02 15:05:00-03:00,62.13999938964844,62.16999816894531,62.06999969482422,62.099998474121094,64500
2026-10-02 15:10:00-03:00,62.119998931884766,62.31999969482422,62.119998931884766,62.220001220703125,177100
2026-10-02 15:15:00-03:00,62.189998626708984,62.36000061035156,62.16999816894531,62.34000015258789,108100
2026-10-02 15:20:00-03:00,62.34000015258789,62.36000061035156,62.27000045776367,62.36000061035156,74200
2026-10-02 15:25:00-03:00,62.36000061035156,62.5,62.18000030517578,62.220001220703125,93800
2026-10-02 15:30:00-03:00,62.22999954223633,62.380001068115234,62.22999954223633,62.34000015258789,50700
2026-10-02 15:35:00-03:00,62.33000183105469,62.459999084472656,62.33000183105469,62.349998474121094,86600
2026-10-02 15:40:00-03:00,62.33000183105469,62.33000183105469,62.25,62.25,78500
2026-10-02 15:45:00-03:00,62.2599983215332,62.5,62.2599983215332,62.41999816894531,83900
2026-10-02 15:50:00-03:00,62.400001525878906,62.77000045776367,62.400001525878906,62.630001068115234,205200
2026-10-02 15:55:00-03:00,62.63999938964844,62.720001220703125,62.529998779296875,62.54999923706055,66800
2026-10-02 16:00:00-03:00,62.56999969482422,62.59000015258789,62.470001220703125,62.560001373291016,48400
2026-10-02 16:05:00-03:00,62.56999969482422,62.61000061035156,62.4900016784668,62.56999969482422,47700
2026-10-02 16:10:00-03:00,62.58000183105469,62.650001525878906,62.540000915527344,62.63999938964844,74100
2026-10-02 16:15:00-03:00,62.630001068115234,62.849998474121094,62.630001068115234,62.810001373291016,115100
2026-10-02 16:20:00-03:00,62.810001373291016,62.900001525878906,62.72999954223633,62.77000045776367,97900
2026-10-02 16:25:00-03:00,62.77000045776367,62.91999816894531,62.77000045776367,62.790000915527344,431200
2026-10-02 16:30:00-03:00,62.79999923706055,63.0,62.779998779296875,62.939998626708984,129700
2026-10-02 16:35:00-03:00,62.93000030517578,63.16999816894531,62.849998474121094,62.939998626708984,147900
2026-10-02 16:40:00-03:00,62.939998626708984,63.04999923706055,62.939998626708984,62.959999084472656,66000
2026-10-02 16:45:00-03:00,62.959999084472656,63.2599983215332,62.959999084472656,63.20000076293945,129200
2026-10-02 16:50:00-03:00,63.209999084472656,63.290000915527344,63.040000915527344,63.040000915527344,199200
